BUY 67 19818 20667
BUY 17 4283 23117
BUY 96 10176 12496
BUY 66 1056 13866
BUY 36 12108 7836
BUY 66 14798 2466
BUY 21 3284 13821
BUY 15 12567 6615
BUY 82 12378 7482
BUY 17 19818 4717
BUY 42 3863 242
BUY 49 16560 549
BUY 59 7841 8059
BUY 84 11369 9684
BUY 46 9473 10046
BUY 48 13709 4048
BUY 39 497 739
BUY 36 19349 19936
BUY 92 8045 17892
BUY 81 8287 1681
BUY 2 7148 3202
BUY 65 10434 20365
BUY 16 12379 9316
BUY 98 13587 22798
BUY 16 18396 25116
BUY 55 10239 15055
BUY 73 5395 22873
BUY 17 5956 24317
BUY 64 4123 1264
BUY 10 12738 210
BUY 7 17272 12707
BUY 70 4613 3070
BUY 50 12643 11850
BUY 16 13772 22216
BUY 77 9442 12977
BUY 33 6936 1133
BUY 68 15053 8368
BUY 12 7139 16712
BUY 2 19602 2002
BUY 15 6646 12415
BUY 26 13074 15926
BUY 57 12272 10157
BUY 40 16709 8340
BUY 42 19024 22542
BUY 71 8566 24771
BUY 93 10349 1593
BUY 74 13567 5374
BUY 39 4838 15839
BUY 28 15310 25528
BUY 96 18046 796
BUY 26 19882 9126
BUY 9 287 22509
BUY 24 12868 22824
BUY 40 18881 23440
BUY 5 13015 15705
BUY 50 11967 7050
BUY 29 16839 23829
BUY 94 14028 21694
BUY 7 15455 21007
BUY 9 19493 7809
BUY 21 18681 21521
BUY 96 19291 24096
BUY 71 2959 14271
BUY 12 10409 2012
BUY 68 6769 3768
BUY 2 4458 22502
BUY 69 2403 10869
BUY 90 16308 11990
BUY 48 8926 18348
BUY 43 1033 25943
BUY 34 4019 18134
BUY 21 17810 14621
BUY 8 4454 11208
BUY 22 2521 2522
BUY 62 4613 9462
BUY 10 5717 25510
BUY 40 12515 15140
BUY 11 2308 9911
BUY 46 18477 9146
BUY 47 5064 13147
BUY 20 11116 17620
BUY 3 10581 11203
BUY 43 15759 19743
BUY 36 17627 3536
BUY 27 12710 7727
BUY 92 7734 17492
BUY 2 7035 16702
BUY 65 14890 365
BUY 40 7884 18440
BUY 1 14848 18401
BUY 32 8414 11432
BUY 21 4502 21621
BUY 29 8346 12929
BUY 58 16878 8758
BUY 99 14519 21599
BUY 86 3440 24786
BUY 76 13998 6576
BUY 18 4969 7318
BUY 5 4371 18705
BUY 5 8346 305
BUY 28 9512 22028
BUY 84 16121 384
BUY 94 11081 10794
BUY 16 4668 21216
BUY 12 18482 6312
BUY 82 11845 17882
BUY 35 9542 21735
BUY 98 14086 15798
BUY 96 16717 20796
BUY 74 17344 6874
BUY 79 16984 18579
BUY 15 2342 18315
BUY 10 1940 25910
BUY 13 4300 20013
BUY 13 255 19413
BUY 7 3888 307
BUY 73 13980 15473
BUY 13 1127 12513
BUY 63 19736 263
BUY 80 17541 25180
BUY 73 8163 6873
BUY 97 439 25297
BUY 18 6876 9018
BUY 84 906 10984
BUY 35 8448 7835
BUY 97 4548 22597
BUY 4 11992 20204
BUY 31 8552 11131
BUY 0 15781 10300
BUY 84 19239 7084
BUY 3 9955 9203
BUY 40 14104 6340
BUY 97 16127 13497
BUY 92 6023 13892
BUY 53 5687 22653
BUY 24 13522 24524
BUY 47 15882 3347
BUY 3 3209 23103
BUY 69 9103 16769
BUY 43 14873 5643
BUY 39 17890 24839
BUY 19 16320 1219
BUY 39 11482 6239
BUY 24 11666 10224
BUY 65 9785 7365
BUY 13 1866 22913
BUY 55 16106 8255
BUY 76 11081 12076
BUY 32 15500 20232
BUY 34 4563 19434
BUY 18 2816 3718
BUY 26 9497 21926
BUY 30 8826 2230
BUY 46 392 11246
BUY 31 8552 8831
BUY 86 1495 23786
BUY 6 8312 6106
BUY 87 13736 4487
BUY 34 15560 18934
BUY 38 9490 16138
BUY 72 5398 24672
BUY 85 17916 21385
BUY 71 19977 21271
BUY 41 2442 2741
BUY 92 18184 1792
BUY 28 15087 18228
BUY 5 16552 10705
BUY 24 4719 10624
BUY 28 2583 10828
BUY 70 17293 3570
BUY 10 18785 12710
BUY 13 2342 513
BUY 47 14070 6347
BUY 92 10707 12592
BUY 42 15245 8442
BUY 21 16717 7621
BUY 10 9829 1510
BUY 13 14811 20513
BUY 34 1847 11034
BUY 4 17246 10304
BUY 21 12251 9321
BUY 47 830 8747
BUY 49 8803 7949
BUY 98 11229 21198
BUY 68 18562 3368
BUY 69 13893 25569
BUY 73 15244 3973
BUY 40 10062 22440
BUY 27 4729 6327
BUY 94 12954 3194
BUY 69 4015 22169
BUY 52 7914 8352
BUY 23 8874 6823
BUY 1 13787 3201
BUY 98 17884 18698
BUY 61 16494 6661
BUY 22 6862 20022
BUY 32 11628 23732
BUY 48 127 15748
BUY 65 5725 2765
BUY 96 16626 21796
BUY 76 19789 13376
BUY 38 18208 24338
BUY 60 2572 20060
BUY 89 16997 7689
BUY 19 17737 24019
BUY 11 6061 10311
BUY 43 1229 3143
BUY 15 8105 815
BUY 17 6766 25817
BUY 56 16006 24056
BUY 69 18571 11769
BUY 97 11071 10997
BUY 84 2218 22984
BUY 78 17814 22678
BUY 43 10994 21843
BUY 40 4738 21540
BUY 84 11391 9484
BUY 45 8718 22645
BUY 16 6893 25816
BUY 90 19621 16690
BUY 66 18046 10766
BUY 98 2066 8098
BUY 22 2342 16822
BUY 25 18088 23025
BUY 85 10253 21685
BUY 42 3226 3242
BUY 33 7801 16033
BUY 81 119 24681
BUY 73 2693 20473
BUY 9 9611 20709
BUY 84 19509 7884
BUY 70 15265 7670
BUY 74 12773 2174
BUY 4 7437 12104
BUY 92 2803 7392
BUY 96 13908 25296
BUY 99 13962 19699
BUY 97 65 3697
BUY 36 8832 20536
BUY 73 19723 24373
BUY 27 8299 14427
BUY 86 14307 18486
BUY 25 12781 10625
BUY 41 11992 6741
BUY 33 13426 2033
BUY 53 10821 12053
BUY 31 6472 11731
BUY 88 16992 15288
BUY 32 10970 21232
BUY 19 11316 10419
BUY 67 12573 18867
BUY 98 14086 6398
BUY 37 8045 9937
BUY 98 14115 6898
BUY 48 4357 10848
BUY 42 5780 20442
BUY 76 13448 6476
BUY 4 13117 25704
BUY 55 2693 10655
BUY 35 9706 19135
BUY 85 19882 14285
BUY 25 18131 6225
BUY 86 19452 7886
BUY 11 11244 21711
BUY 42 13953 16942
BUY 1 9576 9901
BUY 79 14909 3179
BUY 22 9929 21022
BUY 56 11421 15756
BUY 44 4401 23344
BUY 90 7301 17990
BUY 15 4147 2015
BUY 71 155 5671
BUY 31 14320 22131
BUY 5 11851 4705
BUY 85 15397 13185
BUY 5 7914 4205
BUY 2 7139 3002
BUY 74 5055 2574
BUY 8 2349 19908
BUY 9 14092 13309
BUY 35 19906 10635
BUY 19 9743 3919
BUY 93 17540 20993
BUY 88 16509 24488
BUY 6 13596 16806
BUY 32 11179 14432
BUY 92 15406 17092
BUY 62 6414 20062
BUY 66 4711 5066
BUY 38 2373 13538
BUY 99 2184 20399
BUY 84 12773 2584
BUY 83 11223 6983
BUY 22 18375 17522
BUY 10 6353 23010
BUY 64 17535 2764
BUY 66 9103 15066
BUY 13 9671 11313
BUY 66 12039 21066
BUY 68 9986 20368
BUY 43 7027 21043
BUY 45 11985 16945
BUY 93 19817 22593
BUY 0 15189 25700
BUY 81 6595 9281
BUY 56 1996 8256
BUY 14 18571 14314
BUY 49 3629 8849
BUY 36 10909 1936
BUY 70 5050 21170
BUY 22 15250 13022
BUY 91 7604 15391
BUY 56 15265 10056
BUY 1 3743 14501
BUY 68 14588 21968
BUY 46 7618 946
BUY 64 12558 2164
BUY 73 755 13573
BUY 15 13697 1215
BUY 26 10132 23926
BUY 94 8105 12194
BUY 99 3678 25499
BUY 67 5944 2267
BUY 95 2892 3895
BUY 78 2245 1878
BUY 15 5362 23415
BUY 25 18242 4625
BUY 63 16224 1163
BUY 77 8252 5877
BUY 65 2868 11165
BUY 61 13479 11361
BUY 24 5173 8024
BUY 1 18865 23901
BUY 75 13596 18975
BUY 1 8216 17801
BUY 36 7989 17636
BUY 26 8222 16826
BUY 40 14934 15440
BUY 47 8662 2947
BUY 15 17249 23515
BUY 56 14501 4556
BUY 92 15029 11692
BUY 16 19656 11416
BUY 18 122 5618
BUY 37 15397 13737
BUY 75 13760 12775
BUY 40 6406 16640
BUY 43 6443 20443
BUY 24 8817 924
BUY 24 1116 8224
BUY 56 7139 14956
BUY 45 10076 645
BUY 9 4276 1709
BUY 37 2803 10137
BUY 74 7614 5674
BUY 12 2933 5012
BUY 27 6823 3627
BUY 86 17791 25786
BUY 0 13800 6300
BUY 38 16419 14138
BUY 45 19716 20445
BUY 38 7841 10538
BUY 51 17964 12751
BUY 19 19508 8619
BUY 92 17984 19092
BUY 94 13627 22194
BUY 38 622 17438
BUY 24 17246 3124
BUY 12 10553 7012
BUY 19 16120 24719
BUY 23 8518 9023
BUY 64 13185 16664
BUY 17 6366 11817
BUY 41 14182 6641
BUY 1 9315 6501
BUY 69 16928 5069
BUY 10 11343 4010
BUY 35 2172 18535
BUY 64 18533 2964
BUY 44 11258 10344
BUY 67 12193 21067
BUY 95 14291 5995
BUY 97 10931 15397
BUY 40 2133 25640
BUY 36 127 9536
BUY 46 17928 22646
BUY 14 3867 13214
BUY 52 621 9452
BUY 2 2438 19902
BUY 87 6279 19587
BUY 6 9400 19406
BUY 70 8105 3670
BUY 89 8629 18489
BUY 95 3598 12095
BUY 94 9950 23894
BUY 35 17884 2835
BUY 35 19530 5535
BUY 96 11400 10096
BUY 71 12588 16671
BUY 60 3046 13860
BUY 65 958 24065
BUY 58 10363 4158
BUY 47 12223 15347
BUY 36 6478 12236
BUY 28 16638 24528
BUY 83 14114 6183
BUY 8 5680 23508
BUY 46 3018 13846
BUY 5 17452 25105
BUY 97 10518 23297
BUY 68 19317 23968
BUY 35 6299 23035
BUY 23 11181 5223
BUY 52 19423 4352
BUY 70 63 1470
BUY 49 1649 17749
BUY 76 8132 18476
BUY 77 9702 23977
BUY 32 6718 11632
BUY 2 19598 8202
BUY 34 3046 4534
BUY 11 19530 13211
BUY 77 14763 177
BUY 18 3241 718
BUY 80 13520 5380
BUY 72 8952 12972
BUY 6 15348 21006
BUY 81 9997 14181
BUY 26 19656 5326
BUY 67 4319 767
BUY 26 9280 25926
BUY 94 19603 25694
BUY 53 898 9653
BUY 19 5272 21319
BUY 62 16296 12362
BUY 35 12963 1635
BUY 68 16802 7268
BUY 47 9839 23247
BUY 61 5804 14361
BUY 42 18223 11442
BUY 18 19882 8218
BUY 69 16494 16469
BUY 45 1110 21945
BUY 95 4950 3395
BUY 62 55 2562
BUY 70 8383 5770
BUY 32 5830 22032
BUY 77 19631 22777
BUY 70 8510 20870
BUY 55 10286 5855
BUY 35 1359 22035
BUY 43 11484 6043
BUY 58 14773 9758
BUY 75 6936 3275
BUY 42 12603 9842
BUY 6 7511 3306
BUY 1 9014 4801
BUY 3 10659 2703
BUY 66 13015 1666
BUY 59 14277 24859
BUY 90 12542 9790
BUY 46 12710 7246
BUY 84 14915 20684
BUY 88 11985 20088
BUY 4 15029 12204
BUY 65 14076 3765
BUY 76 13973 24076
BUY 73 7911 19173
BUY 24 6373 7824
BUY 54 14877 16754
BUY 58 13005 12858
BUY 40 12898 20540
BUY 13 8065 23313
BUY 21 6472 20121
BUY 10 1104 3910
BUY 53 16840 15153
BUY 47 5255 1047
BUY 42 15250 14742
BUY 66 15822 18566
BUY 16 127 17316
BUY 70 10349 3470
BUY 58 11048 20358
BUY 51 18064 23151
BUY 89 18959 10889
BUY 1 8252 4701
BUY 73 69 20873
BUY 81 6818 981
BUY 26 16309 3626
BUY 48 17275 20048
BUY 42 6289 24042
BUY 4 14650 19904
BUY 26 7241 8426
BUY 12 6470 6212
BUY 88 1643 1088
BUY 47 1978 1447
BUY 30 706 23030
BUY 48 17060 1048
BUY 84 7139 18484
BUY 94 9986 12294
BUY 87 8383 2487
BUY 19 11548 17019
BUY 85 2953 1785
BUY 66 972 12966
BUY 18 18407 14918
BUY 89 11992 15389
BUY 29 16762 4829
BUY 12 18584 18212
BUY 13 16078 13313
BUY 23 14657 4423
BUY 95 8346 795
BUY 79 19064 17279
BUY 37 1217 16337
BUY 50 19812 24950
BUY 45 4454 5045
BUY 52 2491 4852
BUY 40 7437 9640
BUY 84 526 25484
BUY 72 7734 5272
BUY 33 19764 16333
BUY 41 19804 7741
BUY 78 16088 6578
BUY 2 14773 13102
BUY 87 797 12787
BUY 56 19198 21856
BUY 20 5609 9720
BUY 43 1627 4043
BUY 69 8598 2269
BUY 11 1996 8311
BUY 79 12541 4979
BUY 68 9103 2968
BUY 52 16234 3552
BUY 52 4745 14252
BUY 24 12431 5924
BUY 45 18959 20045
BUY 71 3891 22771
BUY 78 16552 5678
BUY 95 1643 15495
BUY 53 2087 10353
BUY 14 2610 10814
BUY 23 6312 1423
BUY 59 6373 18859
BUY 52 4331 2652
BUY 5 19804 19905
BUY 23 926 7923
BUY 93 8095 25293
BUY 6 11926 24806
BUY 25 11609 22625
BUY 47 10089 16447
BUY 51 15815 6751
BUY 89 17275 6589
BUY 24 14802 16924
BUY 80 19706 24480
BUY 29 8598 16929
BUY 70 12207 25970
BUY 91 221 9291
BUY 74 4059 74
BUY 25 15069 6725
BUY 13 12826 2213
BUY 75 5947 19175
BUY 51 18046 18851
BUY 92 4197 8292
BUY 97 17887 22397
BUY 85 2095 3485
BUY 90 18322 21090
BUY 34 14657 6034
BUY 51 8418 22851
BUY 94 18413 19294
BUY 44 19251 5844
BUY 65 6142 8065
BUY 67 12113 20067
BUY 33 7884 11933
BUY 36 5533 13536
BUY 29 18998 18429
BUY 79 12841 25679
BUY 21 5296 4421
BUY 29 8896 24729
BUY 87 9927 25587
BUY 4 15689 7204
BUY 15 13009 14515
BUY 40 19644 20140
BUY 86 13765 8286
BUY 15 2149 15515
BUY 2 16379 25902
BUY 37 5348 12137
BUY 29 18048 19629
BUY 45 12637 7745
BUY 92 12253 23592
BUY 6 7741 23306
BUY 57 3882 11657
BUY 80 4433 9180
BUY 2 3742 21102
BUY 87 8518 2387
BUY 66 14923 20066
BUY 91 10836 24091
BUY 10 5476 25110
BUY 63 17467 4563
BUY 17 16984 18817
BUY 22 14024 222
BUY 56 11037 7056
BUY 6 17149 17206
BUY 74 11258 20574
BUY 92 7884 7092
BUY 2 1490 24902
BUY 77 13468 20977
BUY 72 155 10272
BUY 99 7484 23899
BUY 49 16032 13149
BUY 23 8552 5823
BUY 39 2623 25039
BUY 56 15704 23456
BUY 32 18368 1532
BUY 70 15617 11970
BUY 19 16224 20519
BUY 36 15307 22036
BUY 84 16078 6384
BUY 10 8878 3210
BUY 34 1116 17734
BUY 84 11004 18984
BUY 80 10972 1780
BUY 22 19201 12722
BUY 70 11118 17870
BUY 37 1594 23337
BUY 56 16694 16356
BUY 41 13207 14841
BUY 41 4357 8341
BUY 50 15419 17650
BUY 78 14225 10778
BUY 22 17586 22922
BUY 54 1523 21054
BUY 98 10286 7598
BUY 27 8287 1127
BUY 26 5392 13926
BUY 49 13736 6049
BUY 52 1943 3152
BUY 20 19789 1320
BUY 35 13760 1135
BUY 3 830 3003
BUY 39 4999 7939
BUY 63 6744 3463
BUY 19 19530 18619
BUY 46 6689 3346
BUY 58 2520 21758
BUY 11 7754 9711
BUY 10 9176 17110
BUY 12 12571 24012
BUY 18 17115 918
BUY 62 11256 23962
BUY 27 9576 3327
BUY 78 12542 578
BUY 35 4969 19835
BUY 64 18268 21164
BUY 90 18584 3790
BUY 30 15250 5030
BUY 26 9262 14026
BUY 44 15146 21444
BUY 67 6443 9967
BUY 76 13960 11176
BUY 45 11316 20745
BUY 93 7738 18693
BUY 57 797 6057
BUY 44 5297 22244
BUY 60 507 24360
BUY 83 12963 9183
BUY 79 11285 20879
BUY 12 18968 3912
BUY 31 14733 4731
BUY 11 9352 16111
BUY 66 19245 16066
BUY 11 3695 23411
BUY 56 14926 9656
BUY 63 9602 14963
BUY 94 13735 4394
BUY 7 14773 5107
BUY 6 13930 16206
BUY 27 11992 16527
BUY 43 3071 17043
BUY 18 19464 22118
BUY 1 4019 11501
BUY 4 8369 24504
BUY 11 19866 1011
BUY 89 13207 7589
BUY 11 4883 22211
BUY 14 6314 18014
BUY 44 12044 6344
BUY 15 13367 15
BUY 31 7241 16831
BUY 31 5075 16731
BUY 60 15556 12560
BUY 38 10286 4638
BUY 2 14877 6002
BUY 49 17486 21549
BUY 42 17404 3642
BUY 82 2826 9582
BUY 49 1646 16549
BUY 71 6472 18271
BUY 5 377 8105
BUY 17 19988 24117
BUY 98 11380 8998
BUY 57 9955 6657
BUY 9 624 22009
BUY 33 16401 11733
BUY 85 3776 24585
BUY 56 15053 2256
BUY 72 15711 7772
BUY 85 1627 6385
BUY 91 5775 5091
BUY 53 543 25853
BUY 73 1644 19973
BUY 76 12044 16876
BUY 97 4969 12697
BUY 17 261 1017
BUY 87 12562 5087
BUY 39 11048 15339
BUY 49 14307 9949
BUY 20 755 8920
BUY 55 19804 19555
BUY 8 8832 13908
BUY 62 1978 13662
BUY 66 8383 8266
BUY 54 13009 20654
BUY 3 2331 23803
BUY 88 2204 2488
BUY 0 13491 23300
BUY 79 1127 79
BUY 10 3379 6610
BUY 89 6375 9489
BUY 91 13834 18291
BUY 30 2342 20030
BUY 73 3743 6073
BUY 78 17954 24278
BUY 92 13409 19492
BUY 90 17675 9390
BUY 86 2541 22786
BUY 12 8052 4112
BUY 88 926 2388
BUY 80 14243 22580
BUY 94 17115 6794
BUY 38 14326 15238
BUY 15 4454 13215
BUY 5 11310 23505
BUY 52 6823 10152
BUY 96 438 22896
BUY 33 19479 17733
BUY 5 6823 17905
BUY 25 10774 5425
BUY 99 9442 3699
BUY 52 10409 4752
BUY 74 9706 17574
BUY 99 4521 21999
BUY 79 8874 18079
BUY 92 156 19292
BUY 88 2442 3988
BUY 37 14626 5637
BUY 2 13409 3102
BUY 53 8602 20953
BUY 29 2373 11229
BUY 97 12769 7397
BUY 47 5944 13847
BUY 79 4904 7079
BUY 69 11978 25169
BUY 74 17145 16474
BUY 29 17275 1829
BUY 23 17314 15423
BUY 68 14626 19068
BUY 31 16568 14531
BUY 22 7841 14822
BUY 8 6632 11508
BUY 67 11400 1167
BUY 76 7365 21576
BUY 52 9969 3052
BUY 83 11985 14583
BUY 2 3505 5002
BUY 94 7421 24494
BUY 7 6007 10507
BUY 65 19509 5065
BUY 70 11851 14570
BUY 11 13697 9311
BUY 73 10336 5073
BUY 73 19894 3073
BUY 89 18038 22189
BUY 55 17341 6355
BUY 5 1487 12805
BUY 83 11037 4583
BUY 12 3001 14712
BUY 36 7177 6136
BUY 83 11540 10783
BUY 97 10335 20897
BUY 91 17116 21291
BUY 13 1536 15813
BUY 11 2778 12411
BUY 12 13563 9912
BUY 66 321 24866
BUY 82 4060 12582
BUY 52 10089 2152
BUY 29 7237 25929
BUY 82 12954 15182
BUY 94 12954 15994
BUY 4 1644 13004
BUY 77 8475 25177
BUY 76 17448 15876
BUY 22 3121 3522
BUY 73 1360 24673
BUY 88 4763 25488
BUY 6 17964 8806
BUY 77 2586 5777
BUY 76 19530 5676
BUY 80 15867 19280
BUY 31 8552 331
BUY 24 8190 22424
BUY 14 13980 1414
BUY 94 12050 20294
BUY 4 13567 5804
BUY 87 7911 20187
BUY 10 14420 23110
BUY 11 12879 2211
BUY 27 16802 6627
BUY 9 9014 3909
BUY 14 12903 3314
BUY 28 8826 14528
BUY 86 12697 12386
BUY 54 4999 15354
BUY 4 15115 4404
BUY 1 13170 2401
BUY 73 7094 10973
BUY 16 11912 3816
BUY 41 5935 11941
BUY 77 5510 10477
BUY 47 7801 7647
BUY 62 19436 7462
BUY 68 18444 16468
BUY 6 13746 22306
BUY 5 11071 8205
BUY 60 18533 10760
BUY 28 11548 8428
BUY 22 8819 25922
BUY 83 14006 12383
BUY 30 755 8730
BUY 84 8584 17984
BUY 90 5459 5790
BUY 15 15781 1015
BUY 6 4229 3906
BUY 95 13429 20895
BUY 43 19764 14543
BUY 78 12591 4278
BUY 32 711 25032
BUY 85 7989 785
BUY 75 12697 17075
BUY 98 17272 12198
BUY 40 16028 5140
BUY 99 4031 16399
BUY 21 1037 22621
BUY 85 15087 4385
BUY 19 7453 21019
BUY 77 5860 25377
BUY 61 13980 5261
BUY 45 16139 19645
BUY 51 18431 16051
BUY 15 19828 18615
BUY 49 14657 17149
BUY 54 4687 13954
BUY 55 19197 24555
BUY 84 5918 84
BUY 21 6373 8121
BUY 76 255 19676
BUY 79 4331 2879
BUY 4 2400 404
BUY 32 7094 16732
BUY 17 14626 14217
BUY 76 5657 13576
BUY 49 1547 21349
BUY 25 2245 4725
BUY 38 3466 17338
BUY 4 9473 4204
BUY 13 12765 20813
BUY 95 14092 7995
BUY 61 9014 13561
BUY 28 12204 22128
BUY 49 2379 21249
BUY 20 2028 1020
BUY 64 15652 164
BUY 99 16762 9699
BUY 60 12541 7660
BUY 5 255 3805
BUY 52 5338 12252
BUY 71 13553 18371
BUY 62 5798 20462
BUY 11 6406 4911
BUY 56 1557 19356
BUY 77 9602 10377
BUY 36 15778 5436
BUY 77 457 5277
BUY 8 2693 17208
BUY 65 12954 165
BUY 80 18482 15580
BUY 69 10844 1969
BUY 68 16008 10868
BUY 37 17314 16137
BUY 18 4450 25918
BUY 48 7991 25848
BUY 66 19681 17066
BUY 53 12679 15053
BUY 92 8832 14192
BUY 27 8088 8227
BUY 44 16073 23244
BUY 54 11369 12354
BUY 17 11796 15517
BUY 14 1996 14
BUY 71 15476 25271
BUY 1 3916 6101
BUY 82 7478 3082
BUY 26 13948 4326
BUY 31 2501 19631
BUY 18 14877 8418
BUY 12 16200 3712
BUY 35 12119 25335
BUY 59 8182 5959
BUY 49 17728 5149
BUY 79 8697 14379
BUY 76 9292 24576
BUY 31 12347 17831
BUY 40 18160 19940
BUY 1 19894 20401
BUY 91 8598 19191
BUY 84 5780 1684
BUY 17 4286 13717
BUY 57 13479 1057
BUY 21 3241 2921
BUY 27 13330 25227
BUY 63 18074 163
BUY 63 19828 11363
BUY 46 14997 21746
BUY 44 8518 17644
BUY 39 1943 13139
BUY 33 14271 2133
BUY 11 122 17911
BUY 65 4454 4765
BUY 61 14131 22761
BUY 47 17069 14247
BUY 25 6142 10525
BUY 49 14585 20149
BUY 1 867 6701
BUY 96 14006 1796
BUY 60 5804 8160
BUY 10 12697 13710
BUY 29 7400 15529
BUY 62 4059 4562
BUY 5 4513 22605
BUY 83 13115 18483
BUY 14 16280 12914
BUY 7 10227 9607
BUY 41 17115 941
BUY 60 17802 17360
BUY 10 2095 2810
BUY 59 11851 20759
BUY 42 8584 13042
BUY 45 11772 15245
BUY 78 11116 2778
BUY 87 12378 1687
BUY 74 12378 10574
BUY 78 4197 6378
BUY 67 17727 14867
BUY 80 15785 10780
BUY 33 5815 20333
BUY 54 8803 3854
BUY 60 11179 12160
BUY 22 16633 3422
BUY 96 2564 18696
BUY 36 17563 1236
BUY 40 10646 7940
BUY 19 14077 25619
BUY 82 4563 782
BUY 86 12379 15486
BUY 6 19509 1206
BUY 94 85 24294
BUY 49 16127 649
BUY 20 11391 8720
BUY 96 13563 2096
BUY 36 19653 11036
BUY 47 19932 7847
BUY 38 6980 6238
BUY 94 2382 6094
BUY 25 5703 23525
BUY 20 1450 21420
BUY 98 16717 1698
BUY 44 62 20944
BUY 59 11484 459
BUY 44 15397 4544
BUY 94 12963 6694
BUY 53 2438 9153
BUY 36 6769 16536
BUY 9 19795 15909
BUY 26 19712 23626
BUY 13 8677 24113
BUY 65 14092 13765
BUY 68 18600 8768
BUY 83 5392 3983
BUY 12 17344 6912
BUY 51 835 24851
BUY 36 18105 15136
BUY 70 18864 19870
BUY 76 2288 5576
BUY 47 14353 8847
BUY 92 19245 9492
BUY 4 15132 24404
BUY 86 17272 17086
BUY 27 18439 22327
BUY 41 6456 23341
BUY 89 3379 5989
BUY 5 1943 13905
BUY 36 5238 10436
BUY 55 8552 4655
BUY 21 3984 24321
BUY 65 4580 21665
BUY 87 2826 8187
BUY 11 17501 25111
BUY 22 14915 15122
BUY 53 16273 22053
BUY 46 14749 23546
BUY 80 621 3580
BUY 26 10176 2126
BUY 88 9507 24288
BUY 82 14150 22882
BUY 58 9014 3158
BUY 66 1606 15266
BUY 37 17363 21237
BUY 54 17390 25254
BUY 77 19887 16577
BUY 76 12531 6976
BUY 33 4838 333
BUY 88 18059 15188
BUY 97 4568 14497
BUY 27 8762 6927
BUY 64 8346 6764
BUY 67 15958 22567
BUY 32 7396 20132
BUY 19 5137 3219
BUY 16 934 16616
BUY 19 16200 10719
BUY 24 12963 7224
BUY 36 7811 17436
BUY 3 6591 25703
BUY 38 16121 7738
BUY 80 18444 2280
BUY 86 7852 16886
BUY 60 1217 4360
BUY 63 14104 5863
BUY 87 1104 17487
BUY 88 13960 14688
BUY 29 3328 25129
BUY 97 4506 21497
BUY 40 18785 640
BUY 47 9511 8147
BUY 4 12573 18504
BUY 37 10948 18237
BUY 27 6734 4527
BUY 25 16078 3125
BUY 50 14361 21250
BUY 37 14877 10937
BUY 18 15545 618
BUY 73 12542 2273
BUY 54 8132 19454
BUY 38 17467 6738
BUY 77 6373 18277
BUY 97 16935 13897
BUY 31 6718 2531
BUY 14 10289 16014
BUY 34 7811 16634
BUY 94 9548 9694
BUY 8 3863 16308
BUY 96 2442 13896
BUY 22 4357 17222
BUY 97 2893 12897
BUY 55 4695 22155
BUY 42 16320 9142
BUY 87 10755 25787
BUY 4 240 6004
BUY 27 101 12327
BUY 64 6506 20064
BUY 8 7303 25808
BUY 8 18864 3108
BUY 95 15284 12795
BUY 34 19653 1134
BUY 20 13186 21620
BUY 93 8331 893
BUY 42 16088 12142
BUY 58 19653 1758
BUY 89 7779 20889
BUY 24 8123 224
BUY 28 18867 25928
BUY 78 18430 15178
BUY 9 11752 1609
BUY 86 19736 2386
BUY 4 15481 21504
BUY 49 3241 7249
BUY 35 5800 5635
BUY 18 5054 24118
BUY 79 18222 23179
BUY 7 18288 13807
BUY 26 15350 13126
BUY 10 14763 8310
BUY 80 7550 21280
BUY 44 15674 12844
BUY 30 18982 7530
BUY 76 13563 4476
BUY 48 9864 21648
BUY 46 18533 18046
BUY 17 12913 23717
BUY 47 19586 1947
BUY 37 16008 11137
BUY 45 4296 16045
BUY 49 3801 21149
BUY 43 2583 1843
BUY 93 12604 24193
BUY 97 13765 7997
BUY 73 12591 7173
BUY 21 17616 22921
BUY 49 4950 16749
BUY 61 3681 24761
BUY 59 19299 21659
BUY 93 10283 23093
BUY 56 8339 22556
BUY 92 2655 19592
BUY 7 2043 12207
BUY 15 16552 19415
BUY 33 9646 22433
BUY 59 14484 3459
BUY 46 10544 24146
BUY 30 16202 21930
BUY 70 8192 24970
BUY 26 19509 15626
BUY 61 16283 24161
BUY 60 16541 8860
BUY 30 1468 2130
BUY 94 4563 5394
BUY 23 9250 6023
BUY 16 9352 4016
BUY 70 9400 6070
BUY 83 17799 23283
BUY 96 12831 8296
BUY 56 18444 20656
BUY 25 8290 1925
BUY 36 2491 19036
BUY 15 1557 6015
BUY 99 9196 15199
BUY 64 19653 15864
BUY 86 1627 586
BUY 38 19681 20038
BUY 9 14167 21509
BUY 99 11421 9399
BUY 46 2066 10546
BUY 37 5798 1337
BUY 36 18242 14836
BUY 5 16401 15905
BUY 4 5064 9004
BUY 60 12603 15860
BUY 88 14501 9388
BUY 79 6876 8079
BUY 71 14331 15771
BUY 43 16078 19043
BUY 29 14848 829
BUY 58 11061 5858
BUY 12 906 14012
BUY 48 12603 17448
BUY 78 721 13478
BUY 43 9530 5043
BUY 76 16640 11576
BUY 4 14041 23904
BUY 61 14978 21061
BUY 86 2087 5386
BUY 89 9898 25389
BUY 96 13736 6296
BUY 80 17984 1380
BUY 49 2984 6349
BUY 78 1553 8278
BUY 53 9095 10553
BUY 97 7400 11297
BUY 57 7614 20557
BUY 82 17344 18482
BUY 94 15211 21194
BUY 88 10844 588
BUY 49 19866 19549
BUY 16 4857 21516
BUY 10 2984 17910
BUY 66 12007 19766
BUY 91 1557 4691
BUY 86 10336 13886
BUY 8 16296 6808
BUY 7 19064 3307
BUY 30 11671 7930
BUY 61 11919 10461
BUY 28 7299 24228
BUY 50 13630 4750
BUY 60 3981 5460
BUY 7 2373 5007
BUY 16 7437 14716
BUY 75 18105 7975
BUY 90 82 21890
BUY 11 18571 14911
BUY 68 13479 16968
BUY 74 19789 4174
BUY 53 16918 24353
BUY 0 1386 16400
BUY 6 17789 20506
BUY 96 622 6696
BUY 98 13709 19598
BUY 83 10289 13283
BUY 88 7614 1188
BUY 80 10709 23680
BUY 98 19761 10098
BUY 29 972 19129
BUY 90 1841 4390
BUY 85 1735 18785
BUY 72 5209 17672
BUY 64 15265 7864
BUY 96 17058 8696
BUY 29 12542 15829
BUY 82 12113 16782
BUY 68 13545 1668
BUY 60 6352 24260
BUY 0 13925 1900
BUY 16 5137 6516
BUY 33 17149 3033
BUY 92 4613 15092
BUY 9 6983 16709
BUY 73 17563 9873
BUY 9 13544 21809
BUY 45 5096 9545
BUY 50 10394 2150
BUY 73 4344 23773
BUY 72 12738 3672
BUY 31 10931 2131
BUY 72 6734 9272
BUY 53 16028 3453
BUY 27 5459 9327
BUY 61 2058 20061
BUY 77 7852 4477
BUY 66 7249 866
BUY 73 19320 13773
BUY 39 2674 18139
BUY 1 19493 16001
BUY 15 15306 18215
BUY 44 17387 17844
BUY 69 12085 21569
BUY 74 3888 18374
BUY 6 4687 10506
BUY 6 19391 18906
BUY 18 12515 3018
BUY 59 18533 8659
BUY 79 6312 18679
BUY 52 17504 3652
BUY 43 11252 21143
BUY 12 6470 12512
BUY 83 2392 16583
BUY 41 5935 15741
BUY 99 4197 8699
BUY 2 16280 6602
BUY 52 4244 10552
BUY 97 14802 7497
BUY 13 2382 17113
BUY 66 16028 16166
BUY 27 18901 23827
BUY 22 11967 19222
BUY 4 7035 604
BUY 64 6506 6164
BUY 86 19621 6086
BUY 2 3894 7402
BUY 29 10323 4129
BUY 69 10959 9369
BUY 10 13426 10210
BUY 59 17535 12059
BUY 81 18489 6081
BUY 66 16374 8966
BUY 14 9955 11114
BUY 25 9785 925
BUY 97 18471 9497
BUY 62 10434 14862
BUY 30 8878 3230
BUY 15 9262 11815
BUY 46 14104 16746
BUY 37 10844 2737
BUY 58 2058 17158
BUY 1 240 18901
BUY 49 14926 12549
BUY 33 19980 20133
BUY 4 8662 7704
BUY 71 5392 16571
BUY 39 3071 18339
BUY 30 3687 25130
BUY 37 11369 18437
BUY 51 18300 24551
BUY 20 16958 2220
BUY 90 13429 25790
BUY 81 15752 14781
BUY 24 17997 24724
BUY 91 10239 1891
BUY 35 9602 7535
BUY 31 3354 1431
BUY 39 14484 8039
BUY 94 12831 20194
BUY 9 12377 18309
BUY 56 11271 21956
BUY 15 17563 9515
BUY 64 19171 21664
BUY 27 17387 13027
BUY 67 14494 24467
BUY 73 8598 18073
BUY 61 12586 15961
BUY 30 19509 15730
BUY 68 11681 868
BUY 13 12182 22113
BUY 80 12431 3780
BUY 91 10239 8291
BUY 32 15867 20632
BUY 84 18471 7484
BUY 55 16984 13755
BUY 48 17938 7748
BUY 15 11497 5215
BUY 96 11048 14696
BUY 90 9743 8790
BUY 68 19239 1368
BUY 63 19126 24963
BUY 95 7917 24095
BUY 31 3637 19931
BUY 20 18937 2020
BUY 8 12219 20008
BUY 52 156 18552
BUY 95 13459 95
BUY 97 16758 21797
BUY 47 10286 7047
BUY 4 16800 24704
BUY 3 17135 15903
BUY 1 7757 7101
BUY 60 1104 11060
BUY 8 17213 20408
BUY 37 11720 23137
BUY 80 1627 280
BUY 58 11152 6358
BUY 0 14353 11600
BUY 48 9576 8048
BUY 52 4139 23752
BUY 42 9196 18042
BUY 10 11317 7810
BUY 23 9613 19823
BUY 50 17243 22050
BUY 0 3046 13600
BUY 92 19234 21192
BUY 28 4719 128
BUY 59 4060 659
BUY 83 10762 1783
BUY 31 1792 6731
BUY 40 261 14240
BUY 74 1864 13374
BUY 85 4734 4885
BUY 20 11651 7320
BUY 33 15324 3433
BUY 61 2220 25861
BUY 21 10289 13021
BUY 65 1217 11465
BUY 35 13635 25735
BUY 33 14471 18133
BUY 78 16958 8078
BUY 55 3629 7455
BUY 55 5918 4055
BUY 13 10286 11813
BUY 41 3682 17041
BUY 72 17188 17072
BUY 65 14848 1065
BUY 72 2066 9672
BUY 83 8414 8283
BUY 45 682 24245
BUY 87 11145 16287
BUY 25 13207 10025
BUY 13 10774 18613
BUY 91 9490 8491
BUY 45 19171 21645
BUY 11 17389 3511
BUY 49 13367 3149
BUY 13 15029 7113
BUY 3 18271 23403
BUY 28 329 24128
BUY 57 17293 9357
BUY 82 19239 11282
BUY 81 14285 17281
BUY 25 6718 16825
BUY 50 1127 8150
BUY 16 18131 5116
BUY 51 9327 14051
BUY 57 12573 4657
BUY 21 15071 14721
BUY 3 6007 7403
BUY 75 5609 17175
BUY 25 7087 2125
BUY 9 17675 12809
BUY 0 11912 10900
BUY 66 19906 16266
BUY 82 17344 1682
BUY 39 12633 24739
BUY 8 8383 18308
BUY 46 5308 8546
BUY 10 1847 19510
BUY 71 11037 13971
BUY 3 7614 7303
BUY 71 15397 4871
BUY 68 8343 22868
BUY 28 18937 3128
BUY 81 13036 6481
BUY 13 3637 12313
BUY 82 10966 2782
BUY 63 6911 3963
BUY 84 18223 11884
BUY 41 7249 18941
BUY 85 11061 8885
BUY 71 7035 5271
BUY 7 3511 4407
BUY 67 972 19167
BUY 89 18968 3489
BUY 29 18413 20129
BUY 19 1996 319
BUY 76 803 20576
BUY 27 13409 13227
BUY 38 7820 1138
BUY 60 3071 16260
BUY 77 11505 24077
BUY 34 4745 14334
BUY 58 10904 25758
BUY 31 14763 631
BUY 17 12531 12817
BUY 76 18242 5976
BUY 38 2066 5838
BUY 10 6186 23810
BUY 41 15778 20241
BUY 48 3698 12848
BUY 80 16320 17480
BUY 68 2250 22468
BUY 3 9950 22003
BUY 5 1557 13205
BUY 97 15759 2897
BUY 77 11421 10177
BUY 99 2515 24199
BUY 65 5657 8665
BUY 99 19017 12299
BUY 98 8163 5298
BUY 43 16032 18243
BUY 89 13736 19089
BUY 45 13479 18245
BUY 95 12126 24695
BUY 30 8629 830
BUY 16 19312 25716
BUY 18 3629 14818
BUY 55 16696 555
BUY 3 7884 8603
BUY 23 4904 12623
BUY 17 6632 1117
BUY 24 19452 1224
BUY 42 10909 17142
BUY 99 15100 2099
BUY 91 690 10991
BUY 21 13760 2121
BUY 76 16840 5776
BUY 88 18296 22388
BUY 42 261 19342
BUY 94 8070 21894
BUY 76 8045 876
BUY 97 865 19197
BUY 19 10346 5719
BUY 92 18333 25592
BUY 50 12831 8450
BUY 86 19239 10286
BUY 55 3379 18255
BUY 35 2984 17135
BUY 87 11121 24487
BUY 27 12903 17727
BUY 24 12662 14124
BUY 85 4033 15185
BUY 74 12738 374
BUY 78 457 12378
BUY 66 1635 23166
BUY 49 23 21649
BUY 46 8518 5846
BUY 16 6366 3916
BUY 36 9205 7036
BUY 89 6744 12289
BUY 89 803 5389
BUY 66 13709 5166
BUY 8 4563 4508
BUY 15 3226 12315
BUY 20 8046 12820
BUY 18 12773 12618
BUY 60 15115 9060
BUY 18 5929 23818
BUY 96 10450 23496
BUY 71 16121 15171
BUY 82 18046 1782
BUY 57 17404 5457
BUY 6 19230 24006
BUY 12 13367 19712
BUY 1 1386 6601
BUY 73 7619 6173
BUY 32 18482 19832
BUY 3 16890 17803
BUY 96 12831 3896
BUY 27 5944 11727
BUY 47 19071 14847
BUY 46 14498 10446
BUY 45 2803 20645
BUY 25 19769 325
BUY 86 5544 986
BUY 40 5055 7040
BUY 32 15407 7032
BUY 81 6526 20981
BUY 8 5910 25108
BUY 38 2892 9338
BUY 36 14890 15536
BUY 52 17166 12952
BUY 80 18607 21380
BUY 85 2655 1285
BUY 64 1775 23664
BUY 15 9671 13615
BUY 19 15781 1119
BUY 97 7301 19797
BUY 44 5878 25744
BUY 44 17378 21144
BUY 70 14773 8070
BUY 40 18036 24340
BUY 70 17149 4870
BUY 14 16246 2014
BUY 78 1379 4678
BUY 81 5619 24781
BUY 62 4306 19362
BUY 90 9996 23190
BUY 91 6478 891
BUY 36 6478 14736
BUY 49 19732 5749
BUY 73 7385 13473
BUY 78 14076 3078
BUY 91 18953 14691
BUY 18 4224 23218
BUY 51 14307 14351
BUY 98 19420 12598
BUY 14 14583 24414
BUY 90 19602 4290
BUY 70 11048 13670
BUY 79 9791 25779
BUY 82 16560 19782
BUY 85 8598 7185
BUY 20 3682 520
BUY 70 15778 7470
BUY 78 7223 14078
BUY 39 10336 20439
BUY 44 8275 7844
BUY 90 6769 5590
BUY 34 7792 10334
BUY 83 14501 19683
BUY 40 3629 14640
BUY 31 9442 18431
BUY 37 16320 11337
BUY 48 16694 19848
BUY 79 17536 12079
BUY 85 2816 6085
BUY 79 17073 21479
BUY 51 8163 17351
BUY 69 15822 10769
BUY 85 14657 14985
BUY 14 14770 25314
BUY 61 11614 13761
BUY 71 11037 16271
BUY 69 11755 18469
BUY 97 6876 5897
BUY 16 12113 14916
BUY 7 16640 1307
BUY 69 15574 12669
BUY 4 14798 20404
BUY 34 6411 25834
BUY 52 544 22152
BUY 81 1229 17481
BUY 99 13113 20799
BUY 84 8045 2084
BUY 33 19778 16833
BUY 91 4501 22291
BUY 34 12879 17534
BUY 71 14763 14571
BUY 62 9298 25962
BUY 12 14285 17612
BUY 11 5821 5411
BUY 64 4969 4764
BUY 20 12094 25020
BUY 7 2438 7907
BUY 32 7241 15932
BUY 29 6646 14029
BUY 52 15069 9052
BUY 0 5775 20400
BUY 57 4734 3357
BUY 81 12662 6781
BUY 1 5533 14001
BUY 48 4108 20948
BUY 90 6734 15190
BUY 90 608 25490
BUY 98 2288 17698
BUY 39 155 16239
BUY 12 3010 21512
BUY 12 6547 7812
BUY 63 322 22263
BUY 97 19863 25497
BUY 97 15338 14897
BUY 3 261 5003
BUY 16 11118 5016
BUY 71 19221 10271
BUY 52 18600 9152
BUY 43 2984 13943
BUY 90 15109 11390
BUY 24 16200 18524
BUY 16 18864 3416
BUY 10 12823 24510
BUY 72 3354 9572
BUY 87 6443 14787
BUY 77 18482 10877
BUY 54 11484 13354
BUY 31 12044 531
BUY 58 8675 25158
BUY 26 18375 13026
BUY 50 7396 8950
BUY 83 19769 5683
BUY 64 13567 1364
BUY 65 16419 11765
BUY 1 4286 1001
BUY 92 3342 14792
BUY 66 10581 6466
BUY 91 11948 8591
BUY 98 10659 10298
BUY 46 18477 6446
BUY 77 1265 25877
BUY 72 16435 21772
BUY 35 8222 9535
BUY 11 2868 18711
BUY 79 11061 10579
BUY 57 12219 2757
BUY 93 6372 20293
BUY 97 9985 25097
BUY 57 16234 17357
BUY 33 12831 18933
BUY 37 7640 5537
BUY 34 13245 4834
BUY 70 17275 9570
BUY 1 1644 15001
BUY 28 11497 7828
BUY 6 5804 12706
BUY 74 14092 5074
BUY 81 3489 19081
BUY 90 3466 13590
BUY 24 8832 11424
BUY 90 10659 18990
BUY 89 4276 6889
BUY 20 3489 5720
BUY 93 1792 4393
BUY 62 17970 24262
BUY 0 18184 18300
BUY 98 14479 20898
BUY 87 13553 18487
BUY 59 10205 24459
BUY 87 1977 7487
BUY 86 15882 13386
BUY 26 2693 7626
BUY 13 377 9713
BUY 85 8552 20585
BUY 33 3489 7033
BUY 69 16694 10669
BUY 46 18430 3846
BUY 43 15442 21643
BUY 84 16541 8384
BUY 56 6718 13156
BUY 84 63 20484
BUY 8 7911 7408
BUY 35 17327 22335
BUY 79 16483 21179
BUY 95 6007 13095
BUY 89 17789 14389
BUY 76 18866 13676
BUY 12 8204 10112
BUY 60 9035 24760
BUY 98 11752 4998
BUY 61 8132 4161
BUY 98 9649 2398
BUY 26 1116 18826
BUY 9 11380 109
BUY 90 16840 9290
BUY 43 8629 12143
BUY 8 1553 15108
BUY 52 19423 5352
BUY 22 18471 122
BUY 23 17735 23423
BUY 46 17115 12146
BUY 82 11666 20582
BUY 38 122 4138
BUY 60 2572 11660
BUY 77 14272 24977
BUY 51 15785 3751
BUY 54 2422 9254
BUY 64 6142 7564
BUY 9 18159 16509
BUY 95 6689 7495
BUY 89 12898 6189
BUY 88 19493 9988
BUY 51 18482 1951
BUY 20 8885 21720
BUY 30 18533 18430
BUY 45 650 23945
BUY 30 10394 2730
BUY 48 2009 22648
BUY 77 5609 4277
BUY 91 14905 21691
BUY 62 10227 9362
BUY 43 14909 3943
BUY 5 19903 13305
BUY 13 17605 1413
BUY 54 11032 19854
BUY 37 16886 21437
BUY 86 18539 23386
BUY 55 4613 4255
BUY 12 16224 20312
BUY 9 9997 16309
BUY 27 17805 17327
BUY 95 65 12695
BUY 62 15500 17762
BUY 26 12904 5126
BUY 32 13573 25632
BUY 87 2693 15487
BUY 44 9041 22544
BUY 80 1735 18980
BUY 1 18916 21301
BUY 52 3284 1752
BUY 21 15505 16321
BUY 37 16541 8537
BUY 39 8057 24139
BUY 45 11671 15145
BUY 45 18288 14945
BUY 82 15245 17982
BUY 13 13925 8413
BUY 51 8874 18351
BUY 62 1056 5162
BUY 62 2342 6562
BUY 14 392 3414
BUY 94 13735 18094
BUY 83 12959 13183
BUY 4 11627 17004
BUY 95 3906 21895
BUY 72 4331 18172
BUY 87 14501 787
BUY 79 10434 14779
BUY 65 16640 19365
BUY 87 13479 13287
BUY 5 15116 24405
BUY 83 10691 24783
BUY 29 13765 5129
BUY 79 823 879
BUY 71 17115 1771
BUY 12 10966 8012
BUY 7 14728 24107
BUY 1 19307 22801
BUY 81 18537 14981
BUY 36 2833 8736
BUY 17 4711 8317
BUY 90 11400 8190
BUY 69 11725 24769
BUY 29 17764 25329
BUY 2 7241 11002
BUY 65 19071 19265
BUY 66 9490 10566
BUY 68 16419 5068
BUY 26 2787 10526
BUY 73 11548 12273
BUY 38 13709 19738
BUY 98 15871 23798
BUY 2 12662 7602
BUY 65 1678 7665
BUY 41 19653 10941
BUY 29 7754 18829
BUY 45 16200 7145
BUY 85 12009 21885
BUY 60 4306 3960
BUY 79 9544 21079
BUY 63 10009 4263
BUY 76 17634 12476
BUY 29 5171 24929
BUY 59 8163 4859
BUY 27 17727 18327
BUY 45 1889 23145
BUY 32 12516 23032
BUY 71 14907 25571
BUY 59 12879 1259
BUY 37 127 16937
BUY 31 5576 20131
BUY 76 3827 21076
BUY 35 3060 10035
BUY 36 1116 4736
BUY 59 3659 17659
BUY 4 10239 13504
BUY 43 18109 1343
BUY 93 13553 6793
BUY 64 8878 7164
BUY 33 19408 833
BUY 97 14657 19997
BUY 28 19732 628
BUY 16 13479 13116
BUY 18 1343 23618
BUY 50 4563 12250
BUY 82 10243 14682
BUY 78 5124 22878
BUY 34 16760 20934
BUY 54 690 2654
BUY 2 16374 14802
BUY 81 372 7981
BUY 8 7396 1708
BUY 52 7911 14552
BUY 30 8438 22430
BUY 62 11714 22462
BUY 6 7811 2206
BUY 54 2610 8354
BUY 22 19664 9322
BUY 45 18991 24745
BUY 23 15689 2223
BUY 77 15765 21077
BUY 67 4541 21767
BUY 79 9002 22679
BUY 1 12272 2201
BUY 83 6577 8483
BUY 13 4060 4213
BUY 14 15759 2814
BUY 65 10440 21165
BUY 18 15185 22518
BUY 71 5380 25971
BUY 66 19479 7666
BUY 18 4371 4618
BUY 26 8045 14726
BUY 89 19736 589
BUY 69 13245 14169
BUY 4 18847 17304
BUY 56 19937 10956
BUY 0 19716 14200
BUY 0 19251 11100
BUY 82 8501 15082
BUY 41 5348 12341
BUY 5 7884 8905
BUY 85 17394 19285
BUY 86 8598 4086
BUY 32 12398 12432
BUY 80 2693 11180
BUY 0 7738 2200
BUY 40 16802 540
BUY 3 3489 15503
BUY 25 14092 14925
BUY 0 17213 14100
BUY 69 16389 22869
BUY 57 3197 13257
BUY 25 10394 2425
BUY 82 17435 7082
BUY 29 4663 13129
BUY 33 15517 22733
BUY 34 16958 9734
BUY 11 18556 22811
BUY 80 18859 21980
BUY 29 10346 7529
BUY 25 3863 11925
BUY 68 1678 4168
BUY 51 18430 9451
BUY 31 17135 6331
BUY 95 4276 19795
BUY 78 13852 5578
BUY 48 18392 25048
BUY 87 11614 11087
BUY 51 8539 7651
BUY 40 18492 9740
BUY 72 19598 11972
BUY 44 16296 12044
BUY 53 621 8753
BUY 57 5510 7857
BUY 45 2066 6445
BUY 11 65 8511
BUY 66 156 4066
BUY 85 14438 18885
BUY 76 12567 18176
BUY 69 8413 24069
BUY 78 11614 1678
BUY 47 4745 5647
BUY 54 2438 12854
BUY 23 18431 19723
BUY 78 4524 21078
BUY 36 11845 12136
BUY 98 14461 8898
BUY 91 19485 25491
BUY 60 6023 1960
BUY 98 5255 8198
BUY 86 11700 13186
BUY 22 14585 18722
BUY 54 18959 4354
BUY 37 14438 19737
BUY 83 14890 8883
BUY 95 17115 11795
BUY 12 7697 25012
BUY 97 4904 17497
BUY 89 11690 14689
BUY 22 18407 15522
BUY 48 8872 24548
BUY 10 8878 15510
BUY 6 13895 24606
BUY 18 15324 11618
BUY 89 19071 8489
BUY 10 101 13510
BUY 47 12972 25847
BUY 57 6525 5357
BUY 77 14798 7777
BUY 2 13185 12802
BUY 12 14182 18312
BUY 76 11912 1176
BUY 71 6900 8571
BUY 22 6373 10022
BUY 29 8629 17329
BUY 39 17647 10639
BUY 16 2737 21916
BUY 31 18366 13931
BUY 45 16992 18445
BUY 14 19653 15114
BUY 42 10972 7342
BUY 2 1996 2502
BUY 65 10076 14165
BUY 74 10077 21174
BUY 74 6876 12974
BUY 85 156 11785
BUY 86 7278 15786
BUY 69 13802 23669
BUY 24 19644 6024
BUY 94 15545 13294
BUY 54 1582 23054
BUY 55 12007 11255
BUY 2 12951 22202
BUY 54 17526 11354
BUY 23 19509 10623
BUY 29 10023 21129
BUY 26 3480 1026
BUY 19 16114 4119
BUY 81 12272 6181
BUY 34 6316 25734
BUY 99 7094 18699
BUY 7 2438 19807
BUY 2 3636 9802
BUY 77 5918 9277
BUY 45 18288 4145
BUY 76 17213 5476
BUY 40 14877 6640
BUY 10 5609 18610
BUY 78 16419 9678
BUY 18 16419 17618
BUY 90 2792 8690
BUY 93 12679 2993
BUY 22 19148 7922
BUY 32 2172 4832
BUY 42 13998 14142
BUY 34 13426 6434
BUY 3 19251 12603
BUY 25 3121 7525
BUY 19 17062 23419
BUY 93 4123 13193
BUY 30 19980 8830
BUY 67 10902 6867
BUY 56 13009 5756
BUY 22 4719 7322
BUY 30 15778 6330
BUY 16 10044 116
BUY 63 19329 20863
BUY 94 11223 15794
BUY 50 381 150
BUY 60 18215 16660
BUY 1 12588 3501
BUY 40 10009 8040
BUY 40 3556 25440
BUY 99 13421 15599
BUY 80 14802 11080
BUY 24 13925 16524
BUY 30 18570 25330
BUY 28 374 17428
BUY 53 12954 18453
BUY 33 11881 5933
BUY 60 16728 15360
BUY 16 12826 1216
BUY 93 7473 5593
BUY 32 14331 20032
BUY 55 1289 14855
BUY 32 3882 10132
BUY 49 6718 17049
BUY 44 19064 9844
BUY 21 19937 3121
BUY 65 377 6765
BUY 26 19621 7126
BUY 9 18255 7509
BUY 98 13736 2798
BUY 35 156 18035
BUY 54 2501 15154
BUY 61 12262 5561
BUY 40 5459 14040
BUY 55 8697 3155
BUY 80 9303 15180
BUY 25 11651 3825
BUY 61 18232 24961
BUY 2 9490 1302
BUY 13 18431 6813
BUY 54 2984 2154
BUY 50 13998 8650
BUY 70 127 8970
BUY 99 4096 24299
BUY 6 621 12106
BUY 79 12986 17479
BUY 10 3009 5610
BUY 89 11647 8389
BUY 62 11484 7962
BUY 68 15711 15868
BUY 56 5020 23756
BUY 58 14500 16158
BUY 70 18689 21470
BUY 9 13782 24109
BUY 65 3001 8465
BUY 15 4433 9815
BUY 59 3763 21759
BUY 39 14909 6039
BUY 35 5442 24335
BUY 75 2674 6675
BUY 26 14909 19126
BUY 98 17435 13598
BUY 91 13015 16491
BUY 77 8926 13077
BUY 39 3549 25939
BUY 25 4459 22125
BUY 94 6840 16094
BUY 11 4838 3211
BUY 32 16246 6632
BUY 68 10879 13168
BUY 29 19653 18529
BUY 57 1624 22757
BUY 33 2349 19033
BUY 82 9352 14082
BUY 31 14657 18231
BUY 15 8323 6715
BUY 6 6577 8106
BUY 81 19598 20581
BUY 61 7619 10661
BUY 14 6632 4614
BUY 64 14763 12964
BUY 87 3882 1987
BUY 81 13207 18581
BUY 94 1678 2094
BUY 92 10948 1392
BUY 80 9278 5580
BUY 20 7640 14920
BUY 31 10821 6831
BUY 9 7373 17109
BUY 42 7702 23642
BUY 94 2400 94
BUY 22 11317 12022
BUY 63 3637 9463
BUY 12 2199 9112
BUY 87 17275 5987
BUY 64 10289 7464
BUY 9 12044 13009
BUY 67 7852 367
BUY 82 319 16282
BUY 52 12496 16352
BUY 4 2564 20104
BUY 15 11179 2615
BUY 99 8287 10399
BUY 81 14873 19581
BUY 66 2787 7266
BUY 55 18112 16355
BUY 48 18748 23048
BUY 94 17058 14694
BUY 1 8449 23701
BUY 46 14086 11046
BUY 27 15967 25927
BUY 4 5804 204
BUY 85 4296 18185
BUY 31 17627 10031
BUY 45 8760 23345
BUY 31 9103 15131
BUY 37 13170 8937
BUY 61 16878 8661
BUY 2 11181 17802
BUY 52 16419 3952
BUY 28 15500 11228
BUY 31 9668 24931
BUY 93 4433 9493
BUY 82 441 5882
BUY 5 15024 8805
BUY 68 7989 11968
BUY 45 5533 3445
BUY 19 1236 25219
BUY 44 13736 14944
BUY 27 13545 3927
BUY 81 9327 19381
BUY 52 5459 17552
BUY 18 11647 9618
BUY 85 14003 24985
BUY 66 4904 4166
BUY 94 17578 17094
BUY 80 12113 14480
BUY 16 15024 16
BUY 20 16320 10120
BUY 14 11145 4514
BUY 56 8448 3056
BUY 43 2865 24943
BUY 59 8880 7059
BUY 96 17805 16696
BUY 0 17166 5600
BUY 48 11004 9448
BUY 80 2868 5180
BUY 66 7981 23966
BUY 40 16709 9940
BUY 98 1606 15298
BUY 4 15442 20904
BUY 27 8162 8327
BUY 30 8826 1230
BUY 23 5947 9223
BUY 4 18123 1204
BUY 24 13292 6124
BUY 11 3480 20511
BUY 43 18471 5943
BUY 53 15822 753
BUY 87 19656 8287
BUY 90 11241 12890
BUY 22 18562 3722
BUY 59 19088 25859
BUY 79 6547 7679
BUY 61 13834 15361
BUY 95 17943 5895
BUY 18 14926 13718
BUY 78 11061 278
BUY 53 11967 17553
BUY 0 15265 1500
BUY 9 3867 6509
BUY 94 17634 4694
BUY 32 15115 3332
BUY 21 14793 10321
BUY 77 13337 21677
BUY 74 2400 3974
BUY 56 13003 22756
BUY 79 2866 17779
BUY 69 5294 3969
BUY 9 12431 13209
BUY 45 1317 22045
BUY 36 14070 18036
BUY 87 4306 7687
BUY 87 13545 5187
BUY 9 14353 12209
BUY 67 16296 16167
BUY 61 4433 10261
BUY 16 13421 17116
BUY 1 11681 401
BUY 30 13630 12130
BUY 69 2422 18869
BUY 2 13421 8802
BUY 15 9835 24515
BUY 5 5431 23105
BUY 60 8088 18160
BUY 17 18847 14917
BUY 38 19005 21538
BUY 41 14024 5141
BUY 99 8878 2299
BUY 21 18209 16921
BUY 56 3273 21456
BUY 17 17387 16617
BUY 75 8216 15075
BUY 66 12108 9366
BUY 72 10909 1272
BUY 32 2521 17232
BUY 95 17433 9095
BUY 27 15505 1227
BUY 59 2803 259
BUY 41 9986 11041
BUY 64 13953 19864
BUY 27 1553 7627
BUY 8 17215 21308
BUY 55 11540 10955
BUY 80 3009 2480
BUY 28 12781 2028
BUY 77 9530 11577
BUY 60 1791 5860
BUY 48 15419 2848
BUY 33 5096 7733
BUY 46 4683 346
BUY 43 15245 12243
BUY 92 16224 3092
BUY 51 14923 11251
BUY 84 15324 16084
BUY 38 9303 11138
BUY 95 11143 16395
BUY 30 18005 3630
BUY 75 6218 18275
BUY 37 2583 1437
BUY 4 11118 14904
BUY 61 11845 6161
BUY 47 10524 22247
BUY 11 10394 7111
BUY 75 3461 25975
BUY 99 18159 7099
BUY 65 865 7265
BUY 83 377 12883
BUY 45 5552 25545
BUY 33 8182 9733
BUY 64 6007 3864
BUY 11 252 24411
BUY 84 17213 7384
BUY 22 6734 16122
BUY 60 13845 7260
BUY 2 16332 20402
BUY 77 19795 5977
BUY 89 17639 23389
BUY 6 2779 9806
BUY 2 19653 12502
BUY 45 11037 12945
BUY 21 11991 25521
BUY 13 16088 15413
BUY 96 6862 11396
BUY 97 3756 23397
BUY 40 11491 24940
BUY 83 19937 14683
BUY 92 753 20492
BUY 26 14793 7226
BUY 74 2761 25474
BUY 87 8604 22187
BUY 18 664 10118
BUY 61 19017 61
BUY 46 10580 446
BUY 90 5119 17390
BUY 79 3226 18779
BUY 38 7618 7438
BUY 46 7757 17146
BUY 97 1509 25797
BUY 50 6876 6150
BUY 25 12148 9425
BUY 91 1977 1991
BUY 13 6314 20413
BUY 10 3882 17210
BUY 5 18444 20405
BUY 61 1901 21861
BUY 84 6472 9384
BUY 29 11881 6829
BUY 61 10837 21661
BUY 4 17394 8404
BUY 87 2204 2087
BUY 78 7241 13678
BUY 94 17982 7694
BUY 99 15815 18299
BUY 30 15399 16330
BUY 54 7545 23354
BUY 50 16200 11750
BUY 67 12455 3567
BUY 22 4663 15722
BUY 74 15306 19174
BUY 91 6373 2291
BUY 10 14225 11310
BUY 28 11912 16328
BUY 48 18215 6448
BUY 71 6368 15671
BUY 64 14733 10564
BUY 21 10844 11921
BUY 60 17188 4760
BUY 63 14086 20663
BUY 67 13839 15067
BUY 6 16348 23406
BUY 93 2779 16993
BUY 39 10286 8639
BUY 8 5609 20708
BUY 78 8252 14678
BUY 14 2199 7614
BUY 41 11116 20641
BUY 30 6769 8030
BUY 26 9327 3726
BUY 31 3244 18131
BUY 69 9809 21169
BUY 7 13524 24407
BUY 60 15029 3660
BUY 92 1646 14992
BUY 7 6470 15807
BUY 88 14422 24388
BUY 41 14026 21341
BUY 21 17810 12221
BUY 54 11681 13654
BUY 39 11380 16539
BUY 1 5880 23801
BUY 62 17810 4462
BUY 38 13953 2938
BUY 11 15759 13111
BUY 27 14461 927
BUY 8 6689 10908
BUY 10 15069 11510
BUY 34 9024 17634
BUY 19 867 9619
BUY 59 9829 9959
BUY 83 14115 12083
BUY 26 1487 10826
BUY 0 10774 12400
BUY 50 8518 5750
BUY 53 7162 8153
BUY 91 5935 15091
BUY 99 11734 2999
BUY 76 15245 6376
BUY 16 19245 9416
BUY 14 17727 12414
BUY 32 12425 22332
BUY 33 19656 9333
BUY 3 15115 19803
BUY 71 18968 20171
BUY 5 6414 805
BUY 16 8817 18016
BUY 43 18255 3043
BUY 8 16234 9908
BUY 4 10581 13404
BUY 17 261 10817
BUY 49 10243 4949
BUY 3 13800 3603
BUY 51 6196 25151
BUY 18 3379 13318
BUY 60 18242 8260
BUY 54 10346 3454
BUY 76 12262 17076
BUY 61 9530 15061
BUY 13 11116 15213
BUY 5 10909 19705
BUY 81 8312 8281
BUY 78 7511 2278
BUY 82 13596 19382
BUY 46 14909 746
BUY 17 7658 18617
BUY 30 18048 20530
BUY 78 7199 23378
BUY 75 2199 15375
BUY 94 622 19494
BUY 69 3050 21369
BUY 33 17802 1933
BUY 68 5238 4968
BUY 56 6538 23656
BUY 49 4180 24949
BUY 25 1664 24325
BUY 72 3636 11572
BUY 73 16463 25073
BUY 87 2878 21787
BUY 68 11378 24268
BUY 14 19937 3214
BUY 91 5704 23691
BUY 93 15177 21693
BUY 50 7473 6050
BUY 49 15815 20249
BUY 63 9205 20363
BUY 12 2743 25512
BUY 98 13479 16298
BUY 8 9613 14108
BUY 0 13930 3200
BUY 18 377 318
BUY 36 631 21936
BUY 42 17603 19442
BUY 6 15110 13906
BUY 25 13015 9525
BUY 12 12332 6612
BUY 15 1379 1515
BUY 16 3213 21416
BUY 10 17188 5010
BUY 98 6314 3198
BUY 77 1191 23077
BUY 88 9436 25888
BUY 88 19091 25688
BUY 95 4613 13795
BUY 25 17467 1225
BUY 15 11478 22415
BUY 25 18288 7825
BUY 36 11061 7936
BUY 97 1104 11397
BUY 66 4276 16766
BUY 16 4147 12616
BUY 98 18519 23998
BUY 80 1850 23180
BUY 51 2800 21851
BUY 65 3744 21065
BUY 59 1229 15659
BUY 37 307 25137
BUY 83 17115 18883
BUY 38 7619 14338
BUY 79 4454 17379
BUY 19 19602 3519
BUY 98 5635 22998
BUY 50 7235 25950
BUY 57 2199 5857
BUY 86 19454 25086
BUY 53 16309 13553
BUY 64 16121 18664
BUY 55 18841 2155
BUY 73 6823 16773
BUY 67 2438 6167
BUY 67 1056 6567
BUY 69 6506 4069
BUY 72 10323 11072
BUY 44 16490 2844
BUY 56 8216 19856
BUY 72 3659 13872
BUY 64 11482 8264
BUY 51 19885 24751
BUY 16 5173 5516
BUY 44 18689 23944
BUY 11 16619 13511
BUY 55 11143 855
BUY 52 12219 11052
BUY 85 17314 6885
BUY 44 2700 24544
BUY 5 17526 3405
BUY 22 18430 18122
BUY 61 13329 25061
BUY 62 16028 13362
BUY 65 1649 9265
BUY 14 13925 11914
BUY 83 2581 24883
BUY 64 19906 10064
BUY 38 11854 22638
BUY 61 12591 9561
BUY 97 3226 2097
BUY 15 2028 14315
BUY 93 9250 20393
BUY 43 14092 4843
BUY 70 16774 21870
BUY 74 3981 10874
BUY 86 14802 17786
BUY 75 9743 575
BUY 79 10657 21779
BUY 12 3518 21412
BUY 82 18982 6582
BUY 26 8252 926
BUY 86 6725 24486
BUY 82 2998 22382
BUY 22 14006 16922
BUY 92 15071 11492
BUY 90 10659 9990
BUY 4 10076 104
BUY 85 4613 10485
BUY 5 19894 19805
BUY 51 1735 14751
BUY 17 3894 19717
BUY 79 14182 5579
BUY 27 12510 2027
BUY 97 17536 14597
BUY 99 13787 1099
BUY 2 19408 10002
BUY 71 18159 11471
BUY 60 19320 17960
BUY 58 12831 3458
BUY 21 11938 12021
BUY 64 8478 21464
BUY 85 12160 25485
BUY 11 6752 13911
BUY 24 9866 10324
BUY 59 15265 5659
BUY 98 9377 11198
BUY 95 12662 16095
BUY 28 11647 20728
BUY 2 10009 11202
BUY 94 9095 16994
BUY 16 14353 10716
BUY 13 6980 3413
BUY 60 13845 3360
BUY 65 2984 1465
BUY 7 5815 20407
BUY 66 6598 22566
BUY 74 13005 8674
BUY 87 17448 17587
BUY 41 13834 1041
BUY 98 6689 10698
BUY 41 9582 22841
BUY 48 3489 7448
BUY 36 7563 4536
BUY 10 11497 5210
BUY 96 11955 25396
BUY 43 12898 20143
BUY 11 8826 15511
BUY 66 5575 21566
BUY 34 14291 8034
BUY 23 3391 20923
BUY 99 19866 13499
BUY 76 9955 8776
BUY 24 17647 17424
BUY 32 10346 1832
BUY 64 2308 1464
BUY 14 15639 24514
BUY 80 2204 18680
BUY 83 14934 8983
BUY 92 17603 13392
BUY 71 2349 71
BUY 55 15711 15755
BUY 73 15752 13073
BUY 70 17266 16470
BUY 82 18864 9282
BUY 89 8299 19989
BUY 43 10646 14843
BUY 70 4838 13570
BUY 9 7511 1509
BUY 3 6218 1003
BUY 63 3214 14763
BUY 35 9844 4335
BUY 27 14657 18627
BUY 39 1127 2639
BUY 44 1701 21644
BUY 5 19251 6005
BUY 61 9377 2361
BUY 55 3324 25455
BUY 9 14500 9609
BUY 64 5507 24864
BUY 76 17802 9076
BUY 96 6911 4596
BUY 94 10434 11294
BUY 69 2442 15069
BUY 39 15591 239
BUY 55 19687 22055
BUY 46 5258 24246
BUY 21 10323 6821
BUY 5 1612 25005
BUY 34 9009 13234
BUY 70 4601 18070
BUY 9 14144 20909
BUY 30 6532 25530
BUY 27 12377 19927
BUY 79 5800 4579
BUY 8 12588 4308
BUY 94 7801 7994
BUY 82 1487 18182
BUY 44 16008 144
BUY 81 12826 5881
BUY 56 15115 7256
BUY 28 3244 16728
BUY 80 5119 4980
BUY 8 17462 22208
BUY 16 6372 8116
BUY 49 18544 23249
BUY 40 15553 21440
BUY 51 19937 3451
BUY 84 13146 10684
BUY 8 8501 12808
BUY 92 18185 22292
BUY 53 11181 12453
BUY 0 16128 12100
BUY 29 6840 7629
BUY 59 18982 8259
BUY 59 9511 4659
BUY 22 18471 16622
BUY 19 797 7019
BUY 92 5137 6992
BUY 20 18847 17920
BUY 85 19599 23185
BUY 21 10966 2221
BUY 18 13090 22218
BUY 49 8817 11249
BUY 80 2087 14380
BUY 20 18162 15320
BUY 59 13962 18059
BUY 4 1004 24904
BUY 37 5075 15637
BUY 73 10346 1973
BUY 3 8584 4703
BUY 41 10774 17441
BUY 58 19778 15658
BUY 97 6577 18197
BUY 63 9442 1863
BUY 2 5797 19702
BUY 44 4482 7744
BUY 69 13513 23169
BUY 82 7879 4682
BUY 4 13567 17204
BUY 0 10909 7500
BUY 8 11392 19408
BUY 60 4306 10560
BUY 61 2288 3061
BUY 42 6769 8942
BUY 54 8331 11954
BUY 51 16020 22751
BUY 59 2649 17459
BUY 0 9535 14600
BUY 20 15024 20620
BUY 79 11690 5979
BUY 39 15781 1639
BUY 71 14064 5571
BUY 31 16312 22431
BUY 60 3071 14560
BUY 56 6973 2056
BUY 22 1971 25222
BUY 61 17805 9961
BUY 19 14923 12719
BUY 45 4663 12445
BUY 46 10978 22246
BUY 99 1544 15299
BUY 18 19436 7718
BUY 75 19184 25775
BUY 66 2851 4966
BUY 79 10519 379
BUY 0 12222 24400
BUY 49 4019 10649
BUY 48 9126 4748
BUY 87 5821 9887
BUY 48 11482 20548
BUY 63 12007 17463
BUY 74 1611 4374
BUY 53 6862 6653
BUY 76 14901 22576
BUY 68 1977 12568
BUY 29 15882 17129
BUY 85 4012 25785
BUY 88 19828 5888
BUY 86 1947 25486
BUY 45 11145 2445
BUY 1 3794 25201
BUY 24 14225 16424
BUY 81 4060 8581
BUY 35 11392 16035
BUY 47 9442 4147
BUY 34 18375 12634
BUY 53 9287 7453
BUY 68 12398 2068
BUY 77 4454 9677
BUY 16 4729 1416
BUY 22 10931 7222
BUY 73 12604 22273
BUY 38 6373 15038
BUY 61 5935 11061
BUY 57 11614 9457
BUY 59 15820 22959
BUY 34 13756 15534
BUY 44 16802 1744
BUY 11 7757 7311
BUY 90 4302 6090
BUY 46 10923 24946
BUY 12 16127 18012
BUY 10 10707 10810
BUY 29 15727 11129
BUY 95 14793 6195
BUY 35 18131 3635
BUY 26 12542 826
BUY 49 10434 14549
BUY 27 6734 12027
BUY 27 16984 227
BUY 38 14391 23438
BUY 32 10580 3632
BUY 38 6165 25438
BUY 94 13756 16494
BUY 37 5255 4137
BUY 92 8088 3392
BUY 58 17097 12358
BUY 17 14498 10917
BUY 47 14307 9947
BUY 93 17356 12893
BUY 67 15480 21967
BUY 2 19764 15702
BUY 85 17293 19385
BUY 18 14143 12218
BUY 25 15053 12325
BUY 60 13736 18560
BUY 49 6279 14749
BUY 6 8755 2606
BUY 34 11627 2934
BUY 30 7640 6230
BUY 81 16762 17381
BUY 44 18059 12544
BUY 7 499 19007
BUY 29 2693 2729
BUY 28 9352 12228
BUY 78 3221 20778
BUY 90 3505 7590
BUY 4 7811 10404
BUY 25 17634 4325
BUY 22 13787 17322
BUY 21 14221 21121
BUY 2 457 11902
BUY 15 15100 14215
BUY 69 18407 8169
BUY 19 11061 11319
BUY 12 9866 5312
BUY 6 2442 8406
BUY 85 5944 6685
BUY 6 441 3406
BUY 47 751 25547
BUY 86 17526 20686
BUY 76 3516 2776
BUY 68 19245 2668
BUY 75 2400 13975
BUY 83 16139 7283
BUY 68 12378 4068
BUY 58 1627 4058
BUY 87 6061 13687
BUY 52 4060 4452
BUY 14 18209 12714
BUY 37 6261 1837
BUY 0 1116 7200
BUY 32 19887 3532
BUY 7 13852 13207
BUY 86 3743 3086
BUY 92 18316 24192
BUY 3 4059 16503
BUY 69 9602 1869
BUY 65 19781 4465
BUY 33 5338 20733
BUY 46 19201 19346
BUY 84 14619 25884
BUY 19 12515 2919
BUY 39 4371 4639
BUY 82 12541 4782
BUY 30 14168 9530
BUY 87 8204 12087
BUY 37 17314 13237
BUY 77 8162 8877
BUY 23 15306 20023
BUY 13 14114 20313
BUY 60 2149 6760
BUY 7 1611 14407
BUY 90 10553 9090
BUY 97 7963 24697
BUY 24 5585 23124
BUY 11 11317 19111
BUY 96 4392 10596
BUY 92 6980 1592
BUY 42 19866 8842
BUY 55 12898 17455
BUY 29 7048 25729
BUY 85 3018 15785
BUY 42 15406 13442
BUY 79 1562 23579
BUY 78 5514 9478
BUY 25 9490 5825
BUY 36 3314 23836
BUY 9 10844 15409
BUY 29 16958 15129
BUY 70 17293 19070
BUY 11 4482 14011
BUY 57 7618 19557
BUY 95 8299 16995
BUY 25 3652 24225
BUY 18 3250 23718
BUY 4 11627 11204
BUY 41 18288 7841
BUY 75 19772 11675
BUY 28 4197 8328
BUY 48 16309 13348
BUY 85 19349 5485
BUY 97 18471 14997
BUY 72 9940 2872
BUY 9 13852 2909
BUY 86 12679 1286
BUY 48 2066 148
BUY 4 17341 1604
BUY 15 18142 20815
BUY 82 1735 11982
BUY 54 7640 5754
BUY 21 3018 621
BUY 2 9611 12102
BUY 61 10304 461
BUY 68 10645 11368
BUY 14 11223 1114
BUY 35 2816 3035
BUY 77 5544 9377
BUY 60 6023 7760
BUY 76 898 4576
BUY 87 19493 9087
BUY 88 2149 4788
BUY 34 8046 15234
BUY 66 3121 2966
BUY 12 14626 10312
BUY 37 6973 20337
BUY 85 4229 2085
BUY 76 2933 12576
BUY 91 19894 16891
BUY 69 11511 23569
BUY 3 2172 19103
BUY 88 4752 25988
BUY 82 1847 16882
BUY 96 1386 18896
BUY 96 9336 7596
BUY 94 13447 17394
BUY 54 11845 8054
BUY 53 15556 18953
BUY 50 3698 3650
BUY 65 19493 9565
BUY 30 15110 4130
BUY 40 2392 16040
BUY 85 6911 3885
BUY 87 2792 7287
BUY 70 3829 21070
BUY 38 11651 18238
BUY 95 15895 25095
BUY 15 14657 5615
BUY 88 16694 188
BUY 55 2792 16755
BUY 11 18532 20911
BUY 17 6980 20317
BUY 87 8132 5687
BUY 66 9472 23766
BUY 75 17810 19275
BUY 17 15560 4517
BUY 31 14650 5531
BUY 34 1643 18634
BUY 83 7454 23583
BUY 92 11482 2992
BUY 63 9014 2563
BUY 23 967 12023
BUY 42 11321 21542
BUY 58 19681 19058
BUY 91 12496 16391
BUY 13 8812 10813
BUY 26 2822 22726
BUY 12 10322 22012
BUY 24 11540 12824
BUY 99 5238 399
BUY 0 14848 3000
BUY 43 18866 7043
BUY 15 753 3015
BUY 46 16890 19846
BUY 49 7734 19849
BUY 45 17272 19945
BUY 99 7348 14699
BUY 18 13998 7218
BUY 17 13172 18117
BUY 76 9226 22176
BUY 94 19833 20994
BUY 97 5918 20697
BUY 63 19781 7163
BUY 19 16296 1019
BUY 22 17060 12822
BUY 27 2172 10127
BUY 46 9250 6546
BUY 45 9196 845
BUY 33 17578 11033
BUY 38 1468 9938
BUY 80 10948 7280
BUY 75 7738 17375
BUY 75 9866 10975
BUY 45 9754 25845
BUY 23 17603 5323
BUY 51 9449 21651
BUY 21 11484 19221
BUY 90 11938 5390
BUY 57 9024 1157
BUY 19 7841 17319
BUY 47 7792 10847
BUY 80 18988 24180
BUY 29 9250 5929
BUY 90 3037 21390
BUY 26 1536 4926
BUY 71 12637 2771
BUY 91 13207 13191
BUY 85 14702 24685
BUY 52 4711 17352
BUY 84 3981 13484
BUY 82 3990 16382
BUY 27 11690 327
BUY 15 13476 25615
BUY 81 17634 3681
BUY 99 16106 13899
BUY 37 9955 11437
BUY 0 19349 8400
BUY 20 16200 220
BUY 51 13409 3151
BUY 37 7767 24637
BUY 51 509 16151
BUY 30 18005 230
BUY 41 13842 7641
BUY 26 13914 25226
BUY 28 18109 12428
BUY 33 14934 1533
BUY 15 4719 14615
BUY 96 17293 17596
BUY 80 4593 22680
BUY 65 1993 23265
BUY 3 12781 12703
BUY 27 1649 5727
BUY 34 18255 3634
BUY 18 19464 21718
BUY 82 9829 17582
BUY 15 1627 13015
BUY 51 8697 14551
BUY 37 4734 10737
BUY 88 12007 17388
BUY 41 5359 23141
BUY 36 19479 18936
BUY 48 7754 6648
BUY 38 8518 13838
BUY 49 10931 10849
BUY 91 9743 1691
BUY 16 15071 18816
BUY 27 17323 20927
BUY 24 8584 15524
BUY 69 17097 8869
BUY 1 3379 4901
BUY 25 4455 10925
BUY 8 1847 208
BUY 87 16172 21187
BUY 20 6936 2620
BUY 24 6444 25324
BUY 26 16019 24226
BUY 30 3354 18530
BUY 40 15882 940
BUY 76 12250 18076
BUY 39 13912 21339
BUY 41 240 15441
BUY 64 17069 7264
BUY 30 13035 21430
BUY 75 10336 18375
BUY 67 11548 17367
BUY 20 17368 25320
BUY 59 3629 2259
BUY 10 9602 6510
BUY 45 19736 2345
BUY 0 9997 6400
BUY 40 17964 20640
BUY 1 14114 10201
BUY 26 11150 21026
BUY 17 8290 13617
BUY 47 18184 5247
BUY 56 14162 25156
BUY 89 8414 789
BUY 72 9024 12772
BUY 34 8539 16834
BUY 7 16572 15707
BUY 37 2058 13037
BUY 26 14585 1926
BUY 29 8346 1129
BUY 26 11346 21226
BUY 45 13157 8945
BUY 2 10707 19002
BUY 79 7811 14879
BUY 17 19423 11017
BUY 48 12710 9148
BUY 60 16200 20460
BUY 94 2095 20094
BUY 66 964 21766
BUY 42 16419 8342
BUY 10 10323 2910
BUY 48 13367 1448
BUY 3 3214 5803
BUY 23 13146 12323
BUY 96 14373 20296
BUY 46 18331 23646
BUY 24 18178 23524
BUY 50 19251 1950
BUY 0 8662 6600
BUY 39 16034 7439
BUY 5 9548 11205
BUY 62 9176 4262
BUY 52 7640 16252
BUY 51 17341 16951
BUY 88 9969 19188
BUY 41 3221 2041
BUY 44 11700 8344
BUY 31 12486 21831
BUY 30 319 5830
BUY 9 3185 6909
BUY 87 3466 6287
BUY 60 16078 7160
BUY 67 9000 24167
BUY 12 3379 412
BUY 23 1506 24123
BUY 44 16413 22844
BUY 26 3888 1826
BUY 58 7852 15558
BUY 58 10623 23058
BUY 42 15284 842
BUY 82 2851 1082
BUY 74 13962 15374
BUY 44 18562 8844
BUY 48 17943 2548
BUY 49 6571 22249
BUY 24 13409 14524
BUY 17 16640 13217
BUY 33 4838 15533
BUY 86 10979 3786
BUY 86 13449 12986
BUY 36 7385 17236
BUY 17 9315 17217
BUY 1 2162 25001
BUY 50 4331 17150
BUY 41 13479 13241
BUY 89 934 8089
BUY 47 5096 18447
BUY 59 15936 23359
BUY 26 11919 17926
BUY 97 2572 18097
BUY 35 14398 22735
BUY 55 11647 5755
BUY 88 1627 9588
BUY 49 11647 8249
BUY 60 10645 1660
BUY 60 13146 17260
BUY 36 4929 20036
BUY 11 7396 6111
BUY 7 12898 1207
BUY 63 8317 22763
BUY 26 12986 19626
BUY 14 8629 12214
BUY 57 122 17857
BUY 84 12223 3284
BUY 5 1557 18805
BUY 66 5668 25766
BUY 7 14438 19607
BUY 35 6414 8135
BUY 61 12278 1861
BUY 29 19452 5629
BUY 98 16088 14198
BUY 54 4432 22454
BUY 13 5064 10613
BUY 90 14802 6890
BUY 70 2073 22470
BUY 83 55 6083
BUY 64 5775 1964
BUY 88 17433 12288
BUY 0 671 22100
BUY 33 6577 2833
BUY 29 3650 17429
BUY 82 16640 9182
BUY 47 13948 3147
BUY 98 3650 12698
BUY 17 6478 12917
BUY 39 11223 15539
BUY 67 3185 11867
BUY 89 15069 15689
BUY 53 16234 653
BUY 17 15265 20117
BUY 73 9196 15373
BUY 90 16890 690
BUY 32 16139 17332
BUY 28 15399 3228
BUY 11 7618 7011
BUY 52 18533 1552
BUY 21 17566 20821
BUY 47 13459 9647
BUY 58 15822 3958
BUY 55 4433 7755
BUY 1 3814 24301
BUY 88 14353 18488
BUY 27 14404 22727
BUY 51 8878 3951
BUY 50 11484 950
BUY 17 14434 22617
BUY 55 18018 16655
BUY 86 830 9586
BUY 7 7330 22007
BUY 86 2900 22886
BUY 42 10931 15942
BUY 58 11881 14758
BUY 64 5210 24464
BUY 70 6314 7270
BUY 5 16419 6705
BUY 48 12581 23548
BUY 83 14286 24983
BUY 18 11525 4118
BUY 30 10979 10130
BUY 35 5725 18835
BUY 98 10409 11098
BUY 44 11369 9944
BUY 83 13953 6783
BUY 53 1379 20453
BUY 33 6547 11633
BUY 2 13567 10502
BUY 23 2899 23823
BUY 72 9649 16072
BUY 18 18123 1818
BUY 8 15806 13408
BUY 28 15573 23628
BUY 57 16320 5557
BUY 44 4244 18444
BUY 38 690 6838
BUY 98 16674 25498
BUY 57 17293 6757
BUY 92 3505 15192
BUY 22 14438 9922
BUY 94 12400 24394
BUY 53 4838 3553
BUY 61 9785 4261
BUY 75 6980 3475
BUY 71 1379 6171
BUY 97 2564 2697
BUY 66 4563 1366
BUY 92 6752 5292
BUY 74 14890 19574
BUY 78 3547 22078
BUY 52 8401 21352
BUY 99 13493 11399
BUY 74 4031 14874
BUY 76 2442 10876
BUY 42 16802 2942
BUY 73 14076 2473
BUY 24 6936 16824
BUY 2 7841 16602
BUY 99 8915 24799
BUY 8 6366 7708
BUY 39 18533 3839
BUY 33 7286 23733
BUY 84 6577 9184
BUY 27 10304 20327
BUY 31 15069 6631
BUY 14 11734 214
BUY 38 12272 3938
BUY 90 16694 16790
BUY 42 17627 8742
BUY 85 1792 3085
BUY 22 6261 19922
BUY 41 13036 11741
BUY 64 3882 15064
BUY 23 19621 19923
BUY 37 2816 4237
BUY 33 18835 22233
BUY 14 12496 2314
BUY 13 1735 14113
BUY 64 10604 22764
BUY 23 6414 12823
BUY 46 9352 5946
BUY 10 2099 24110
BUY 34 19781 10234
BUY 69 7754 4169
BUY 63 4802 22863
BUY 24 14793 3524
BUY 88 5137 9188
BUY 7 2984 507
BUY 70 11116 3970
BUY 17 14915 15817
BUY 78 17508 21478
BUY 65 690 17665
BUY 29 14274 21029
BUY 80 18968 13380
BUY 5 7754 13105
BUY 17 16332 6517
BUY 75 7658 2075
BUY 14 19901 15814
BUY 70 377 3170
BUY 75 9576 7675
BUY 74 10094 13874
BUY 44 19906 10744
BUY 45 6983 19345
BUY 22 8123 16322
BUY 18 4904 2718
BUY 51 1113 22251
BUY 17 12479 24717
BUY 95 13146 8195
BUY 60 18373 21560
BUY 53 5657 14153
BUY 13 5656 21813
BUY 8 5821 19808
BUY 47 6732 22647
BUY 88 15817 22288
BUY 45 16008 18045
BUY 41 12713 25241
BUY 18 19239 20118
BUY 30 137 19530
BUY 97 7204 24097
BUY 89 17188 16489
BUY 14 6478 10014
BUY 51 2893 14651
BUY 94 19027 23794
BUY 4 19508 13904
BUY 77 7382 25477
BUY 97 11888 22997
BUY 31 13883 23231
BUY 31 9056 23531
BUY 73 18184 4773
BUY 47 12030 22747
BUY 23 19621 19523
BUY 0 10323 2900
BUY 36 4601 10036
BUY 84 3694 24984
BUY 14 16992 4414
BUY 31 17675 431
BUY 43 972 4943
BUY 12 11143 9312
BUY 44 6506 16744
BUY 69 15806 3369
BUY 62 14331 3462
BUY 12 6752 10012
BUY 44 18482 17444
BUY 57 19980 1857
BUY 3 5947 10103
BUY 2 11604 25402
BUY 94 13553 19794
BUY 40 5798 19640
BUY 47 9706 11947
BUY 67 15785 5767
BUY 41 18430 14441
BUY 19 16530 14119
BUY 49 8331 4349
BUY 40 19664 4440
BUY 32 8598 10532
BUY 99 5935 9099
BUY 37 664 8237
BUY 45 664 13245
BUY 53 3480 16653
BUY 16 4663 2516
BUY 74 12986 20474
BUY 47 11380 17447
BUY 40 1678 9840
BUY 33 15603 24433
BUY 18 12398 4818
BUY 95 18242 10695
BUY 97 3284 20297
BUY 28 5137 18528
BUY 94 7385 18494
BUY 40 2833 4240
BUY 24 19586 18724
BUY 64 18489 4164
BUY 77 11497 4877
BUY 71 9065 20871
BUY 56 14155 22656
BUY 79 5209 14079
BUY 83 16573 21483
BUY 45 9288 22845
BUY 12 867 9812
BUY 54 6705 21354
BUY 25 7852 5925
BUY 77 8803 9077
BUY 69 3848 21769
BUY 16 5209 15116
BUY 93 16121 20793
BUY 35 1627 12435
BUY 39 11004 11739
BUY 11 10972 19011
BUY 29 9602 8629
BUY 34 4663 1834
BUY 76 18040 20876
BUY 50 3511 11150
BUY 54 15652 5254
BUY 2 15100 16802
BUY 99 17647 4799
BUY 88 18477 4288
BUY 2 3141 8602
BUY 97 17578 20397
BUY 93 16246 9093
BUY 10 2204 12910
BUY 76 17541 22376
BUY 99 14271 13299
BUY 31 16239 23831
BUY 31 3244 8431
BUY 98 19901 20398
BUY 45 11004 15745
BUY 75 10289 10275
BUY 73 48 21473
BUY 90 17697 23490
BUY 67 4445 24967
BUY 15 16568 215
BUY 67 7301 16567
BUY 93 9611 19493
BUY 45 7858 21145
BUY 70 15024 17270
BUY 51 15406 17451
BUY 97 8598 3297
BUY 34 9009 10434
BUY 87 6261 6487
BUY 13 3882 7213
BUY 64 10044 14464
BUY 79 12085 24379
BUY 9 2655 19009
BUY 44 7168 15044
BUY 2 1791 13202
BUY 21 17810 16221
BUY 36 2438 36
BUY 90 9397 23690
BUY 99 11548 7699
BUY 25 6966 21325
BUY 74 16717 17174
BUY 64 1554 25564
BUY 87 8331 13787
BUY 54 15500 1854
BUY 49 6414 5849
BUY 17 101 1417
BUY 88 10109 25288
BUY 83 19894 9883
BUY 3 14064 5303
BUY 81 17495 23481
BUY 21 17243 25621
BUY 87 11317 4187
BUY 96 11525 16396
BUY 9 13157 20409
BUY 49 7094 7849
BUY 74 1468 20374
BUY 96 2481 24596
BUY 49 16419 18349
BUY 97 8312 5497
BUY 86 6911 7486
BUY 24 16401 14624
BUY 58 12697 9358
BUY 88 14498 16988
BUY 66 7050 25366
BUY 11 18562 14711
BUY 14 1318 22514
BUY 74 8552 1374
BUY 1 18477 4601
BUY 18 5676 21318
BUY 6 16224 2006
BUY 27 3354 15427
BUY 18 4969 218
BUY 42 17943 1342
BUY 94 10844 16894
BUY 46 9511 11946
BUY 63 16958 1263
BUY 32 8162 12132
BUY 36 8501 1436
BUY 43 14326 16243
BUY 7 12044 11507
BUY 59 16490 10259
BUY 20 2204 17220
BUY 7 12007 10007
BUY 97 16188 4597
BUY 19 11755 2719
BUY 74 14773 12274
BUY 57 3226 7457
BUY 89 2183 22389
BUY 31 19932 15031
BUY 28 865 15628
BUY 14 2521 17014
BUY 95 6980 15295
BUY 79 4711 14279
BUY 13 12904 18113
BUY 45 12946 23745
BUY 95 14271 18395
BUY 33 9303 4933
BUY 12 12603 17812
BUY 25 15053 6925
BUY 32 13520 6232
BUY 65 7145 1665
BUY 21 6023 15021
BUY 12 12044 3512
BUY 43 19528 24843
BUY 51 923 25451
BUY 95 19245 16295
BUY 9 11400 15809
BUY 31 10931 1531
BUY 89 10394 2089
BUY 16 17356 19416
BUY 85 7811 8985
BUY 14 19003 24014
BUY 63 1691 21863
BUY 24 18105 1324
BUY 82 65 15682
BUY 76 803 11776
BUY 94 7640 7894
BUY 6 17634 6906
BUY 55 2293 22455
BUY 0 1529 23600
BUY 94 2258 17894
BUY 7 19795 4907
BUY 82 7133 21282
BUY 96 7348 9596
BUY 57 9215 22557
BUY 3 9903 24903
BUY 90 5775 7490
BUY 23 10489 24323
BUY 42 11004 19242
BUY 79 15591 2379
BUY 83 6023 14183
BUY 14 4563 5914
BUY 97 16332 14097
BUY 91 18430 7991
BUY 86 14956 25186
BUY 97 2069 20997
BUY 21 6061 9121
BUY 27 17579 5427
BUY 97 15882 2597
BUY 9 17135 11209
BUY 1 4838 16401
BUY 32 2866 3232
BUY 21 17605 10621
BUY 99 18777 24099
BUY 49 3046 13449
BUY 64 12573 17964
BUY 53 19452 18553
BUY 28 2438 28
BUY 71 15324 20071
BUY 1 4950 5401
BUY 20 16490 18920
BUY 66 13125 23866
BUY 30 16028 3130
BUY 79 12591 7579
BUY 67 240 10967
BUY 18 16234 11318
BUY 39 3817 2439
BUY 56 6547 11956
BUY 91 2959 7291
BUY 95 12020 25895
BUY 43 15359 23843
BUY 18 1889 24218
BUY 79 17448 6279
BUY 36 17728 8136
BUY 0 5935 7300
BUY 55 9785 16955
BUY 76 11143 5176
BUY 89 11482 17689
BUY 67 18492 14767
BUY 5 11241 16305
BUY 78 6368 11478
BUY 61 8874 8761
BUY 92 7035 17392
BUY 74 6983 1574
BUY 70 16802 16670
BUY 30 15574 4030
BUY 52 8200 21752
BUY 8 3917 21108
BUY 44 10686 21744
BUY 91 2501 20791
BUY 17 10581 17517
BUY 52 9450 21452
BUY 31 16088 15931
BUY 89 13170 10289
BUY 30 12108 5930
BUY 24 3151 23424
BUY 53 1765 23453
BUY 20 11967 12420
BUY 19 5576 18219
BUY 35 7640 935
BUY 11 18112 13411
BUY 81 19509 3881
BUY 19 7168 10119
BUY 47 16973 25447
BUY 57 2649 13557
BUY 18 19866 14418
BUY 53 2610 20353
BUY 54 19772 16854
BUY 89 9520 21089
BUY 37 13980 7937
BUY 60 14438 6160
BUY 77 13735 7277
BUY 43 7914 17343
BUY 68 19906 19368
BUY 73 3214 15573
BUY 27 3511 15227
BUY 29 12247 25829
BUY 82 2149 16582
BUY 35 12148 17335
BUY 90 7511 18390
BUY 48 11891 24148
BUY 13 5935 10513
BUY 95 5338 14595
BUY 78 4035 25878
BUY 79 16699 25279
BUY 32 18577 21532
BUY 90 12562 15490
BUY 99 12455 8199
BUY 77 14500 1977
BUY 36 6823 16736
BUY 79 8783 22779
BUY 16 11167 25316
BUY 27 12378 20127
BUY 8 1606 15708
BUY 57 8052 2357
BUY 41 4734 1341
BUY 87 8227 22087
BUY 14 1944 23214
BUY 16 14168 7416
BUY 32 3284 12032
BUY 83 19789 16383
BUY 71 14143 16371
BUY 62 16541 10262
BUY 97 7911 8097
BUY 81 17188 81
BUY 28 4557 23428
BUY 48 12379 14148
BUY 71 5800 771
BUY 59 8123 2559
BUY 42 8204 18542
BUY 99 9530 6699
BUY 34 7205 25034
BUY 72 9706 20572
BUY 84 17041 22784
BUY 42 14796 24842
BUY 97 16401 10297
BUY 69 1682 23469
BUY 55 2866 10055
BUY 85 6436 20985
BUY 1 12278 6201
BUY 3 11912 3403
BUY 25 16840 7625
BUY 76 1996 13276
BUY 32 7168 6732
BUY 11 572 24511
BUY 44 7148 1844
BUY 21 15109 8221
BUY 69 14633 25069
BUY 73 13409 10073
BUY 19 17964 10819
BUY 61 12643 7761
BUY 56 18386 24756
BUY 91 8105 19091
BUY 67 12831 5567
BUY 82 2693 19282
BUY 9 11484 1809
BUY 7 13185 7807
BUY 57 15752 20157
BUY 46 12379 14346
BUY 7 3888 14807
BUY 39 4264 23639
BUY 66 8036 22266
BUY 67 12455 9167
BUY 65 3197 5965
BUY 14 1369 25414
BUY 62 3894 4662
BUY 41 18785 1541
BUY 21 18074 15221
BUY 17 6577 7617
BUY 84 11690 16484
BUY 32 5725 13632
BUY 51 17702 20851
BUY 60 721 15560
BUY 41 8817 20141
BUY 61 14307 1761
BUY 8 16840 17008
BUY 97 16032 5097
BUY 76 16224 15476
BUY 44 5255 20244
BUY 74 13493 18874
BUY 1 127 19901
BUY 80 17728 18280
BUY 35 15759 18635
BUY 18 11851 19018
BUY 8 17791 22008
BUY 67 3226 7867
BUY 77 10966 17977
BUY 95 12278 8295
BUY 28 4392 12728
BUY 72 17394 4172
BUY 78 7348 10878
BUY 99 16992 9999
BUY 99 319 20499
BUY 12 3480 1012
BUY 44 13185 7044
BUY 68 17435 17168
BUY 88 16200 15888
BUY 77 9602 1477
BUY 43 14773 843
BUY 56 7485 23156
BUY 57 18841 7757
BUY 41 16633 4141
BUY 35 6973 17435
BUY 82 9844 8582
BUY 97 17661 23497
BUY 16 12251 17816
BUY 42 11484 20142
BUY 29 1735 1429
BUY 37 9743 15837
BUY 66 17605 10166
BUY 67 16490 7167
BUY 28 13553 9228
BUY 84 14848 2484
BUY 59 2616 22659
BUY 66 7614 7866
BUY 7 3698 12407
BUY 35 18937 4435
BUY 82 13756 2882
BUY 41 15110 141
BUY 99 16572 18799
BUY 3 13962 13503
BUY 89 17363 25889
BUY 30 13324 24130
BUY 48 377 20248
BUY 80 7168 13280
BUY 15 1116 18415
BUY 68 10713 22368
BUY 88 19064 11488
BUY 73 9438 22173
BUY 22 19251 10622
BUY 31 11223 8231
BUY 33 6312 20533
BUY 60 4719 3060
BUY 89 3344 22289
BUY 53 906 1353
BUY 5 11421 16505
BUY 31 16935 16131
BUY 40 19980 10640
BUY 89 9866 1289
BUY 11 13553 19311
BUY 91 2610 10191
BUY 33 11081 17933
BUY 23 9558 25423
BUY 5 14755 23305
BUY 15 55 17915
BUY 59 16200 15859
BUY 40 2819 22840
BUY 61 10844 12161
BUY 97 2392 1997
BUY 29 5878 24329
BUY 44 7734 19744
BUY 39 16114 20139
BUY 55 14890 12855
BUY 60 8383 8360
BUY 73 7437 18873
BUY 93 11540 15893
BUY 36 2892 16036
BUY 12 14002 9012
BUY 40 8162 8140
BUY 51 19436 19651
BUY 71 7841 10471
BUY 96 14811 5096
BUY 53 3933 13853
BUY 50 3622 10050
BUY 38 5075 13238
BUY 96 2547 22696
BUY 90 12903 7090
BUY 44 16269 23644
BUY 1 12223 19401
BUY 26 15301 25126
BUY 53 10286 5953
BUY 58 10094 6258
BUY 70 8629 14170
BUY 3 1229 16003
BUY 35 12448 23835
BUY 46 12531 2946
BUY 50 5137 3950
BUY 22 12826 17922
BUY 91 1127 10391
BUY 86 4286 7086
BUY 0 1617 24800
BUY 53 12083 553
BUY 49 14653 25549
BUY 41 7418 24941
BUY 22 18184 16222
BUY 84 7139 14384
BUY 70 19602 16170
BUY 64 14006 8464
BUY 97 15439 22297
BUY 67 19866 10567
BUY 72 8088 8372
BUY 75 8045 18575
BUY 91 2288 2091
BUY 28 9009 11928
BUY 86 10909 1486
BUY 61 11589 22361
BUY 93 4433 12393
BUY 5 3172 21505
BUY 43 14564 22543
BUY 12 19866 1612
BUY 4 4229 3704
BUY 47 2305 23647
BUY 4 8408 25504
BUY 87 7869 22887
BUY 14 7241 3614
BUY 18 17802 16518
BUY 20 1935 24020
BUY 87 4017 23487
BUY 54 8409 24254
BUY 4 18005 16204
BUY 27 15109 8927
BUY 67 122 7767
BUY 45 53 16545
BUY 30 6314 4830
BUY 7 10959 3507
BUY 10 9955 19010
BUY 43 18955 25543
BUY 58 13117 21858
BUY 65 16802 8265
BUY 37 2768 7437
BUY 93 13005 1493
BUY 20 9576 7120
BUY 30 6478 430
BUY 63 6632 11663
BUY 3 18890 25603
BUY 54 15284 19354
BUY 12 12562 4412
BUY 74 255 2774
BUY 38 8287 338
BUY 39 17275 5339
BUY 54 967 9654
BUY 4 4147 14404
BUY 13 2608 21213
BUY 57 753 8757
BUY 89 19598 19789
BUY 7 6261 15007
BUY 11 16308 3311
BUY 83 4613 10883
BUY 60 10346 15960
BUY 91 18049 24591
BUY 85 16296 17185
BUY 12 18937 2912
BUY 77 753 777
BUY 67 17675 3367
BUY 65 4950 15965
BUY 69 3637 3569
BUY 86 8762 19986
BUY 90 16728 5090
BUY 78 14002 5778
BUY 97 19071 6697
BUY 76 18105 11076
BUY 89 19778 20789
BUY 96 19887 3096
BUY 84 12044 17184
BUY 24 1379 6824
BUY 45 5296 245
BUY 40 457 19840
BUY 21 1536 13621
BUY 21 13563 7921
BUY 15 15324 4715
BUY 37 14002 10837
BUY 92 17578 6592
BUY 48 14869 25548
BUY 47 4296 15147
BUY 90 19318 22390
BUY 48 6646 14248
BUY 24 17058 3224
BUY 4 11948 20004
BUY 48 7148 10048
BUY 51 9829 10451
BUY 97 10323 9597
BUY 60 9103 10160
BUY 54 13207 10154
BUY 20 8812 12720
BUY 95 16008 1895
BUY 87 1606 8687
BUY 47 12044 20147
BUY 46 9055 24046
BUY 75 8518 1975
BUY 1 4748 25901
BUY 44 753 14144
BUY 14 19221 7814
BUY 26 19795 4426
BUY 36 17713 22836
BUY 74 16280 2974
BUY 55 7365 24055
BUY 63 7792 10963
BUY 73 14984 23473
BUY 4 15029 6504
BUY 60 15245 13960
BUY 44 9541 22944
BUY 47 9940 747
BUY 27 15250 19827
BUY 4 16320 18804
BUY 69 5882 24369
BUY 65 13787 15465
BUY 72 1544 6672
BUY 54 1847 5954
BUY 14 7437 6014
BUY 77 15781 1577
BUY 53 5533 19853
BUY 71 17802 6771
BUY 14 5558 20914
BUY 53 13421 4453
BUY 8 7801 11808
BUY 2 3894 18602
BUY 72 11081 19472
BUY 20 18444 9920
BUY 10 1735 15610
BUY 10 5947 8410
BUY 42 16935 16442
BUY 63 8812 2963
BUY 15 2438 915
BUY 2 4740 25202
BUY 46 19818 13146
BUY 20 12050 20120
BUY 48 4925 23148
BUY 25 13426 13125
BUY 23 2488 24723
BUY 98 15071 13198
BUY 17 14498 16917
BUY 98 7879 6698
BUY 6 14498 6006
BUY 38 1966 22338
BUY 6 10659 12906
BUY 61 9250 11461
BUY 80 9014 1080
BUY 14 499 6514
BUY 91 6911 6191
BUY 7 3196 25407
BUY 74 3516 20674
BUY 80 7162 6780
BUY 12 16127 112
BUY 46 6718 11146
BUY 52 3335 23252
BUY 96 17266 12896
BUY 89 3574 24889
BUY 47 16320 2347
BUY 5 5272 24705
BUY 90 13545 7790
BUY 11 17943 511
BUY 51 16309 1651
BUY 99 15338 699
BUY 59 16401 7559
BUY 90 11964 22790
BUY 48 5798 3048
BUY 11 14079 21811
BUY 30 15727 4630
BUY 81 5692 21381
BUY 63 15087 13063
BUY 57 16088 6157
BUY 23 664 4523
BUY 62 9352 13462
BUY 6 2893 11606
BUY 76 556 23776
BUY 93 10948 4693
BUY 50 15781 10250
BUY 54 7614 17154
BUY 0 18959 3500
BUY 52 14650 4552
BUY 19 18046 8919
BUY 25 3407 24125
BUY 15 6559 25415
BUY 65 5495 12065
BUY 90 7757 2390
BUY 23 14052 23723
BUY 59 3241 20459
BUY 1 2442 13101
BUY 62 19764 14462
BUY 6 12455 16906
BUY 87 9250 6587
BUY 12 19251 19912
BUY 32 19064 4732
BUY 82 4227 18382
BUY 30 13675 22030
BUY 1 10902 9001
BUY 68 10553 14968
BUY 37 13756 5237
BUY 46 2061 23346
BUY 13 3221 19213
BUY 45 12610 21345
BUY 51 4041 23751
BUY 13 18059 11413
BUY 62 13756 15662
BUY 7 16802 12507
BUY 30 11380 8430
BUY 98 16282 21898
BUY 10 19423 9210
BUY 9 14650 7009
BUY 59 5115 7759
BUY 94 1553 5994
BUY 98 3001 3598
BUY 18 17100 21418
BUY 20 12050 14520
BUY 67 13292 7667
BUY 68 753 9468
BUY 9 12251 19209
BUY 5 10089 8005
BUY 89 1978 4289
BUY 91 18953 5591
BUY 56 18407 6556
BUY 44 9171 22144
BUY 4 16028 3304
BUY 33 16309 9833
BUY 50 11421 7350
BUY 38 16696 3238
BUY 55 5800 16155
BUY 4 6006 21304
BUY 88 6744 10388
BUY 98 2959 6198
BUY 33 12954 12333
BUY 26 13447 11426
BUY 23 19386 20823
BUY 99 4019 799
BUY 85 4711 10985
BUY 83 1415 21283
BUY 10 3197 4910
BUY 94 9473 6994
BUY 69 594 24869
BUY 81 15652 5281
BUY 12 2610 9512
BUY 95 16224 19295
BUY 3 4455 10903
BUY 8 14024 12608
BUY 1 10102 23401
BUY 45 2245 1645
BUY 66 16802 6166
BUY 14 11540 3814
BUY 64 18998 4864
BUY 94 10909 2294
BUY 13 4433 18513
BUY 52 3579 23352
BUY 17 4689 23417
BUY 12 6007 4812
BUY 4 14373 19604
BUY 58 16032 2758
BUY 89 17805 11689
BUY 35 2002 25935
BUY 69 9613 14269
BUY 68 17765 23168
BUY 37 11081 15337
BUY 19 10434 9919
BUY 30 14291 16530
BUY 33 19278 25033
BUY 53 2149 16253
BUY 17 12007 6817
BUY 59 12262 9859
BUY 78 17634 8178
BUY 10 1168 22110
BUY 76 4371 2876
BUY 57 1546 21157
BUY 62 11967 9862
BUY 50 122 5650
BUY 53 16560 11953
BUY 53 2826 18153
BUY 57 2826 1757
BUY 32 15781 8032
BUY 97 5797 18997
BUY 56 1996 18256
BUY 37 753 6537
BUY 91 11525 7391
BUY 70 13036 12270
BUY 64 16997 9864
BUY 87 2245 4987
BUY 89 2438 10789
BUY 77 4276 1677
BUY 75 5075 15775
BUY 89 10646 7889
BUY 6 5338 5706
BUY 62 6375 15862
BUY 37 14076 14237
BUY 96 19221 5996
BUY 23 11495 23523
BUY 92 16717 18992
BUY 18 19221 7118
BUY 10 6664 23510
BUY 99 7068 23499
BUY 60 18105 2160
BUY 45 18482 4445
BUY 58 18937 6058
BUY 78 19789 17678
BUY 40 17065 24140
BUY 48 16812 23248
BUY 32 17302 22832
BUY 36 13170 2436
BUY 68 8251 16068
BUY 65 13177 24765
BUY 13 15029 14613
BUY 35 13948 7135
BUY 84 19021 22384
BUY 79 4229 7379
BUY 72 6973 5572
BUY 67 14500 5267
BUY 62 8869 21162
BUY 97 10902 19697
BUY 9 13642 3509
BUY 38 18123 14238
BUY 3 6279 803
BUY 96 14155 23996
BUY 30 17404 1930
BUY 60 15560 4460
BUY 40 620 140
BUY 26 4950 3526
BUY 57 261 3157
BUY 20 6506 820
BUY 91 17977 23091
BUY 8 10283 24608
BUY 52 2108 25952
BUY 46 17526 16246
BUY 76 18112 7076
BUY 25 10707 14025
BUY 49 19795 5649
BUY 66 11666 1566
BUY 60 12148 11760
BUY 15 15338 14415
BUY 96 16401 496
BUY 34 19689 23934
BUY 21 9649 9221
BUY 32 906 132
BUY 91 4904 6091
BUY 12 17266 4312
BUY 77 3511 17077
BUY 91 13545 20091
BUY 3 8204 20303
BUY 23 10879 13323
BUY 90 7992 21290
BUY 83 8697 18583
BUY 78 1116 12278
BUY 99 2868 2599
BUY 32 8312 5932
BUY 72 14064 7472
BUY 5 4357 16705
BUY 35 4969 11035
BUY 53 19436 9353
BUY 77 19484 21377
BUY 42 1557 1442
BUY 43 5947 20743
BUY 74 14501 14074
BUY 44 14877 18544
BUY 3 10134 14303
BUY 96 17097 19596
BUY 42 11223 642
BUY 51 7811 9351
BUY 15 12567 8215
BUY 5 5459 14305
BUY 89 3659 15889
BUY 78 18059 15978
BUY 22 7754 12922
BUY 37 16955 21837
BUY 42 499 7442
BUY 85 16640 10185
BUY 64 18574 23464
BUY 74 17535 17474
BUY 27 4969 16027
BUY 84 6007 8784
BUY 83 17293 12483
BUY 18 9103 2318
BUY 64 13588 6564
BUY 24 7501 25924
BUY 43 19362 23143
BUY 17 17314 8717
BUY 11 19901 2311
BUY 50 6973 12750
BUY 45 7064 22445
BUY 91 16034 10091
BUY 5 14348 17505
BUY 45 14501 9345
BUY 19 4033 13719
BUY 77 16490 18377
BUY 56 16568 10856
BUY 32 15406 20332
BUY 30 4451 22130
BUY 28 4123 3928
BUY 44 12769 13344
BUY 55 8346 16555
BUY 72 14070 13072
BUY 37 19894 14537
BUY 10 16857 9810
BUY 80 11772 7480
BUY 56 9400 11556
BUY 6 14103 21506
BUY 35 11525 1435
BUY 41 12664 9041
BUY 82 10962 24982
BUY 55 11128 25855
BUY 94 17394 19194
BUY 28 1127 11028
BUY 89 497 13489
BUY 62 8817 3562
BUY 27 15867 10327
BUY 59 12377 3959
BUY 75 2816 7475
BUY 99 14585 18099
BUY 99 381 16099
BUY 56 15574 15156
BUY 61 17448 6361
BUY 25 19509 18025
BUY 29 11037 20529
BUY 46 15325 24446
BUY 41 10012 24241
BUY 15 11845 10515
BUY 41 1803 25741
BUY 92 5308 5192
BUY 67 2392 4367
BUY 52 4405 21952
BUY 61 1735 16061
BUY 90 16633 15990
BUY 10 13844 24310
BUY 97 6368 11597
BUY 34 10094 20534
BUY 97 14890 2497
BUY 1 8584 10901
BUY 23 14498 7823
BUY 78 19425 25278
BUY 48 19349 19248
BUY 54 1289 6754
BUY 50 4455 5550
BUY 57 6698 24957
BUY 29 5495 15429
BUY 66 14326 3866
BUY 57 15071 16457
BUY 28 7801 18328
BUY 14 5514 10114
BUY 29 11752 9429
BUY 60 3505 760
BUY 92 18366 3192
BUY 40 10181 21040
BUY 68 10009 15068
BUY 83 7640 2883
BUY 96 15419 4996
BUY 72 10286 10572
BUY 22 5115 1422
BUY 41 3480 19941
BUY 33 12567 3133
BUY 71 16857 8471
BUY 89 16139 5889
BUY 51 19284 23851
BUY 87 763 22587
BUY 52 17092 25052
BUY 18 6936 11018
BUY 93 19644 14293
BUY 24 13479 1624
BUY 14 9442 8814
BUY 84 17945 24784
BUY 58 12637 11058
BUY 54 10646 2054
BUY 18 2121 25318
BUY 77 12377 18677
BUY 99 11881 19999
BUY 11 6314 9011
BUY 16 15265 4816
BUY 38 16296 11538
BUY 47 8162 18947
BUY 77 18430 77
BUY 17 632 22117
BUY 1 8346 17501
BUY 10 4624 24010
BUY 20 14811 19620
BUY 99 6811 22999
BUY 15 16121 4415
BUY 30 17058 4930
BUY 65 14926 12465
BUY 12 13948 16212
BUY 49 9352 3349
BUY 40 8331 7640
BUY 21 16494 7021
BUY 84 9325 24384
BUY 93 11802 7593
BUY 30 13207 6030
BUY 56 9214 25756
BUY 84 14877 10284
BUY 87 14326 14887
BUY 9 2028 10409
BUY 93 3882 18193
BUY 99 16202 24499
BUY 38 18073 23738
BUY 8 3637 2708
BUY 26 2149 26
BUY 47 3624 22947
BUY 12 14168 3412
BUY 74 19761 15874
BUY 91 13971 25591
BUY 85 2476 16385
BUY 84 6023 14884
BUY 1 19391 5001
BUY 29 5780 5229
BUY 85 14096 23485
BUY 33 3888 6733
BUY 54 4789 2954
BUY 43 4454 12543
BUY 60 2655 13360
BUY 95 17266 2895
BUY 80 6272 25380
BUY 25 14915 8225
BUY 93 9613 19593
BUY 51 8222 5551
BUY 47 11032 10347
BUY 13 18223 6213
BUY 49 2442 7349
BUY 73 8162 14373
BUY 17 3622 9217
BUY 12 6936 612
BUY 88 11690 17188
BUY 36 14604 25436
BUY 68 14353 17068
BUY 71 4033 11271
BUY 17 2422 9317
BUY 38 4319 1238
BUY 61 18123 1061
BUY 89 8826 14289
BUY 30 13839 12930
BUY 80 13845 6980
BUY 27 7168 1927
BUY 46 17226 23246
BUY 49 13005 14949
BUY 35 15100 6535
BUY 50 261 4050
BUY 27 18471 3527
BUY 33 4719 15233
BUY 7 3009 13407
BUY 12 4454 5812
BUY 28 10434 7428
BUY 43 15500 7143
BUY 21 2043 1521
BUY 88 11967 16588
BUY 76 15338 17476
BUY 73 5464 25873
BUY 72 18046 672
BUY 54 803 3154
BUY 28 19320 6428
BUY 22 12879 9022
BUY 48 18953 16348
BUY 61 7588 23861
BUY 59 6233 21259
BUY 83 7211 22883
BUY 82 1862 23882
BUY 59 381 13759
BUY 36 7373 9236
BUY 14 12624 21014
BUY 7 8312 13107
BUY 42 10009 4842
BUY 9 15115 14709
BUY 81 13596 18881
BUY 23 6646 8523
BUY 66 14963 22166
BUY 41 15727 5741
BUY 84 620 4284
BUY 89 12496 19889
BUY 9 14471 309
BUY 1 18482 12801
BUY 13 18602 25813
BUY 40 6581 25240
BUY 45 14225 2145
BUY 86 3435 22686
BUY 75 1287 25175
BUY 93 2422 11193
BUY 32 2288 17832
BUY 61 14381 23361
BUY 30 18261 24930
BUY 34 10227 4434
BUY 92 2382 11792
BUY 47 661 25247
BUY 50 12377 19550
BUY 44 8812 16344
BUY 97 11845 10797
BUY 98 15087 17298
BUY 84 1810 25284
BUY 19 2655 8419
BUY 44 16928 18644
BUY 95 12697 395
BUY 36 12378 336
BUY 95 10844 12195
BUY 20 441 18420
BUY 57 1116 2457
BUY 34 4683 10634
BUY 6 14500 17406
BUY 70 16275 22270
BUY 88 18471 6788
BUY 32 13245 8132
BUY 94 13606 22394
BUY 2 6470 5902
BUY 43 12586 43
BUY 93 16997 13593
BUY 60 11967 7860
BUY 72 16114 19172
BUY 87 13015 6987
BUY 64 13948 10364
BUY 68 1627 6168
BUY 6 3354 14706
BUY 78 4296 5478
BUY 25 15727 10825
BUY 76 11 25576
BUY 34 17810 8334
BUY 23 9173 21523
BUY 89 13567 16189
BUY 16 10060 22816
BUY 90 127 5190
BUY 81 19493 8481
BUY 86 15350 1886
BUY 72 19189 772
BUY 82 11081 5482
BUY 63 9602 5563
BUY 36 5533 8536
BUY 18 15759 12418
BUY 47 2224 22047
BUY 39 5821 4339
BUY 59 3516 16359
BUY 54 2258 2254
BUY 22 2531 3922
BUY 10 18537 4810
BUY 22 16935 1922
BUY 70 2043 2270
BUY 93 9930 23493
BUY 0 9490 12200
BUY 96 19901 15696
BUY 78 19894 18278
BUY 27 7177 17027
BUY 92 13520 5892
BUY 50 3516 1350
BUY 91 4033 2191
BUY 61 14006 17761
BUY 58 5992 23558
BUY 66 2437 22066
BUY 13 7400 4813
BUY 56 2382 12556
BUY 20 12738 8620
BUY 61 17563 15561
BUY 75 18337 24875
BUY 77 19168 13877
BUY 90 18786 23990
BUY 32 4123 9032
BUY 46 16088 17846
BUY 45 8880 4645
BUY 86 11985 14286
BUY 80 10569 25080
BUY 75 12867 24075
BUY 64 18366 5364
BUY 23 7084 4323
BUY 12 19168 7212
BUY 62 13553 14562
BUY 15 6375 13115
BUY 74 9336 10774
BUY 8 16088 13208
BUY 80 11666 6580
BUY 81 10409 14481
BUY 68 7373 3268
BUY 82 15406 1482
BUY 79 15110 19179
BUY 68 8952 6868
BUY 89 17232 24489
BUY 90 17389 2990
BUY 96 16802 2396
BUY 78 11809 24878
BUY 96 7145 5496
BUY 31 7223 1931
BUY 15 7231 22315
BUY 14 13009 17614
BUY 30 3185 12630
BUY 21 11032 2021
BUY 13 14798 713
BUY 59 14353 559
BUY 67 17453 23967
BUY 29 5815 2029
BUY 21 11391 8321
BUY 48 16296 8648
BUY 1 7619 1101
BUY 81 1841 3181
BUY 84 16110 24684
BUY 85 5055 1385
BUY 66 8890 24666
BUY 45 12515 16745
BUY 96 4123 17096
BUY 40 4296 11240
BUY 3 11484 6403
BUY 13 457 17513
BUY 61 6818 8161
BUY 57 15674 7557
BUY 73 10089 6673
BUY 38 11582 20938
BUY 45 18018 345
BUY 66 19781 19066
BUY 43 7749 25843
BUY 65 11071 7465
BUY 40 17076 22740
BUY 70 2933 16070
BUY 35 15406 14435
BUY 98 12710 3898
BUY 43 18968 13743
BUY 2 12781 4502
BUY 5 14086 4305
BUY 86 12541 9886
BUY 44 7145 10444
BUY 52 16709 7152
BUY 29 9490 20329
BUY 28 15029 17728
BUY 70 11842 24270
BUY 58 10879 4758
BUY 57 13516 21357
BUY 8 6689 12508
BUY 81 16640 16881
BUY 59 15822 13559
BUY 34 16935 2234
BUY 98 15324 19498
BUY 32 12573 13832
BUY 89 2674 6389
BUY 52 14353 3452
BUY 89 18366 1389
BUY 34 7754 13334
BUY 76 11681 5076
BUY 26 12323 23826
BUY 60 2964 22760
BUY 99 10519 8599
BUY 2 372 5802
BUY 86 15399 5186
BUY 65 18048 14065
BUY 0 9417 24900
BUY 68 5234 22268
BUY 70 17293 18870
BUY 92 3916 192
BUY 63 16984 13763
BUY 16 10239 19216
BUY 49 19516 23549
BUY 22 15399 3822
BUY 10 9014 18810
BUY 61 10409 20361
BUY 65 10581 6665
BUY 32 2792 14132
BUY 79 19320 9079
BUY 28 7168 4728
BUY 20 10255 2820
BUY 78 12573 7678
BUY 72 17266 472
BUY 78 8539 20178
BUY 30 10972 18930
BUY 28 13980 6028
BUY 62 622 18362
BUY 49 230 20849
BUY 15 9548 8015
BUY 47 16374 19147
BUY 72 5947 12372
BUY 28 10979 13028
BUY 95 9069 22095
BUY 9 8755 17709
BUY 45 4319 4245
BUY 86 7400 4386
BUY 20 12278 10720
BUY 88 5900 22688
BUY 18 721 6718
BUY 27 18471 1727
BUY 2 12515 6802
BUY 18 8088 4518
BUY 52 17314 2952
BUY 68 11700 1468
BUY 75 19598 15275
BUY 32 12360 21432
BUY 87 3888 3587
BUY 75 4147 1475
BUY 6 18843 23006
BUY 75 18123 6175
BUY 17 9176 2717
BUY 31 9103 4331
BUY 65 13867 23065
BUY 65 19530 18165
BUY 76 16332 15676
BUY 42 9844 11042
BUY 97 16224 17097
BUY 47 12567 10747
BUY 46 18492 3646
BUY 38 14773 11438
BUY 44 4969 19544
BUY 41 6312 16041
BUY 22 9183 22222
BUY 37 6470 637
BUY 11 13426 111
BUY 47 16935 3647
BUY 96 7223 8196
BUY 85 1735 4785
BUY 0 16078 19400
BUY 60 3516 2860
BUY 13 14793 9313
BUY 8 7241 9608
BUY 56 17435 14256
BUY 81 8552 11081
BUY 33 19716 6933
BUY 16 10553 9516
BUY 8 15614 25508
BUY 8 4244 10508
BUY 49 2674 15849
BUY 24 13137 24424
BUY 95 13979 24595
BUY 83 6266 24383
BUY 98 1864 698
BUY 32 11317 19632
BUY 22 7914 1722
BUY 87 6094 23587
BUY 51 13149 24651
BUY 94 17166 994
BUY 9 9341 24609
BUY 99 19732 2799
BUY 31 122 20631
BUY 10 6632 3610
BUY 12 19404 22612
BUY 32 17246 5432
BUY 80 14530 14580
BUY 57 11391 8157
BUY 47 7757 19347
BUY 90 18048 11690
BUY 0 9610 13800
BUY 91 6218 7791
BUY 16 4695 23516
BUY 35 7400 15235
BUY 36 16771 25036
BUY 17 19493 6717
BUY 15 16552 1615
BUY 45 17727 10145
BUY 6 11084 22806
BUY 6 3150 22206
BUY 21 1678 1921
BUY 36 10416 25736
BUY 9 13245 13409
BUY 55 18537 9155
BUY 0 12567 8200
BUY 75 12773 1775
BUY 4 4147 9804
BUY 5 24 3705
BUY 31 8163 17531
BUY 60 5119 5160
BUY 44 18998 9144
BUY 96 3221 15496
BUY 57 6983 2657
BUY 56 10948 20456
BUY 98 12332 18098
BUY 53 19075 23253
BUY 93 13207 17293
BUY 42 10363 10442
BUY 89 15265 14789
BUY 75 14104 8975
BUY 58 16036 21158
BUY 79 1649 17579
BUY 22 7820 8022
BUY 58 15806 1358
BUY 5 11143 18505
BUY 44 2349 18744
BUY 88 5298 23488
BUY 87 6823 16387
BUY 63 17728 10163
BUY 96 17982 4896
BUY 98 15366 20998
BUY 2 18122 24702
BUY 82 13975 21782
BUY 69 19732 17769
BUY 31 18215 9631
BUY 37 12567 6237
BUY 42 15759 12442
BUY 46 16106 17646
BUY 23 12586 8423
BUY 63 7563 13963
BUY 2 13709 13702
BUY 62 16782 2662
BUY 13 1643 17613
BUY 4 14326 2004
BUY 57 11700 12457
BUY 63 3121 1563
BUY 36 18407 936
BUY 12 4734 5912
BUY 36 1791 3236
BUY 2 9315 19302
BUY 8 7614 16708
BUY 48 19391 11148
BUY 52 1321 17052
BUY 31 2438 14031
BUY 30 8052 8230
BUY 81 11540 8381
BUY 29 15781 12029
BUY 34 14484 15434
BUY 81 11343 15781
BUY 11 3933 3811
BUY 56 13980 2456
BUY 44 14498 10844
BUY 41 19866 19241
BUY 83 127 15983
BUY 36 16541 8636
BUY 92 545 21392
BUY 34 2095 12434
BUY 9 16728 3809
BUY 58 18048 8158
BUY 20 3868 20820
BUY 11 8584 14611
BUY 90 10698 22190
BUY 95 4286 7095
BUY 34 3284 19234
BUY 45 8952 4845
BUY 24 14471 1724
BUY 80 2703 23980
BUY 64 16419 3564
BUY 62 16374 18762
BUY 56 5533 8056
BUY 88 15279 24788
BUY 80 9940 680
BUY 6 19251 16006
BUY 82 6936 10082
BUY 44 12219 10944
BUY 87 6218 15787
BUY 81 2674 16281
BUY 6 13426 9206
BUY 30 15419 14730
BUY 79 3009 15279
BUY 45 9576 14845
BUY 44 14114 18144
BUY 13 9103 13613
BUY 81 3480 20181
BUY 95 19436 2595
BUY 31 9205 9931
BUY 77 12272 16177
BUY 81 8323 18081
BUY 13 7911 13913
BUY 72 18584 1172
BUY 21 12496 19721
BUY 87 14159 23987
BUY 72 17404 18572
BUY 64 13735 1064
BUY 29 11757 24229
BUY 5 17433 12705
BUY 53 9305 22553
BUY 74 19391 674
BUY 67 16188 11067
BUY 86 13563 5286
BUY 81 3863 12281
BUY 45 1127 17045
BUY 78 7635 22278
BUY 76 13706 22076
BUY 54 13800 1254
BUY 11 381 5311
BUY 30 11681 1730
BUY 72 6840 2772
BUY 77 17060 14277
BUY 16 7514 20916
BUY 80 3882 7880
BUY 77 9080 22677
BUY 28 4371 20328
BUY 19 11482 9419
BUY 7 13980 19307
BUY 60 11152 13560
BUY 37 7223 4737
BUY 10 13170 14210
BUY 67 2674 4767
BUY 95 11384 25995
BUY 30 6840 15430
BUY 29 8375 20929
BUY 1 14092 16101
BUY 50 4940 21550
BUY 61 11851 13161
BUY 93 10885 193
BUY 89 5096 2889
BUY 45 12262 8245
BUY 64 4229 18464
BUY 81 1646 681
BUY 54 2184 13254
BUY 65 15245 2465
BUY 62 8145 21262
BUY 44 15406 9044
BUY 58 3474 22558
BUY 16 8832 19516
BUY 98 10621 23498
BUY 39 5798 12139
BUY 37 5576 2837
BUY 47 4227 2647
BUY 17 18162 8517
BUY 42 5294 15042
BUY 70 2968 22070
BUY 89 10879 19489
BUY 11 10442 23811
BUY 72 2953 20072
BUY 8 4563 708
BUY 50 15815 13350
BUY 76 10741 2076
BUY 74 9602 12174
BUY 84 5248 24584
BUY 30 11647 4530
BUY 13 2028 19713
BUY 1 11734 2901
BUY 10 10821 10710
BUY 40 19064 11940
BUY 72 10844 11672
BUY 86 11283 23586
BUY 58 3486 22458
BUY 30 11919 10430
BUY 55 19894 19955
BUY 85 7757 85
BUY 29 16414 23929
BUY 44 15306 3344
BUY 89 13292 10089
BUY 79 6823 1779
BUY 41 6900 11641
BUY 27 15324 18927
BUY 97 6718 97
BUY 29 5947 17729
BUY 22 17563 13222
BUY 35 17693 21435
BUY 36 2020 25136
BUY 9 12697 18809
BUY 7 12378 2107
BUY 57 13980 11957
BUY 33 11032 12733
BUY 3 8662 18703
BUY 63 8052 2263
BUY 70 1708 21370
BUY 49 19479 249
BUY 55 17459 21655
BUY 29 5075 7429
BUY 63 10519 8063
BUY 8 4319 16508
BUY 91 6004 22891
BUY 69 17145 12069
BUY 22 1386 14022
BUY 91 13748 24391
BUY 81 4687 2281
BUY 40 2868 13540
BUY 40 4999 14440
BUY 90 10553 17590
BUY 82 5544 11482
BUY 17 11421 10617
BUY 41 10176 2241
BUY 51 15806 13051
BUY 40 11614 4540
BUY 7 12148 12607
BUY 54 11802 12454
BUY 59 10959 14959
BUY 88 7177 10488
BUY 29 499 1329
BUY 87 4276 18387
BUY 37 16320 7737
BUY 35 19716 2935
BUY 8 2893 12408
BUY 62 374 2362
BUY 19 5348 1319
BUY 5 5459 10105
BUY 16 2288 8216
BUY 59 11734 16259
BUY 93 19436 12193
BUY 34 15538 24134
BUY 23 15115 12123
BUY 50 12219 13950
BUY 71 4482 19971
BUY 94 11369 15594
BUY 59 18312 23159
BUY 4 14934 11504
BUY 9 19901 4109
BUY 30 15406 5430
BUY 10 14006 14710
BUY 38 16034 10138
BUY 0 7511 2000
BUY 67 3786 24667
BUY 93 19423 16493
BUY 96 10581 13596
BUY 39 6823 20339
BUY 87 19201 17987
BUY 32 2779 10432
BUY 30 53 17630
BUY 82 16127 7782
BUY 13 9969 7613
BUY 34 12558 11834
BUY 17 4680 21717
BUY 60 12963 20260
BUY 88 4372 24088
BUY 56 5173 4756
BUY 74 17769 22274
BUY 3 5583 24103
BUY 31 9898 24231
BUY 19 9490 7819
BUY 24 17004 21124
BUY 12 17810 2712
BUY 31 18160 9031
BUY 61 2779 11261
BUY 1 7168 19301
BUY 44 17634 19644
BUY 61 19795 4961
BUY 34 12904 4634
BUY 9 9205 12309
BUY 58 7478 8458
BUY 64 4687 20164
BUY 19 830 5819
BUY 18 12679 19818
BUY 95 4097 24995
BUY 98 18048 17498
BUY 86 11014 23686
BUY 12 3241 11612
BUY 11 13258 24611
BUY 2 7911 17002
BUY 72 5576 372
BUY 41 12542 17941
BUY 89 5798 6789
BUY 99 13930 14399
BUY 13 3863 13513
BUY 41 3636 5441
BUY 71 11992 19271
BUY 97 13545 3897
BUY 24 4060 324
BUY 56 5815 16856
BUY 81 1127 5581
BUY 98 12637 14798
BUY 99 13596 11499
BUY 61 10614 22161
BUY 7 14386 24307
BUY 6 11421 206
BUY 28 1977 9528
BUY 89 15406 5589
BUY 50 5569 24250
BUY 43 13948 20243
BUY 32 3371 22732
BUY 52 16997 12152
BUY 61 17536 18261
BUY 10 11845 6210
BUY 3 19598 11703
BUY 13 4969 19913
BUY 44 14006 5544
BUY 24 7094 4524
BUY 94 2521 794
BUY 41 4613 9641
BUY 31 2476 11031
BUY 44 12989 24244
BUY 1 9940 19601
BUY 35 15407 15435
BUY 11 13588 16811
BUY 61 15306 13861
BUY 64 6470 5764
BUY 82 17605 18082
BUY 22 17341 6322
BUY 78 13493 18978
BUY 35 15689 13535
BUY 81 17603 16181
BUY 49 15029 17449
BUY 19 19980 10219
BUY 74 6724 25174
BUY 10 10553 17510
BUY 47 11484 11447
BUY 33 6023 12133
BUY 19 2145 24419
BUY 81 13980 14681
BUY 73 12580 21773
BUY 7 5821 15507
BUY 38 17929 22938
BUY 86 8832 6586
BUY 97 1735 13997
BUY 81 16728 19181
BUY 14 13839 13314
BUY 93 757 21593
BUY 67 3001 19667
BUY 32 19189 7932
BUY 3 721 13603
BUY 43 7546 20943
BUY 61 1386 9661
BUY 59 11671 17959
BUY 25 15087 1325
BUY 81 15250 13081
BUY 82 12603 2682
BUY 12 7369 24312
BUY 67 10902 2867
BUY 19 15024 10319
BUY 88 5944 788
BUY 82 5672 25982
BUY 82 7241 17282
BUY 90 14633 24190
BUY 70 372 17370
BUY 8 12781 11708
BUY 53 18600 6153
BUY 43 4687 4243
BUY 29 3342 11629
BUY 66 17943 15566
BUY 63 19795 13663
BUY 82 16747 25082
BUY 99 3511 10799
BUY 22 4537 24722
BUY 94 5725 16594
BUY 65 9275 23165
BUY 15 3817 7315
BUY 37 11116 17937
BUY 60 8371 23460
BUY 71 784 23071
BUY 76 6840 6776
BUY 58 8501 6658
BUY 8 4296 3808
BUY 85 10286 13385
BUY 30 11223 14930
BUY 10 10656 25710
BUY 36 12319 25836
BUY 91 867 17891
BUY 28 6733 21728
BUY 78 18184 14878
BUY 6 7841 506
BUY 87 14657 6187
BUY 50 16401 12050
BUY 29 8448 18629
BUY 57 8132 9157
BUY 68 4745 2368
BUY 77 5075 277
BUY 30 9535 10730
BUY 89 15778 10689
BUY 78 8812 10178
BUY 66 2382 16666
BUY 27 16114 15727
BUY 47 1366 24947
BUY 52 6744 17252
BUY 16 9103 16316
BUY 81 19866 9881
BUY 51 9473 9851
BUY 57 11061 18957
BUY 91 13409 19691
BUY 43 12954 10743
BUY 95 12279 21495
BUY 48 18535 25248
BUY 32 8046 4932
BUY 47 14471 9247
BUY 21 8755 16421
BUY 26 13630 14626
BUY 63 4331 13163
BUY 90 10304 16290
BUY 10 14501 18310
BUY 85 6525 20185
BUY 49 8616 23449
BUY 56 7223 3556
BUY 31 14086 1131
BUY 58 15087 16558
BUY 67 2349 16367
BUY 11 3009 9211
BUY 21 392 5121
BUY 53 14811 5653
BUY 85 2245 16785
BUY 61 9579 24261
BUY 28 8781 15328
BUY 53 14500 2153
BUY 17 4357 13317
BUY 57 16332 15357
BUY 8 12332 4808
BUY 53 10394 17453
BUY 35 65 15335
BUY 99 2204 15499
BUY 63 16782 3063
BUY 55 4319 20455
BUY 96 9969 196
BUY 36 15284 9136
BUY 61 13756 13361
BUY 57 690 20357
BUY 78 12148 9778
BUY 39 5119 639
BUY 20 11223 420
BUY 32 11317 20432
BUY 96 8874 4096
BUY 45 18937 14545
BUY 49 16494 1549
BUY 32 16709 13932
BUY 66 9743 9166
BUY 54 11647 11654
BUY 20 16078 11720
BUY 42 1116 12642
BUY 52 19761 7552
BUY 94 4302 10694
BUY 40 2865 23140
BUY 99 6368 6899
BUY 19 12664 5219
BUY 25 12431 9725
BUY 89 4711 989
BUY 93 15053 15493
BUY 38 14373 14938
BUY 16 19148 4316
BUY 37 13157 9737
BUY 83 17536 19283
BUY 68 4226 24368
BUY 30 2069 22630
BUY 96 10255 4696
BUY 86 3650 20786
BUY 83 17982 3483
BUY 75 3284 4275
BUY 46 19018 24846
BUY 48 8216 15248
BUY 51 8287 16251
BUY 17 6525 717
BUY 75 8811 21175
BUY 89 3185 19589
BUY 41 10741 4241
BUY 83 11796 3383
BUY 9 3888 5309
BUY 80 14909 19980
BUY 44 12379 2944
BUY 39 6577 6839
BUY 36 13475 23536
BUY 18 1611 15718
BUY 42 3121 5942
BUY 59 5879 24559
BUY 77 14873 16777
BUY 28 15245 2128
BUY 99 10822 23999
BUY 55 2977 23155
BUY 72 18489 17172
BUY 90 1289 9190
BUY 83 15458 23183
BUY 8 11380 12008
BUY 26 16840 19426
BUY 5 5815 6105
BUY 64 7605 22364
BUY 19 18864 10519
BUY 87 6275 24687
BUY 58 7801 1958
BUY 75 1847 5475
BUY 39 2400 13239
BUY 92 11005 24292
BUY 33 3682 13733
BUY 60 3637 7560
BUY 26 8832 3826
BUY 37 17389 3537
BUY 64 4433 4664
BUY 52 5459 1252
BUY 45 10176 8845
BUY 71 16890 18171
BUY 47 753 16647
BUY 24 16034 12524
BUY 54 16028 14554
BUY 55 11938 3355
BUY 43 10176 18543
BUY 80 16696 12580
BUY 61 823 10361
BUY 72 17097 6572
BUY 33 11881 7833
BUY 79 10081 179
BUY 26 18864 19026
BUY 33 8803 11133
BUY 35 6375 17735
BUY 18 1649 1018
BUY 48 6734 18148
BUY 13 16717 20213
BUY 7 9009 2307
BUY 27 4296 13727
BUY 0 11992 7400
BUY 32 620 2632
BUY 84 7658 6284
BUY 33 14811 2433
BUY 18 18209 19518
BUY 19 721 19119
BUY 38 4019 5338
BUY 75 2645 21875
BUY 85 12390 24485
BUY 42 15505 6142
BUY 30 13809 24530
BUY 54 19189 9554
BUY 53 671 24853
BUY 11 5944 1811
BUY 74 7530 21574
BUY 59 13735 13459
BUY 23 3952 24923
BUY 66 17728 12466
BUY 19 17943 20319
BUY 8 3011 21508
BUY 3 16782 4503
BUY 79 16114 16079
BUY 55 18414 22855
BUY 81 7852 12981
BUY 25 3916 12125
BUY 23 9103 1023
BUY 26 2442 6826
BUY 37 13930 10437
BUY 82 17647 18782
BUY 71 18368 11571
BUY 18 19064 14518
BUY 85 11048 185
BUY 41 2521 10041
BUY 67 4398 22867
BUY 43 18629 23343
BUY 46 16309 9346
BUY 32 1678 11332
BUY 42 4475 25242
BUY 70 11258 2470
BUY 20 1209 24620
BUY 71 11734 8371
BUY 9 10580 19309
BUY 58 11037 3658
BUY 74 16935 10474
BUY 14 15711 4114
BUY 27 3867 15327
BUY 46 8516 21446
BUY 38 11241 7338
BUY 29 4683 7329
BUY 16 19828 15316
BUY 7 10044 16907
BUY 58 7833 25458
BUY 70 3916 8370
BUY 0 19420 15300
BUY 46 1309 21646
BUY 33 13588 18433
BUY 62 17810 3862
BUY 29 5576 19029
BUY 82 622 20382
BUY 18 17593 24918
BUY 30 381 2430
BUY 10 19668 24610
BUY 61 15976 24461
BUY 92 14873 18092
BUY 69 18998 2369
BUY 75 9844 2375
BUY 36 9238 25336
BUY 38 14310 24638
BUY 44 16088 10644
BUY 90 55 13790
BUY 70 15046 22370
BUY 32 4649 22232
BUY 51 10659 5151
BUY 96 10729 25496
BUY 98 16619 598
BUY 46 19761 6746
BUY 73 4328 21573
BUY 25 10966 11825
BUY 41 18160 3441
BUY 31 4687 18631
BUY 84 6142 12384
BUY 27 18444 17927
BUY 36 9122 22636
BUY 83 18489 2983
BUY 62 17188 9662
BUY 5 13756 6505
BUY 40 803 840
BUY 83 6689 2383
BUY 32 4455 2032
BUY 19 7619 819
BUY 32 972 7432
BUY 31 7168 16331
BUY 28 3060 15528
BUY 83 10346 6383
BUY 69 11700 269
BUY 53 16762 9853
BUY 86 17097 4286
BUY 96 247 25796
BUY 67 14811 8567
BUY 38 2185 22538
BUY 96 17631 25896
BUY 24 15265 2324
BUY 30 6441 24230
BUY 43 17563 2143
BUY 63 18368 17663
BUY 83 11964 21683
BUY 68 3342 13768
BUY 52 3121 8252
BUY 56 4300 3256
BUY 4 16401 8304
BUY 65 18738 22265
BUY 93 16023 25593
BUY 74 5392 3774
BUY 2 14508 14302
BUY 4 15399 3904
BUY 37 10959 13637
BUY 38 2893 2538
BUY 95 13005 2095
BUY 56 11048 8156
BUY 15 13473 21115
BUY 43 7792 5743
BUY 83 19681 3583
BUY 65 3990 2565
BUY 91 18242 17191
BUY 37 1321 6337
BUY 45 10286 11645
BUY 64 8584 11164
BUY 82 8521 25482
BUY 55 4033 8655
BUY 62 6646 3162
BUY 8 19391 19608
BUY 41 8113 23741
BUY 81 14125 23881
BUY 40 1536 7840
BUY 84 6175 21184
BUY 58 5815 6458
BUY 68 18368 15668
BUY 7 19409 25107
BUY 57 11181 2157
BUY 27 10645 12627
BUY 92 8356 24092
BUY 53 12531 11653
BUY 5 2984 15205
BUY 3 4227 203
BUY 96 3489 696
BUY 64 16782 7664
BUY 89 17810 18989
BUY 35 3284 5835
BUY 10 13292 16910
BUY 7 2400 12807
BUY 97 7811 8497
BUY 91 10707 12491
BUY 71 11700 17971
BUY 87 7373 10487
BUY 5 3046 7905
BUY 56 5238 10756
BUY 99 2833 19499
BUY 85 6923 22885
BUY 82 15652 19482
BUY 98 19887 9698
BUY 34 8383 6634
BUY 92 3757 22692
BUY 37 13945 22537
BUY 32 17195 21632
BUY 7 12738 107
BUY 14 7400 14014
BUY 23 9743 15723
BUY 9 15500 20009
BUY 52 2787 5152
BUY 3 18184 17303
BUY 48 17297 21148
BUY 65 926 19765
BUY 44 14657 12344
BUY 69 12541 13269
BUY 40 13760 6140
BUY 73 16121 12373
BUY 94 16696 13594
BUY 7 14498 7207
BUY 56 7377 20856
BUY 21 14877 5621
BUY 26 1379 10726
BUY 4 8697 18604
BUY 51 8301 22051
BUY 6 8163 11006
BUY 29 12903 16129
BUY 51 18982 20551
BUY 84 55 4084
BUY 51 13664 25551
BUY 15 18777 25715
BUY 87 4060 487
BUY 11 6506 17511
BUY 13 127 18013
BUY 91 3128 25391
BUY 46 5514 9646
BUY 13 11858 24213
BUY 20 9278 10020
BUY 72 18785 8972
BUY 91 18937 4991
BUY 57 19245 12557
BUY 90 240 19590
BUY 4 11845 16604
BUY 97 11688 25197
BUY 63 8323 5163
BUY 0 3244 8100
BUY 77 11094 24177
BUY 44 15245 4744
BUY 96 7843 25996
BUY 5 14373 1305
BUY 77 16267 23277
BUY 15 17789 17515
BUY 57 2851 19157
BUY 70 19168 9470
BUY 50 4929 2750
BUY 53 4729 19553
BUY 76 19586 4876
BUY 33 16127 633
BUY 34 7738 5234
BUY 63 10553 2763
BUY 87 12558 7787
BUY 73 13800 12573
BUY 11 19586 2811
BUY 76 8290 6176
BUY 21 8781 11621
BUY 66 5780 5866
BUY 81 6718 4681
BUY 85 18215 12985
BUY 72 3046 11172
BUY 7 9649 907
BUY 89 19901 17389
BUY 49 9303 3249
BUY 94 2308 16694
BUY 55 1606 4555
BUY 51 19586 7951
BUY 40 6769 2540
BUY 37 9611 1237
BUY 73 12637 16373
BUY 29 6218 3029
BUY 5 10176 5805
BUY 43 12898 20043
BUY 69 11135 23269
BUY 47 16876 25647
BUY 93 8926 18493
BUY 70 12898 670
BUY 63 10605 24063
BUY 95 11421 18695
BUY 92 155 18792
BUY 63 17890 22163
BUY 40 8270 25540
BUY 52 16640 10252
BUY 46 3284 19446
BUY 92 9611 4992
BUY 66 16762 2066
BUY 76 5459 19776
BUY 96 457 10396
BUY 98 15117 25398
BUY 34 11734 19034
BUY 56 12347 556
BUY 70 8046 7970
BUY 1 3629 7901
BUY 57 3046 12057
BUY 3 10359 21103
BUY 43 19761 19643
BUY 86 16696 12786
BUY 0 3354 18700
BUY 38 1553 6438
BUY 56 4718 24656
BUY 79 10304 979
BUY 68 12603 3968
BUY 20 16032 18720
BUY 75 6366 12175
BUY 81 5627 23281
BUY 35 14484 13135
BUY 37 11938 11837
BUY 4 372 12004
BUY 86 2868 5586
BUY 13 13595 20913
BUY 1 9327 3101
BUY 76 7139 8676
BUY 9 8584 19609
BUY 88 15822 13388
BUY 3 19530 10203
BUY 18 16840 2818
BUY 30 8880 10630
BUY 7 5775 18407
BUY 76 10076 10376
BUY 84 11316 984
BUY 9 7619 8809
BUY 25 19017 4225
BUY 79 6505 23479
BUY 38 137 2638
BUY 30 12332 4430
BUY 59 12379 11859
BUY 78 19479 9378
BUY 16 11948 2116
BUY 73 14373 16073
BUY 85 14733 4085
BUY 11 19071 2511
BUY 13 4331 3013
BUY 45 9610 18745
BUY 99 6525 2499
BUY 90 5238 11490
BUY 43 10350 21443
BUY 74 9530 14374
BUY 70 2214 11770
BUY 83 4114 17983
BUY 40 12923 22140
BUY 90 6911 7890
BUY 33 16842 22933
BUY 59 19251 7859
BUY 11 2403 5611
BUY 53 10706 24153
BUY 18 2476 17018
BUY 19 7604 119
BUY 59 8755 1559
BUY 49 1557 2249
BUY 84 6911 3384
BUY 80 12223 9980
BUY 95 2058 2195
BUY 31 1982 22931
BUY 91 19681 9391
BUY 23 11690 15623
BUY 0 6862 16300
BUY 79 3141 6779
BUY 8 7754 4208
BUY 28 4601 7128
BUY 79 5975 22079
BUY 15 13948 11415
BUY 90 4663 12690
BUY 37 10553 20137
BUY 76 19148 16576
BUY 50 10681 22550
BUY 17 15689 2817
BUY 45 11938 14045
BUY 13 19656 313
BUY 78 19530 16978
BUY 45 16959 24845
BUY 80 16640 13980
BUY 65 3342 19665
BUY 67 6087 25167
BUY 6 9969 2106
BUY 95 10044 8795
BUY 39 3629 4739
BUY 46 18482 8446
BUY 33 6508 23833
BUY 55 15109 1755
BUY 32 18453 25932
BUY 8 16541 1308
BUY 43 15591 15043
BUY 39 17535 9339
BUY 85 12113 7485
BUY 92 14 22792
BUY 17 7437 17117
BUY 78 9442 3578
BUY 29 3141 5029
BUY 83 13697 10383
BUY 9 7052 23709
BUY 39 509 19239
BUY 37 13588 7537
BUY 65 7879 14365
BUY 90 4428 22890
BUY 67 18954 21567
BUY 90 1403 22690
BUY 38 2422 5038
BUY 87 13726 25187
BUY 42 2569 22942
BUY 78 12409 22378
BUY 60 18998 19460
BUY 53 245 21053
BUY 45 17115 12845
BUY 58 137 20258
BUY 96 15617 14396
BUY 34 12044 20434
BUY 65 4969 19865
BUY 78 2491 1978
BUY 74 15029 16974
BUY 82 1644 17782
BUY 13 4059 19013
BUY 20 11484 17120
BUY 84 18537 12784
BUY 65 19681 6365
BUY 66 7437 12066
BUY 28 8518 4228
BUY 13 17964 7713
BUY 44 11081 5144
BUY 57 11343 17057
BUY 81 13151 22581
BUY 44 19217 25544
BUY 3 10289 19903
BUY 86 16234 7586
BUY 24 3743 6724
BUY 94 6007 4294
BUY 23 9844 14723
BUY 44 19251 17244
BUY 15 6595 8115
BUY 47 19017 47
BUY 29 13930 6029
BUY 38 17213 15138
BUY 65 8817 7565
BUY 39 12576 20939
BUY 52 17266 8852
BUY 91 14285 10891
BUY 62 19866 8262
BUY 35 13824 21335
BUY 63 4302 19463
BUY 86 6366 386
BUY 19 4371 9019
BUY 34 3963 24334
BUY 93 12148 13793
BUY 40 664 16940
BUY 10 17188 5410
BUY 75 14923 2575
BUY 60 12759 21960
BUY 9 209 25309
BUY 48 6314 11348
BUY 90 4477 20590
BUY 96 19887 16196
BUY 88 14438 8488
BUY 29 4229 1529
BUY 69 17605 11169
BUY 2 11369 15502
BUY 1 1791 17401
BUY 3 11484 13703
BUY 1 11037 15801
BUY 53 2953 16953
BUY 10 2693 10310
BUY 57 17884 957
BUY 20 15029 7620
BUY 63 11221 24563
BUY 40 13980 7140
BUY 8 14102 20908
BUY 10 18244 24810
BUY 70 1792 20370
BUY 88 6470 18888
BUY 88 13409 19588
BUY 3 8216 6503
BUY 93 137 6493
BUY 61 11967 661
BUY 55 17435 7255
BUY 24 926 11624
BUY 24 16271 22524
BUY 20 8584 6920
BUY 1 6607 16501
BUY 74 13108 23074
BUY 7 15815 8207
BUY 45 8123 11945
BUY 12 9126 15712
BUY 89 12603 7089
BUY 0 11525 17600
BUY 2 1103 15102
BUY 89 12573 16389
BUY 52 867 13852
BUY 78 12558 16178
BUY 56 8105 2956
BUY 79 5669 24479
BUY 94 11845 18994
BUY 29 2501 12829
BUY 64 8163 11864
BUY 23 2674 14923
BUY 31 17504 1231
BUY 21 3516 3021
BUY 33 11881 14533
BUY 8 18223 14808
BUY 63 15544 23363
BUY 79 12679 20279
BUY 29 19092 25629
BUY 47 5293 22847
BUY 14 6406 9914
BUY 87 8598 13887
BUY 49 16694 13549
BUY 51 9347 23051
BUY 81 14650 281
BUY 44 6632 20644
BUY 74 16887 21774
BUY 43 9937 24443
BUY 76 2893 14476
BUY 68 898 18768
BUY 11 12679 8911
BUY 83 9303 1083
BUY 23 16200 17523
BUY 56 10346 14056
BUY 20 14074 21920
BUY 67 14143 6067
BUY 9 19887 18209
BUY 31 8832 9431
BUY 16 837 23216
BUY 9 9256 24009
BUY 45 10336 8345
BUY 53 10707 20253
BUY 88 13493 4188
BUY 66 7911 14166
BUY 96 15245 1496
BUY 71 2959 18471
BUY 18 15314 21618
BUY 65 2610 13865
BUY 42 6443 5342
BUY 20 7478 15820
BUY 25 1735 7925
BUY 76 7139 17376
BUY 30 392 10030
BUY 84 8251 15984
BUY 8 10032 24008
BUY 0 1485 24500
BUY 95 8123 3195
BUY 16 8375 24616
BUY 59 5533 12659
BUY 75 8252 19575
BUY 51 13845 6251
BUY 74 13630 7574
BUY 67 12302 23167
BUY 99 8926 15799
BUY 91 15560 16691
BUY 35 17603 20335
BUY 45 4060 5645
BUY 90 8803 1290
BUY 63 14120 24263
BUY 50 19549 25250
BUY 42 16840 8142
BUY 78 10741 6878
BUY 3 2685 25003
BUY 27 4019 6027
BUY 59 10494 23659
BUY 7 2058 20507
BUY 40 18209 18840
BUY 47 10220 23547
BUY 66 19352 24566
BUY 2 10821 19202
BUY 86 1116 14086
BUY 92 7241 10192
BUY 28 13493 2828
BUY 56 7145 12756
BUY 26 11985 9626
BUY 67 15449 20967
BUY 49 462 22549
BUY 30 1791 17930
BUY 42 13632 25742
BUY 36 12272 20636
BUY 30 9336 19430
BUY 15 17404 12715
BUY 25 19221 16025
BUY 2 4734 17302
BUY 23 4577 24823
BUY 20 8204 11520
BUY 64 4306 11264
BUY 3 14773 16103
BUY 97 3502 22697
BUY 15 8448 12815
BUY 55 17467 11655
BUY 72 9103 6872
BUY 11 1553 15911
BUY 66 1841 14266
BUY 55 18600 16455
BUY 32 17911 25432
BUY 26 7511 2826
BUY 39 7879 17639
BUY 79 11152 12179
BUY 6 17712 21406
BUY 53 10394 5353
BUY 33 14168 9633
BUY 75 1978 5775
BUY 75 9287 6475
BUY 92 15245 17292
BUY 8 17069 5008
BUY 49 3817 9349
BUY 42 3505 1542
BUY 1 13322 23601
BUY 12 13448 1412
BUY 73 4060 3473
BUY 26 11426 25726
BUY 38 13245 12738
BUY 49 17838 19749
BUY 99 13563 19899
BUY 67 7801 14067
BUY 16 15822 616
BUY 86 13930 10586
BUY 96 8448 20396
BUY 83 3916 4383
BUY 34 622 1734
BUY 38 19212 20838
BUY 41 11581 22241
BUY 11 10049 25511
BUY 61 12250 1261
BUY 52 5115 16752
BUY 87 19239 13987
BUY 7 755 1107
BUY 53 7820 18853
BUY 27 6605 24727
BUY 4 13341 24804
BUY 63 10646 16263
BUY 20 8383 14220
BUY 51 8290 10951
BUY 3 13962 7603
BUY 75 19901 14075
BUY 97 10227 13397
BUY 94 3637 4994
BUY 93 2521 10193
BUY 73 1646 10273
BUY 63 3511 6163
BUY 63 18489 7563
BUY 56 18477 9056
BUY 4 5800 1404
BUY 81 10255 3081
BUY 65 16032 16765
BUY 76 9997 1676
BUY 68 7278 8168
BUY 44 12637 3844
BUY 94 8312 17694
BUY 1 15244 4201
BUY 21 15350 7821
BUY 17 17563 2617
BUY 2 11967 7102
BUY 23 15648 24523
BUY 61 9602 5161
BUY 52 17884 8152
BUY 52 10610 25852
BUY 40 19423 11840
BUY 5 11941 24905
BUY 87 19781 11187
BUY 54 2768 4454
BUY 20 4145 22520
BUY 53 16302 25753
BUY 54 13925 18954
BUY 4 10774 9204
BUY 69 12637 7969
BUY 68 240 6468
BUY 27 7658 11427
BUY 87 16494 1887
BUY 45 9743 745
BUY 95 1996 8395
BUY 32 16621 20832
BUY 96 16419 5696
BUY 56 6166 15356
BUY 42 13962 14942
BUY 94 1950 23394
BUY 34 13493 12334
BUY 59 4969 3659
BUY 19 9250 19019
BUY 35 7754 14535
BUY 60 14999 22460
BUY 29 5075 20029
BUY 96 16840 1096
BUY 35 972 17035
BUY 5 11938 3005
BUY 63 6373 1763
BUY 50 8045 11550
BUY 56 8874 5556
BUY 89 3379 8789
BUY 54 19436 7654
BUY 92 6734 12492
BUY 10 13980 5810
BUY 72 13735 12272
BUY 85 10879 16485
BUY 68 24 13668
BUY 57 16296 16857
BUY 38 84 23538
BUY 74 17356 12874
BUY 2 497 6302
BUY 65 6983 16865
BUY 49 14076 1049
BUY 58 17984 14258
BUY 44 18600 2444
BUY 65 11540 2665
BUY 2 7278 12702
BUY 20 13005 11320
BUY 43 17938 17843
BUY 6 18223 7206
BUY 74 12431 18974
BUY 98 18970 21098
BUY 43 155 5343
BUY 57 10553 15157
BUY 87 15053 4387
BUY 36 13693 21336
BUY 17 5229 21017
BUY 71 5775 16171
BUY 34 10931 34
BUY 23 156 10523
BUY 46 10349 11846
BUY 98 10286 9198
BUY 65 19828 13565
BUY 78 16935 2978
BUY 97 17135 8597
BUY 48 18660 23848
BUY 13 9327 4613
BUY 37 497 15137
BUY 53 15069 15253
BUY 87 3284 11987
BUY 24 9785 5824
BUY 26 13765 1226
BUY 66 11059 25566
BUY 29 3146 21329
BUY 84 6911 18884
BUY 18 15806 2018
BUY 81 13564 21581
BUY 27 13697 20027
BUY 36 5918 6636
BUY 15 7328 22715
BUY 39 11004 4539
BUY 13 19914 25313
BUY 45 823 19145
BUY 17 19251 15217
BUY 97 7168 13097
BUY 88 17857 21588
BUY 65 17743 24165
BUY 67 19021 24867
BUY 13 4331 16813
BUY 13 2049 22313
BUY 82 10323 6682
BUY 88 14896 22488
BUY 46 170 21346
BUY 27 3894 16127
BUY 73 14326 5173
BUY 97 4711 4297
BUY 84 18215 4484
BUY 10 10581 12410
BUY 38 4836 25938
BUY 5 12531 1105
BUY 79 16992 10079
BUY 30 17115 6430
BUY 21 16762 3521
BUY 16 15245 7516
BUY 70 3418 21570
BUY 28 9014 4428
BUY 81 9406 24381
BUY 54 11755 3654
BUY 29 17710 25529
BUY 23 2866 3123
BUY 50 5657 14550
BUY 7 11985 2507
BUY 7 374 4607
BUY 9 13563 18109
BUY 2 16494 902
BUY 56 19764 4856
BUY 53 8501 8953
BUY 69 16188 18269
BUY 88 9126 12188
BUY 36 12219 1536
BUY 20 2164 22720
BUY 32 14793 11132
BUY 30 11881 9830
BUY 29 18937 13829
BUY 31 7786 25831
BUY 54 3480 13554
BUY 90 8629 1590
BUY 22 24 522
BUY 95 8880 6495
BUY 17 18366 18517
BUY 81 17984 19481
BUY 72 9728 24372
BUY 29 4123 1029
BUY 81 320 25781
BUY 49 11948 19149
BUY 90 1678 8490
BUY 37 8664 21537
BUY 89 18998 3189
BUY 20 6547 620
BUY 0 18847 11800
BUY 14 9940 17114
BUY 52 2438 19952
BUY 14 156 12814
BUY 61 17435 15161
BUY 95 7658 16195
BUY 96 12347 9696
BUY 26 19508 13626
BUY 2 3018 5302
BUY 69 13479 15569
BUY 35 2214 835
BUY 77 15284 10577
BUY 73 19423 20373
BUY 84 9844 15484
BUY 64 13157 17164
BUY 1 4286 11401
BUY 37 14909 9337
BUY 20 13787 11220
BUY 65 18054 24465
BUY 33 18864 15733
BUY 62 15689 19962
BUY 71 19221 15471
BUY 70 9523 25870
BUY 11 16802 17211
BUY 47 8222 7447
BUY 74 15244 20174
BUY 81 15867 7681
BUY 75 9866 8175
BUY 48 17433 16648
BUY 54 15100 18154
BUY 61 13567 1461
BUY 97 319 3997
BUY 55 15419 9055
BUY 95 3546 25695
BUY 74 19656 6674
BUY 85 17647 14885
BUY 72 12033 24572
BUY 96 14492 23896
BUY 1 13074 12501
BUY 85 2288 15685
BUY 24 17404 12624
BUY 88 5137 10188
BUY 76 17935 23376
BUY 54 4834 25754
BUY 24 3817 5324
BUY 23 18906 21323
BUY 26 13553 15426
BUY 39 10243 10839
BUY 18 13123 24018
BUY 7 9613 15207
BUY 84 10304 4984
BUY 36 3882 18636
BUY 37 3888 8837
BUY 69 8204 19869
BUY 41 2657 24441
BUY 99 13567 16299
BUY 48 4371 4648
BUY 21 15284 2821
BUY 11 14024 7211
BUY 10 18430 10410
BUY 2 17608 23302
BUY 56 12879 15456
BUY 20 5576 5020
BUY 77 15136 22977
BUY 56 4163 21056
BUY 50 9176 13250
BUY 16 10545 24016
BUY 14 18850 24314
BUY 24 11651 12224
BUY 1 509 5801
BUY 0 16490 19300
BUY 2 11700 9602
BUY 12 9442 11912
BUY 89 17246 15089
BUY 28 5064 5928
BUY 12 15806 2212
BUY 80 4019 8180
BUY 91 14940 22491
BUY 63 9490 8963
BUY 71 9353 22071
BUY 90 14024 16590
BUY 67 10394 5167
BUY 25 12044 17625
BUY 49 11392 4449
BUY 66 13953 12566
BUY 54 4060 3754
BUY 19 11484 10019
BUY 81 13553 15581
BUY 15 19795 9715
BUY 21 14773 8021
BUY 22 6876 13722
BUY 4 11540 5304
BUY 2 9400 15402
BUY 21 19866 16021
BUY 98 19644 15398
BUY 81 7614 14281
BUY 80 254 25780
BUY 46 13462 20846
BUY 54 7145 754
BUY 9 5185 25209
BUY 27 10959 10727
BUY 27 797 4827
BUY 8 12643 8
BUY 50 5173 4150
BUY 67 1217 3967
BUY 39 17884 2539
BUY 10 13948 12610
BUY 23 11032 8723
BUY 31 4969 2731
BUY 42 2851 15842
BUY 1 11048 4301
BUY 87 16762 17887
BUY 73 2866 6273
BUY 81 15071 16581
BUY 29 14793 11729
BUY 62 18959 16962
BUY 60 2833 12360
BUY 85 13998 13285
BUY 44 9442 9344
BUY 75 16128 13375
BUY 31 1455 21731
BUY 67 2512 23667
BUY 87 11258 11287
BUY 83 6312 13683
BUY 22 5780 18922
BUY 82 11132 23382
BUY 20 2586 3320
BUY 87 6983 3687
BUY 58 16948 21658
BUY 75 797 20675
BUY 3 5115 10403
BUY 29 14498 3529
BUY 48 16057 21048
BUY 49 6911 19949
BUY 80 15556 16480
BUY 10 11284 25610
BUY 35 2792 18935
BUY 37 3867 3337
BUY 94 2899 25194
BUY 5 388 20905
BUY 72 8144 24272
BUY 50 17526 9950
BUY 36 19716 7436
BUY 0 17838 15600
BUY 68 9287 8068
BUY 3 6632 5203
BUY 47 11881 15747
BUY 87 2674 3287
BUY 81 16541 15881
BUY 27 4711 2727
BUY 62 12219 15462
BUY 48 2531 17148
BUY 46 2531 2346
BUY 23 2214 7223
BUY 74 11497 7074
BUY 73 2087 2073
BUY 5 12347 10405
BUY 75 13697 20575
BUY 98 6547 7998
BUY 79 13074 20679
BUY 78 17232 21878
BUY 16 11258 10516
BUY 72 7852 20472
BUY 71 3187 22871
BUY 40 14668 22240
BUY 92 13421 19392
BUY 78 15306 13278
BUY 56 14104 17656
BUY 52 16188 1452
BUY 97 18059 12097
BUY 66 12959 9066
BUY 25 156 16225
BUY 57 18571 9257
BUY 9 10966 4209
BUY 43 8781 6643
BUY 14 3489 6114
BUY 26 3650 5426
BUY 36 8755 4036
BUY 75 3009 6575
BUY 16 18940 23416
BUY 15 13429 22015
BUY 65 2643 25865
BUY 79 3629 679
BUY 85 17314 3585
BUY 80 2768 16080
BUY 31 4789 19831
BUY 44 9649 9744
BUY 35 4525 22635
BUY 46 5137 16446
BUY 97 18074 19097
BUY 1 12769 7001
BUY 25 16717 8825
BUY 30 11462 21830
BUY 42 3141 16542
BUY 36 15397 5136
BUY 85 16114 12385
BUY 20 15689 5420
BUY 40 12575 24540
BUY 36 19778 15836
BUY 7 5296 15907
BUY 93 14954 24693
BUY 34 1379 6934
BUY 25 8275 15525
BUY 6 12588 8206
BUY 55 6734 2455
BUY 12 6718 1312
BUY 41 1487 1741
BUY 19 11595 24619
BUY 18 4454 20618
BUY 4 6752 15204
BUY 6 13553 9706
BUY 39 13834 12039
BUY 14 17433 9814
BUY 3 10243 10303
BUY 45 9192 24645
BUY 74 15069 7674
BUY 64 10134 12564
BUY 29 11179 14329
BUY 51 11116 13951
BUY 53 8331 18753
BUY 48 8414 15648
BUY 41 18533 12941
BUY 48 10009 17048
BUY 83 14461 2583
BUY 70 8832 11870
BUY 31 13448 8031
BUY 27 2028 6727
BUY 31 65 15231
BUY 30 18366 1130
BUY 41 12515 341
BUY 80 12378 20480
BUY 4 16633 2804
BUY 82 5520 22282
BUY 96 16802 20696
BUY 97 18537 9097
BUY 72 12590 22172
BUY 78 1379 8978
BUY 21 14793 15821
BUY 51 13765 2451
BUY 20 16125 22020
BUY 61 18223 11761
BUY 89 12510 18089
BUY 42 9077 21842
BUY 40 10581 8540
BUY 38 2892 11038
BUY 75 19148 6875
BUY 4 14076 11704
BUY 31 1611 1731
BUY 46 17246 17346
BUY 46 2816 15146
BUY 23 10089 20423
BUY 49 15867 16949
BUY 79 1644 14479
BUY 95 18810 24795
BUY 72 2066 20172
BUY 39 12674 23739
BUY 77 12591 11777
BUY 78 16114 17278
BUY 89 4734 6689
BUY 92 5815 20792
BUY 0 17846 22800
BUY 43 14508 7943
BUY 65 9205 16665
BUY 37 12545 25337
BUY 99 2172 6199
BUY 19 6949 21619
BUY 99 7348 17199
BUY 12 19245 12012
BUY 98 4392 13498
BUY 13 19602 14813
BUY 64 1847 12864
BUY 0 8926 11300
BUY 63 2649 7663
BUY 83 621 20683
BUY 86 10336 1186
BUY 65 16568 15165
BUY 5 6824 22105
BUY 51 823 5951
BUY 7 8252 17307
BUY 57 17805 18757
BUY 42 6607 5142
BUY 77 16560 5377
BUY 56 5119 18056
BUY 88 19621 18688
BUY 89 3377 22789
BUY 71 14975 25371
BUY 94 143 22594
BUY 44 9009 15444
BUY 24 19455 22324
BUY 40 7510 21640
BUY 69 2214 17169
BUY 36 11293 8236
BUY 9 12963 17809
BUY 20 7914 2520
BUY 67 14726 23567
BUY 41 15053 13541
BUY 83 3882 5883
BUY 85 14348 11885
BUY 57 18864 13757
BUY 65 4719 16465
BUY 66 11590 24766
BUY 30 3284 17330
BUY 96 11380 8796
BUY 98 12282 23898
BUY 94 4454 9494
BUY 78 17166 678
BUY 67 10094 5067
BUY 59 19530 9359
BUY 82 19941 23682
BUY 11 17135 20111
BUY 71 16552 1271
BUY 98 13736 10598
BUY 51 11772 13151
BUY 55 1996 15555
BUY 96 553 9496
BUY 93 16280 15293
BUY 69 8163 10269
BUY 22 2020 20922
BUY 83 9548 15783
BUY 37 19602 10037
BUY 6 15727 706
BUY 90 16320 3490
BUY 83 2583 12583
BUY 25 7852 8425
BUY 29 9602 7129
BUY 45 11671 6545
BUY 11 11967 14811
BUY 39 1557 14239
BUY 38 7188 23338
BUY 55 11316 655
BUY 39 7223 19339
BUY 68 12262 15268
BUY 68 392 2168
BUY 27 5034 23127
BUY 71 7385 15071
BUY 98 11454 22598
BUY 44 4789 444
BUY 67 3071 20567
BUY 68 5379 24968
BUY 24 9327 14424
BUY 22 16717 1122
BUY 96 19732 13396
BUY 88 3001 11188
BUY 70 17275 770
BUY 38 3001 1738
BUY 16 9250 2916
BUY 57 1883 23657
BUY 58 7396 10158
BUY 2 11647 18302
BUY 11 926 4011
BUY 16 13185 13216
BUY 84 7241 20784
BUY 80 7385 14080
BUY 0 8944 20900
BUY 46 7145 1946
BUY 54 9009 6954
BUY 87 15822 6787
BUY 65 803 20265
BUY 20 9844 18020
BUY 11 9706 20711
BUY 35 3185 35
BUY 1 13980 15601
BUY 81 16088 18381
BUY 33 14307 8733
BUY 59 14461 19959
BUY 46 7884 11746
BUY 66 11497 18866
BUY 87 1321 3387
BUY 50 19320 19050
BUY 38 2043 1438
BUY 30 15839 23730
BUY 87 6635 23087
BUY 97 2778 10597
BUY 73 16246 17273
BUY 39 11671 19939
BUY 9 19644 20209
BUY 43 19761 12643
BUY 38 19716 20138
BUY 32 127 6332
BUY 73 14115 9773
BUY 78 2349 2878
BUY 71 19320 3571
BUY 24 11497 14724
BUY 28 9490 11128
BUY 82 18059 11782
BUY 93 269 25893
BUY 99 16427 20999
BUY 39 11627 4439
BUY 88 15306 6588
BUY 91 17504 4791
BUY 79 18366 17979
BUY 37 6876 15737
BUY 52 19168 7652
BUY 39 17627 17139
BUY 36 8414 13336
BUY 39 8323 19439
BUY 81 16857 13181
BUY 85 16666 24285
BUY 71 8629 6071
BUY 77 17344 17177
BUY 37 5601 21137
BUY 65 18184 2265
BUY 9 11984 19709
BUY 53 16188 6853
BUY 23 17943 16823
BUY 67 7879 2567
BUY 86 19423 7686
BUY 83 13448 17383
BUY 81 7511 7281
BUY 16 8251 5716
BUY 98 8817 2198
BUY 81 16534 24281
BUY 9 18005 13609
BUY 45 4060 14245
BUY 95 8287 19995
BUY 67 2184 20167
BUY 23 6595 16623
BUY 6 14873 7906
BUY 75 16063 23775
BUY 5 19201 3905
BUY 38 9844 19838
BUY 5 65 14205
BUY 4 6023 10504
BUY 90 9038 25690
BUY 87 8892 25487
BUY 47 14076 5547
BUY 28 19901 8728
BUY 76 12262 2376
BUY 78 15505 18478
BUY 16 3817 6616
BUY 89 2066 189
BUY 75 4296 17675
BUY 32 3835 25232
BUY 12 12679 8112
BUY 28 5366 1528
BUY 55 18785 1955
BUY 63 19761 7763
BUY 64 16928 15664
BUY 42 8323 15542
BUY 86 18123 8986
BUY 50 16028 11350
BUY 86 13459 17486
BUY 53 7103 25953
BUY 66 11666 11666
BUY 31 18571 9831
BUY 48 17097 18948
BUY 48 18849 23448
BUY 80 14385 22080
BUY 10 8926 410
BUY 45 12577 24045
BUY 39 8162 5039
BUY 78 1499 21378
BUY 21 19370 25421
BUY 68 12959 768
BUY 11 2400 11711
BUY 75 19168 2175
BUY 55 16041 21255
BUY 69 3636 19569
BUY 90 3214 20290
BUY 75 4227 1175
BUY 89 7450 23489
BUY 4 15591 11104
BUY 28 2893 1628
BUY 89 10614 24189
BUY 58 19320 658
BUY 81 12897 22781
BUY 87 7618 8787
BUY 24 867 9524
BUY 77 19761 2477
BUY 35 9743 3535
BUY 6 1943 10106
BUY 78 13605 24378
BUY 22 13071 22122
BUY 0 10286 11200
BUY 39 4999 19539
BUY 31 12567 14631
BUY 72 441 14072
BUY 78 4276 7778
BUY 92 14498 10792
BUY 88 19866 17088
BUY 80 18112 5080
BUY 8 13170 6908
BUY 47 7223 8947
BUY 56 4683 156
BUY 98 10349 2498
BUY 78 6122 25578
BUY 87 5075 887
BUY 31 6744 8131
BUY 94 15711 894
BUY 71 6506 7371
BUY 32 6607 14732
BUY 35 11497 435
BUY 31 19420 7431
BUY 58 4060 16058
BUY 10 3197 16510
BUY 76 622 15276
BUY 46 7241 15646
BUY 22 7618 6722
BUY 21 18112 12821
BUY 88 926 7588
BUY 40 2866 9440
BUY 94 2063 25494
BUY 2 12903 12402
BUY 94 9953 23194
BUY 11 1116 4311
BUY 24 7400 20324
BUY 43 17275 8343
BUY 39 7754 10439
BUY 53 6366 2953
BUY 87 2087 16887
BUY 81 17785 22681
BUY 31 3916 731
BUY 96 17266 19496
BUY 9 1379 1109
BUY 20 8878 7920
BUY 75 9266 24375
BUY 21 15350 5421
BUY 26 2904 25626
BUY 8 4357 4608
BUY 32 13074 19432
BUY 53 6771 21453
BUY 75 14070 375
BUY 34 945 23634
BUY 59 17069 2859
BUY 58 906 10458
BUY 65 8222 3165
BUY 99 7801 18399
BUY 87 14070 4687
BUY 5 4719 18105
BUY 3 19768 25403
BUY 90 11601 25190
BUY 29 10089 6729
BUY 12 15785 7312
BUY 41 11241 12841
BUY 35 3480 3335
BUY 88 19245 7488
BUY 17 14143 20517
BUY 77 17579 19277
BUY 2 823 8502
BUY 65 11681 10865
BUY 66 4148 24366
BUY 37 1792 6137
BUY 77 12050 11177
BUY 97 14934 1197
BUY 14 18059 20414
BUY 29 2586 429
BUY 64 7084 5864
BUY 52 1996 16952
BUY 19 10076 20219
BUY 94 19222 21094
BUY 1 14438 5601
BUY 43 19251 8843
BUY 56 13642 1656
BUY 5 5119 1205
BUY 59 16028 6259
BUY 55 11408 20955
BUY 17 3160 25217
BUY 61 15053 13261
BUY 98 2787 14998
BUY 51 18048 15251
BUY 68 14373 17468
BUY 84 7618 3184
BUY 13 17293 9913
BUY 14 2438 13714
BUY 51 8878 3551
BUY 38 16552 20738
BUY 24 4330 21024
BUY 13 6525 7413
BUY 38 19903 18838
BUY 37 10646 20537
BUY 36 18366 5836
BUY 8 17579 16208
BUY 42 926 19542
BUY 0 17802 11000
BUY 63 3163 22563
BUY 59 10349 2759
BUY 59 13639 23859
BUY 43 19189 5843
BUY 95 12781 6595
BUY 65 2258 8365
BUY 44 7145 2344
BUY 68 3001 9368
BUY 32 15867 11732
BUY 76 16275 25976
BUY 54 16997 3554
BUY 0 5797 12500
BUY 72 3623 22872
BUY 87 15759 2587
BUY 95 7914 12895
BUY 29 4455 12429
BUY 1 7657 21601
BUY 17 5725 11317
BUY 14 18044 21114
BUY 25 18982 4925
BUY 82 24 18982
BUY 70 6007 15970
BUY 37 7177 19437
BUY 0 19452 17700
BUY 25 6372 9625
BUY 14 9346 21514
BUY 29 11061 17829
BUY 60 16992 17660
BUY 13 6876 20113
BUY 45 19830 20945
BUY 68 14086 16368
BUY 25 10122 21525
BUY 69 12744 16869
BUY 76 3629 11276
BUY 68 16762 17768
BUY 23 721 16223
BUY 2 17387 6702
BUY 66 3863 166
BUY 74 11969 22974
BUY 12 4482 15412
BUY 17 2674 19917
BUY 6 9649 18206
BUY 11 8662 15411
BUY 27 5510 18127
BUY 57 4319 3557
BUY 82 11118 19982
BUY 9 17982 3709
BUY 74 14143 7474
BUY 63 1116 15863
BUY 34 7084 18034
BUY 18 11071 13618
BUY 18 457 15418
BUY 53 7014 22853
BUY 89 3226 13989
BUY 44 15115 15844
BUY 49 11694 23949
BUY 88 14701 21388
BUY 58 4455 7058
BUY 0 19452 10500
BUY 31 15244 15631
BUY 83 13036 17283
BUY 76 19052 24276
BUY 64 13170 364
BUY 35 13960 16435
BUY 64 14722 22964
BUY 94 11037 7594
BUY 25 14501 13225
BUY 64 5798 11964
BUY 50 17627 19450
BUY 33 8781 18333
BUY 70 797 17670
BUY 13 9155 21513
BUY 55 2893 10555
BUY 50 7847 21050
BUY 2 19602 19102
BUY 26 12398 7526
BUY 46 9400 2446
BUY 36 8501 9436
BUY 25 13459 9125
BUY 43 12831 1743
BUY 29 17976 21629
BUY 57 8046 5257
BUY 20 17504 6520
BUY 19 13009 5519
BUY 27 2289 24927
BUY 56 14002 9556
BUY 49 2501 11649
BUY 27 9743 9727
BUY 40 1864 6540
BUY 89 3775 24789
BUY 90 16490 16390
BUY 86 6166 16986
BUY 89 17647 19189
BUY 71 14877 7171
BUY 18 19937 17518
BUY 59 4748 22459
BUY 28 9940 4828
BUY 15 5173 20115
BUY 73 14353 11773
BUY 66 12690 21966
BUY 42 10844 4542
BUY 48 12250 11848
BUY 6 3319 24706
BUY 46 13980 17046
BUY 99 5366 8999
BUY 55 4546 25155
BUY 40 10255 18040
BUY 89 17805 16289
BUY 47 18562 12847
BUY 83 6314 7483
BUY 3 19783 21203
BUY 25 9978 25725
BUY 18 7640 16818
BUY 90 9315 10190
BUY 21 12744 6521
BUY 71 1977 19771
BUY 68 18112 3668
BUY 6 4687 8906
BUY 27 5944 15627
BUY 92 12251 15292
BUY 44 9611 6944
BUY 90 3882 14790
BUY 49 4019 13349
BUY 35 14438 17935
BUY 61 7094 10561
BUY 69 11037 12369
BUY 44 7437 15544
BUY 32 6769 9332
BUY 84 16296 17484
BUY 81 7295 23181
BUY 35 4031 6435
BUY 14 4498 23514
BUY 48 14104 20148
BUY 66 15505 18466
BUY 52 13005 19152
BUY 92 11222 24892
BUY 32 4734 10332
BUY 75 6478 10875
BUY 99 11356 21799
BUY 16 16878 12116
BUY 42 753 17542
BUY 24 14811 12424
BUY 28 18471 12828
BUY 78 620 16478
BUY 54 2214 10954
BUY 50 2779 3150
BUY 60 17272 1560
BUY 38 12347 7038
BUY 88 4331 7388
BUY 78 15100 15378
BUY 96 12108 13196
BUY 87 6007 7187
BUY 92 16709 9092
BUY 34 4791 24034
BUY 53 4300 15853
BUY 65 3214 18965
BUY 93 11849 25093
BUY 13 17149 13413
BUY 91 13960 20491
BUY 10 19980 2210
BUY 86 18162 18386
BUY 84 1229 5884
BUY 65 14150 22065
BUY 98 3466 5898
BUY 26 14471 11226
BUY 10 13962 17010
BUY 65 4999 8865
BUY 56 7811 1156
BUY 33 6368 1333
BUY 4 11392 6604
BUY 94 11845 20594
BUY 8 18998 1508
BUY 65 15397 5365
BUY 34 7759 23834
BUY 47 4286 1347
BUY 70 14508 4170
BUY 27 12738 6527
BUY 30 2709 25430
BUY 49 6279 8549
BUY 81 4114 20381
BUY 20 5935 18320
BUY 33 7673 25933
BUY 3 4613 2803
BUY 57 5657 14557
BUY 96 18413 96
BUY 74 14182 15474
BUY 20 7619 12020
BUY 63 8251 12963
BUY 23 15029 18823
BUY 59 14182 16159
BUY 59 11681 14459
BUY 53 6373 11353
BUY 23 319 3023
BUY 0 11258 9100
BUY 51 9278 17651
BUY 85 865 9985
BUY 50 19781 17750
BUY 52 8598 2052
BUY 70 16106 16870
BUY 92 15245 2592
BUY 20 867 6120
BUY 5 11380 9705
BUY 50 14602 22950
BUY 58 710 22158
BUY 94 13736 10094
BUY 90 16818 24590
BUY 0 10909 17200
BUY 41 622 20041
BUY 72 16928 972
BUY 89 9997 20689
BUY 51 9668 24151
BUY 93 1841 17493
BUY 15 16128 13815
BUY 10 1735 1110
BUY 47 6314 19247
BUY 42 5753 21442
BUY 67 8046 1767
BUY 40 1990 12940
BUY 59 5096 20159
BUY 55 19894 12655
BUY 43 229 25143
BUY 8 13735 7008
BUY 18 17802 5218
BUY 19 17266 4019
BUY 43 13447 3843
BUY 79 2199 18379
BUY 80 5800 4480
BUY 10 11316 16110
BUY 82 16214 25882
BUY 88 16954 23288
BUY 38 15029 5438
BUY 59 19423 19159
BUY 3 19071 6903
BUY 8 9602 2408
BUY 44 18140 21844
BUY 75 7364 24775
BUY 66 18368 4366
BUY 18 18223 10918
BUY 59 4371 2959
BUY 88 18482 10888
BUY 8 18253 23808
BUY 5 19239 13505
BUY 62 14104 10162
BUY 98 13925 398
BUY 66 19509 2666
BUY 30 17314 18330
BUY 61 7511 1561
BUY 25 17578 625
BUY 7 53 13707
BUY 48 16028 12048
BUY 81 7209 21781
BUY 48 14793 20348
BUY 54 6525 4654
BUY 92 7767 24792
BUY 66 55 3166
BUY 43 7989 543
BUY 50 18937 18350
BUY 45 3009 14745
BUY 45 1116 10045
BUY 93 10393 21893
BUY 68 3556 21268
BUY 72 9955 7272
BUY 76 14733 8876
BUY 39 19064 2839
BUY 60 2768 10260
BUY 74 1559 22074
BUY 20 8222 4820
BUY 36 19539 24836
BUY 34 8539 20334
BUY 11 2349 16411
BUY 28 3698 9628
BUY 93 12510 13493
BUY 68 13852 15568
BUY 9 9671 16909
BUY 57 7265 23257
BUY 37 3001 7837
BUY 61 2892 8361
BUY 29 11772 19529
BUY 39 11258 1239
BUY 70 18257 23870
BUY 92 13642 8592
BUY 75 13925 12275
BUY 74 6900 6074
BUY 98 6310 24798
BUY 18 16234 2918
BUY 19 19391 18719
BUY 16 1643 11716
BUY 89 10716 25689
BUY 45 9442 14145
BUY 53 16088 18653
BUY 96 13592 21196
BUY 18 12153 23018
BUY 43 11752 12343
BUY 55 7094 8155
BUY 30 16958 16730
BUY 17 17087 24417
BUY 0 7618 15500
BUY 6 1464 24506
BUY 81 12769 7781
BUY 28 13567 11528
BUY 55 11802 8455
BUY 44 6646 16044
BUY 75 3009 13175
BUY 34 19716 18334
BUY 59 2803 14859
BUY 31 155 7731
BUY 11 8287 17611
BUY 71 2172 14771
BUY 76 9315 1076
BUY 72 11802 10372
BUY 59 1468 11559
BUY 40 12717 21840
BUY 72 19736 20372
BUY 83 13974 21083
BUY 53 12819 21953
BUY 82 5947 2282
BUY 11 17387 17011
BUY 10 18005 5710
BUY 25 9610 16725
BUY 94 14092 11494
BUY 41 17145 9741
BUY 28 19789 16928
BUY 99 17058 2699
BUY 49 18159 20749
BUY 39 13157 18539
BUY 98 155 17898
BUY 62 9511 19662
BUY 89 19965 24289
BUY 22 372 2722
BUY 8 1104 18608
BUY 95 1627 18895
BUY 24 5204 21624
BUY 90 18059 3690
BUY 55 15306 9755
BUY 67 10966 3667
BUY 52 3682 9252
BUY 91 14498 17091
BUY 50 11035 20850
BUY 91 10363 13691
BUY 31 10081 12831
BUY 29 15115 6229
BUY 39 8812 4239
BUY 0 15087 400
BUY 50 8501 2850
BUY 22 15545 14722
BUY 50 11992 9050
BUY 69 2893 7169
BUY 54 8812 14154
BUY 21 6414 1021
BUY 13 1977 2013
BUY 95 18794 22595
BUY 14 17188 11314
BUY 20 18968 9320
BUY 15 10802 24415
BUY 76 13998 1776
BUY 78 11497 1478
BUY 28 19789 7928
BUY 96 8518 9196
BUY 81 3214 12881
BUY 74 18691 23574
BUY 94 8216 12794
BUY 43 6375 8943
BUY 40 14156 23840
BUY 77 9585 24877
BUY 81 12769 17781
BUY 19 13960 9219
BUY 19 6973 7619
BUY 29 457 8929
BUY 34 7598 23234
BUY 10 7792 17310
BUY 80 10242 24280
BUY 35 2214 15535
BUY 89 6986 21589
BUY 55 9352 14755
BUY 21 19697 23221
BUY 68 5514 6268
BUY 27 4244 14627
BUY 65 7811 7165
BUY 20 17789 11820
BUY 3 15545 1403
BUY 39 11484 7739
BUY 77 16857 16477
BUY 56 2349 4956
BUY 56 8052 3456
BUY 60 2851 14160
BUY 45 6375 18645
BUY 88 11391 388
BUY 56 3855 25056
BUY 64 9530 19264
BUY 25 1449 25025
BUY 38 13545 16038
BUY 98 4039 23298
BUY 18 8331 6918
BUY 1 4904 17301
BUY 51 8832 4451
BUY 17 11881 14117
BUY 35 18059 7435
BUY 61 19017 19261
BUY 74 5064 14574
BUY 45 9103 7545
BUY 82 19804 9382
BUY 7 16121 19407
BUY 95 2257 21595
BUY 38 9 22838
BUY 74 16840 12374
BUY 67 10774 11467
BUY 73 12431 14173
BUY 20 19017 1720
BUY 4 16442 21404
BUY 72 7792 4572
BUY 93 16640 4193
BUY 16 5576 916
BUY 43 4433 10243
BUY 98 18389 23398
BUY 71 1379 18971
BUY 58 8222 4358
BUY 24 2438 11124
BUY 12 3636 512
BUY 97 14802 6597
BUY 97 2245 15997
BUY 66 12262 3666
BUY 98 17802 11998
BUY 63 17341 463
BUY 42 2241 23442
BUY 1 11755 18501
BUY 50 3489 14750
BUY 97 17579 13797
BUY 76 2149 9876
BUY 33 8123 15433
BUY 53 12278 2453
BUY 86 1229 15386
BUY 5 2648 22405
BUY 41 13998 4741
BUY 67 17435 14167
BUY 57 19681 19857
BUY 80 17344 3680
BUY 81 11845 1581
BUY 19 12963 11219
BUY 38 19764 2038
BUY 35 10253 21035
BUY 28 8501 728
BUY 81 5735 25981
BUY 24 19586 10024
BUY 59 14070 16859
BUY 58 4276 1058
BUY 83 3981 19783
BUY 13 9377 16213
BUY 35 14076 19735
BUY 25 3916 6125
BUY 64 16088 10964
BUY 37 12531 6937
BUY 73 8874 3173
BUY 42 7619 16342
BUY 79 17634 6379
BUY 94 7884 5194
BUY 72 3480 872
BUY 82 4729 6082
BUY 4 11881 20704
BUY 58 2959 19958
BUY 78 19857 23278
BUY 51 2889 22351
BUY 47 10959 12747
BUY 21 7811 11521
BUY 71 18431 6971
BUY 81 17314 8681
BUY 80 13787 19880
BUY 66 4719 13566
BUY 5 19772 7605
BUY 13 19932 11913
BUY 31 16114 18831
BUY 52 13787 952
BUY 70 6166 19270
BUY 10 19818 910
BUY 78 12679 6778
BUY 33 5308 14133
BUY 12 8046 20712
BUY 99 4276 899
BUY 33 9498 21933
BUY 8 16200 11408
BUY 84 10349 16684
BUY 42 15407 15342
BUY 83 14002 15283
BUY 11 17467 18411
BUY 65 3315 22365
BUY 11 18916 24311
BUY 2 19952 24102
BUY 94 9442 19994
BUY 28 8290 11328
BUY 48 7997 22748
BUY 63 3379 12563
BUY 6 18600 14606
BUY 74 9743 18774
BUY 61 9377 18961
BUY 58 10645 13358
BUY 4 2782 25104
BUY 81 232 21681
BUY 71 2258 7771
BUY 80 7884 20380
BUY 41 9490 3941
BUY 66 12562 3066
BUY 39 18430 5639
BUY 16 5797 5216
BUY 17 14923 14817
BUY 34 17088 21334
BUY 4 19573 23304
BUY 48 18131 10648
BUY 24 11497 20524
BUY 60 6741 25360
BUY 99 7020 22899
BUY 44 12138 3644
BUY 71 3071 10071
BUY 31 10580 19531
BUY 81 11400 5781
BUY 73 13925 14773
BUY 9 11484 8309
BUY 20 11116 13020
BUY 9 12679 4809
BUY 6 15674 14206
BUY 55 2392 2355
BUY 82 1379 3882
BUY 48 13459 9248
BUY 89 15829 21789
BUY 23 12679 323
BUY 54 10409 20054
BUY 37 4334 23237
BUY 59 9014 18359
BUY 22 8697 14222
BUY 52 9785 16152
BUY 32 8331 4632
BUY 60 4477 10360
BUY 63 12573 7963
BUY 82 8105 14182
BUY 30 6900 1530
BUY 98 127 20498
BUY 18 13367 5018
BUY 95 12831 8695
BUY 77 8448 19877
BUY 62 18959 16362
BUY 62 16728 12562
BUY 3 1847 4303
BUY 48 19245 17948
BUY 75 10948 3775
BUY 43 6506 6943
BUY 83 2610 4183
BUY 89 10581 17989
BUY 10 7792 2310
BUY 36 3863 1736
BUY 33 6180 23633
BUY 2 9014 15902
BUY 9 15752 14409
BUY 78 5119 5978
BUY 74 19189 9774
BUY 8 13421 15808
BUY 6 4675 21906
BUY 29 6734 16329
BUY 45 4940 24345
BUY 77 18600 9577
BUY 74 17387 1774
BUY 36 53 17736
BUY 9 17728 12409
BUY 6 3284 9006
BUY 85 7618 15585
BUY 66 13447 5266
BUY 44 2787 4144
BUY 78 4455 17378
BUY 62 156 19862
BUY 75 19950 20875
BUY 51 8832 14451
BUY 44 19602 20444
BUY 55 10009 2955
BUY 45 14438 2845
BUY 53 2564 20053
BUY 63 2288 19363
BUY 41 2866 741
BUY 92 16802 6292
BUY 40 13172 5040
BUY 0 10400 22400
BUY 51 6547 16751
BUY 52 12567 652
BUY 20 17344 3420
BUY 98 8518 2598
BUY 22 849 25722
BUY 2 8163 10402
BUY 86 13998 6286
BUY 8 17739 22308
BUY 64 4687 64
BUY 76 18162 4676
BUY 11 2883 25611
BUY 22 12943 21522
BUY 37 4789 2037
BUY 51 4904 15451
BUY 96 17805 1596
BUY 16 4904 11316
BUY 20 5129 24720
BUY 61 4357 8261
BUY 11 9352 8111
BUY 77 1104 17477
BUY 78 11734 478
BUY 71 15419 17371
BUY 36 8123 19136
BUY 30 7852 1630
BUY 76 8832 14576
BUY 85 2655 17885
BUY 16 7801 16816
BUY 14 11316 16514
BUY 91 1977 11691
BUY 62 6166 8162
BUY 20 19586 14820
BUY 39 12332 2339
BUY 38 10094 6138
BUY 79 12398 5379
BUY 66 19071 18966
BUY 85 11421 16685
BUY 36 14438 11436
BUY 31 45 21931
BUY 55 7373 4855
BUY 99 11873 21099
BUY 19 19427 22719
BUY 35 4729 19535
BUY 66 18184 20166
BUY 32 5308 9832
BUY 3 13119 24503
BUY 8 19778 18708
BUY 65 1735 8765
BUY 18 18048 14318
BUY 93 10243 18593
BUY 25 10777 21125
BUY 84 8373 25984
BUY 33 10948 19633
BUY 99 10500 21499
BUY 51 19201 1551
BUY 56 12278 20556
BUY 20 3141 10820
BUY 49 6973 16849
BUY 52 2214 5452
BUY 43 7774 25643
BUY 42 11778 24242
BUY 63 8162 16763
BUY 68 9149 23568
BUY 27 14042 25127
BUY 19 7168 6119
BUY 95 11179 4795
BUY 9 18375 14009
BUY 51 9303 6951
BUY 73 13553 20173
BUY 88 5392 1288
BUY 51 9450 25251
BUY 56 14104 1856
BUY 80 11666 12180
BUY 56 381 4156
BUY 53 3933 2753
BUY 46 13115 5646
BUY 90 4319 13090
BUY 4 6506 19104
BUY 57 12050 10257
BUY 0 11919 15900
BUY 76 15265 19376
BUY 55 9400 10455
BUY 42 968 25342
BUY 37 10094 16837
BUY 53 15115 3353
BUY 29 14331 20629
BUY 21 19408 3621
BUY 80 11037 10380
BUY 17 2058 18317
BUY 13 12710 14013
BUY 98 16572 19298
BUY 71 18489 3471
BUY 74 6973 14974
BUY 56 19781 18456
BUY 22 2868 4922
BUY 91 6095 22791
BUY 66 1644 17666
BUY 92 14498 14492
BUY 22 2043 6622
BUY 2 17058 19602
BUY 19 8878 12119
BUY 80 10076 12980
BUY 15 12431 8415
BUY 33 4331 10833
BUY 57 1127 8257
BUY 2 7734 20702
BUY 4 14877 1304
BUY 0 18431 500
BUY 6 8762 18406
BUY 99 11258 14299
BUY 59 3950 22259
BUY 70 18215 1870
BUY 53 3980 24253
BUY 11 2771 23711
BUY 25 7223 2025
BUY 92 17526 16692
BUY 92 499 1192
BUY 5 926 505
BUY 64 6646 5264
BUY 75 6048 24175
BUY 30 16728 14130
BUY 50 8312 16750
BUY 61 9205 7061
BUY 4 5609 11004
BUY 75 2816 3075
BUY 16 1557 15916
BUY 51 18562 20151
BUY 35 10286 9635
BUY 14 17838 514
BUY 45 19932 16245
BUY 76 17435 7476
BUY 68 18288 3068
BUY 62 12496 10362
BUY 80 2028 11880
BUY 87 19903 8587
BUY 14 3993 22614
BUY 35 18841 335
BUY 36 392 236
BUY 15 9844 11915
BUY 3 15397 16703
BUY 85 11181 7685
BUY 0 1056 3100
BUY 86 7241 18186
BUY 68 11627 14468
BUY 71 775 21071
BUY 84 18278 22584
BUY 91 2422 3691
BUY 56 17128 21156
BUY 5 4536 22805
BUY 94 8803 9394
BUY 29 7162 4329
BUY 6 5725 18106
BUY 37 1542 24837
BUY 35 4433 5935
BUY 33 16230 20933
BUY 90 3001 17690
BUY 7 5348 17707
BUY 70 10909 4770
BUY 36 1321 19336
BUY 1 8812 13901
BUY 63 7884 3263
BUY 67 12148 5867
BUY 50 11992 14150
BUY 31 17188 20331
BUY 95 3698 14395
BUY 17 5822 20817
BUY 79 19937 7979
BUY 86 1864 19686
BUY 60 3894 3560
BUY 92 7475 23292
BUY 2 1709 22302
BUY 97 1943 2397
BUY 66 14307 18666
BUY 56 8287 9756
BUY 9 4734 2709
BUY 48 753 2148
BUY 79 8926 4079
BUY 88 18571 18388
BUY 16 721 11016
BUY 75 13185 5375
BUY 56 6468 22256
BUY 37 11614 20037
BUY 47 3888 12047
BUY 6 14802 11906
BUY 82 6966 24882
BUY 48 8629 14048
BUY 95 19530 18795
BUY 97 16028 6197
BUY 68 1917 20868
BUY 44 3636 19244
BUY 38 13005 13638
BUY 39 16051 22239
BUY 57 16127 16257
BUY 13 19591 24013
BUY 27 6066 21127
BUY 38 16903 24738
BUY 99 14438 3499
BUY 34 9205 13934
BUY 69 12871 22469
BUY 44 8755 16844
BUY 6 17097 20006
BUY 90 4197 10790
BUY 93 6577 15093
BUY 70 9205 13770
BUY 12 16188 14112
BUY 92 8323 8492
BUY 65 5722 22965
BUY 48 12378 17848
BUY 53 4031 19453
BUY 71 16754 22171
BUY 80 6023 5680
BUY 9 9602 20309
BUY 82 6506 12882
BUY 4 9955 18204
BUY 88 3756 21188
BUY 15 19906 7215
BUY 27 6381 21627
BUY 27 12710 27
BUY 48 5338 6848
BUY 45 5617 25945
BUY 46 19894 4846
BUY 19 13459 15619
BUY 77 8706 24777
BUY 38 13953 15638
BUY 95 12781 1995
BUY 36 2392 12536
BUY 14 13292 19514
BUY 57 18160 19057
BUY 5 2736 21205
BUY 92 13596 5492
BUY 21 16200 12921
BUY 69 17448 6069
BUY 35 15785 2235
BUY 57 13351 23957
BUY 85 7820 5085
BUY 96 690 6396
BUY 78 18866 2678
BUY 12 13553 13512
BUY 30 12309 23230
BUY 85 6375 16585
BUY 71 5804 10171
BUY 63 14115 12763
BUY 89 18866 8189
BUY 95 9997 20395
BUY 1 16273 23001
BUY 42 13563 19942
BUY 3 2199 8703
BUY 55 13709 19855
BUY 41 2214 17141
BUY 79 8781 279
BUY 79 15822 16279
BUY 95 9352 15995
BUY 44 3882 20044
BUY 51 7746 22151
BUY 59 2984 10359
BUY 71 11483 23971
BUY 72 7914 13772
BUY 62 10227 20662
BUY 95 12272 17395
BUY 81 8826 15081
BUY 63 16028 9963
BUY 93 14733 20093
BUY 4 3354 14104
BUY 7 7914 5407
BUY 14 13596 20514
BUY 38 6752 238
BUY 44 2438 12644
BUY 47 17232 23747
BUY 28 17433 5028
BUY 16 9380 22716
BUY 12 5055 19412
BUY 39 18159 6539
BUY 37 13980 9637
BUY 46 1544 5246
BUY 57 1996 14057
BUY 34 16320 934
BUY 71 6973 11871
BUY 26 18160 19526
BUY 36 3241 4636
BUY 98 8762 14098
BUY 38 4929 2738
BUY 16 15014 22916
BUY 83 127 13783
BUY 28 10430 23028
BUY 70 8883 25670
BUY 7 12243 23607
BUY 22 18215 1022
BUY 84 4097 25184
BUY 74 17044 21074
BUY 18 14115 1318
BUY 22 8629 4622
BUY 66 3248 22966
BUY 19 5725 19719
BUY 77 10821 877
BUY 13 14650 9213
BUY 29 9997 17629
BUY 37 16374 16037
BUY 31 11671 18031
BUY 0 9196 7900
BUY 57 11772 10957
BUY 18 9610 19318
BUY 1 16128 14701
BUY 15 6078 23215
BUY 36 15689 16436
BUY 64 11984 19164
BUY 80 19148 8480
BUY 95 13839 12995
BUY 22 1386 6522
BUY 98 15785 10898
BUY 24 12826 10924
BUY 91 2204 15591
BUY 12 6818 11812
BUY 63 865 13263
BUY 49 14873 18749
BUY 78 5780 3778
BUY 36 11548 136
BUY 69 16530 7069
BUY 54 4947 22654
BUY 43 9278 9843
BUY 43 19778 9643
BUY 62 12113 15362
BUY 48 8515 24448
BUY 77 12679 18477
BUY 92 17727 1992
BUY 0 2114 21500
BUY 80 3627 24080
BUY 7 14143 8807
BUY 45 16814 17845
BUY 21 3071 4921
BUY 73 3636 9673
BUY 46 12007 2146
BUY 39 5944 20639
BUY 19 15110 17819
BUY 76 6218 13176
BUY 66 5064 11766
BUY 85 7148 11585
BUY 13 15727 10213
BUY 61 8182 9861
BUY 31 10323 12331
BUY 41 3214 7141
BUY 38 10336 12038
BUY 85 17456 22485
BUY 88 3516 17488
BUY 46 7911 10246
BUY 98 18430 8398
BUY 40 17275 15640
BUY 54 5780 8154
BUY 41 11938 11341
BUY 13 7301 6013
BUY 10 5804 3310
BUY 56 10524 21756
BUY 41 11772 10141
BUY 45 8132 17145
BUY 50 15785 15950
BUY 65 11179 17765
BUY 17 17433 217
BUY 99 9969 599
BUY 79 17341 5479
BUY 2 5 21802
BUY 96 6936 14096
BUY 50 8466 23450
BUY 20 10363 16320
BUY 12 16640 14312
BUY 88 4477 11688
BUY 15 17805 14715
BUY 32 16078 4432
BUY 53 4357 5453
BUY 0 16958 19900
BUY 24 12697 3924
BUY 12 9126 1512
BUY 94 10394 1994
BUY 67 10966 12467
BUY 93 6375 14993
BUY 68 14500 16768
BUY 35 4729 6035
BUY 9 15964 23509
BUY 48 19795 4348
BUY 51 6632 12051
BUY 98 12332 3998
BUY 78 9352 3878
BUY 68 18223 17968
BUY 55 7604 6255
BUY 35 13448 10735
BUY 42 18785 12842
BUY 83 240 14283
BUY 58 1978 7758
BUY 4 12108 10104
BUY 58 5947 10758
BUY 8 3650 8308
BUY 73 10573 25973
BUY 95 1318 21395
BUY 22 9743 1622
BUY 94 6023 15694
BUY 67 19493 467
BUY 56 19716 16556
BUY 27 14585 1327
BUY 61 18600 2561
BUY 20 8163 17420
BUY 63 8512 23263
BUY 20 15306 9220
BUY 21 13760 7421
BUY 21 2043 14321
BUY 46 8781 4546
BUY 20 19716 7020
BUY 17 1553 5917
BUY 50 7087 13050
BUY 73 2308 3573
BUY 15 5115 14015
BUY 70 2866 7370
BUY 99 6689 499
BUY 73 12679 19273
BUY 12 14182 9212
BUY 25 15245 2825
BUY 92 5209 10392
BUY 29 3214 13229
BUY 19 441 5619
BUY 34 18407 1534
BUY 82 9126 3582
BUY 41 18864 3641
BUY 86 3101 21386
BUY 56 11064 25856
BUY 55 14064 12255
BUY 77 15407 10677
BUY 62 17504 2762
BUY 54 11255 24754
BUY 98 13143 22198
BUY 50 13953 18050
BUY 21 12223 13421
BUY 64 19254 22264
BUY 71 499 5471
BUY 74 15053 15774
BUY 33 16032 17433
BUY 92 5918 7192
BUY 71 13756 15271
BUY 66 5070 24066
BUY 53 11540 2253
BUY 45 13421 7445
BUY 33 8697 10033
BUY 27 13800 20627
BUY 82 17788 23782
BUY 9 15265 6809
BUY 8 4019 15908
BUY 60 13756 13760
BUY 53 4999 9953
BUY 77 11984 6077
BUY 14 17433 5214
BUY 90 16762 10390
BUY 77 1606 16077
BUY 68 4789 17868
BUY 9 8952 8209
BUY 80 10741 10580
BUY 47 17603 4447
BUY 72 2464 23272
BUY 92 11145 4392
BUY 62 6506 2062
BUY 11 9844 18311
BUY 65 12541 12965
BUY 59 16890 16459
BUY 37 11879 23037
BUY 41 8046 1941
BUY 18 2778 18218
BUY 8 12496 8108
BUY 52 13545 11352
BUY 48 18459 20848
BUY 94 16728 4494
BUY 40 17389 3840
BUY 5 7541 24605
BUY 96 5459 6196
BUY 99 6862 4599
BUY 82 12697 13482
BUY 77 2779 5077
BUY 10 137 19810
BUY 53 13426 2353
BUY 68 5094 25368
BUY 21 13009 8421
BUY 3 19359 22203
BUY 23 377 18923
BUY 85 1379 7985
BUY 75 123 22875
BUY 68 19932 8468
BUY 46 3009 1146
BUY 18 5238 17918
BUY 73 6595 6773
BUY 73 19769 273
BUY 21 9287 1421
BUY 21 11143 11121
BUY 17 2087 17717
BUY 56 12911 21556
BUY 7 4734 11907
BUY 82 9336 8282
BUY 67 8459 25667
BUY 11 2674 16211
BUY 87 3743 1487
BUY 67 1217 17167
BUY 33 3511 733
BUY 33 11522 24633
BUY 35 19497 21635
BUY 40 18841 19340
BUY 6 12904 2306
BUY 88 19664 17988
BUY 8 19778 19508
BUY 92 2095 15692
BUY 43 6368 7243
BUY 51 15545 14851
BUY 57 17802 20457
BUY 14 12377 9214
BUY 26 17467 6626
BUY 15 19789 12615
BUY 64 10646 10764
BUY 58 14723 21558
BUY 69 8299 2769
BUY 66 4262 21866
BUY 67 11919 17467
BUY 45 2792 5445
BUY 25 11796 16425
BUY 56 7236 23356
BUY 66 14471 15866
BUY 19 17331 24819
BUY 52 18413 8752
BUY 10 1544 8910
BUY 73 16231 14473
BUY 71 1346 25171
BUY 20 18866 7820
BUY 63 17389 15163
BUY 5 18109 16805
BUY 17 9205 14017
BUY 66 19772 8866
BUY 24 11851 11324
BUY 22 13009 5222
BUY 57 6973 12757
BUY 21 16034 4221
BUY 81 920 22381
BUY 93 3060 5993
BUY 76 10762 2276
BUY 74 9236 23674
BUY 24 13005 6324
BUY 33 9743 14333
BUY 4 5064 18904
BUY 63 6522 21363
BUY 5 12959 12005
BUY 34 14271 5134
BUY 33 17789 8833
BUY 36 14414 21536
BUY 28 4455 4628
BUY 3 15029 14803
BUY 20 4929 20420
BUY 8 13207 1408
BUY 1 6218 1301
BUY 73 18162 15073
BUY 33 5821 13333
BUY 15 18430 9115
BUY 26 15024 5826
BUY 14 16216 21414
BUY 3 10228 24403
BUY 82 127 10982
BUY 73 19104 22673
BUY 16 6373 18316
BUY 89 13697 489
BUY 27 12148 1527
BUY 40 8252 2640
BUY 37 620 8337
BUY 65 12138 10565
BUY 67 5308 14467
BUY 17 8662 6417
BUY 0 17675 15100
BUY 6 13082 23806
BUY 47 9315 20747
BUY 60 16308 4860
BUY 30 13834 11730
BUY 44 7563 8244
BUY 25 1103 425
BUY 76 6951 22676
BUY 13 16928 8513
BUY 51 19479 12851
BUY 18 4683 5318
BUY 3 19851 22403
BUY 26 19778 6726
BUY 31 11004 12231
BUY 31 967 7331
BUY 65 2768 12865
BUY 93 6769 15993
BUY 24 12542 19624
BUY 88 3894 4988
BUY 62 926 5862
BUY 76 7921 23576
BUY 19 1695 21819
BUY 28 5038 21128
BUY 59 8826 15359
BUY 60 13146 18760
BUY 52 9743 12052
BUY 3 12738 6603
BUY 4 6279 704
BUY 53 4300 6553
BUY 68 14733 19768
BUY 93 19906 17093
BUY 13 19320 7513
BUY 41 2087 4941
BUY 94 4454 11794
BUY 54 6406 10454
BUY 87 19245 4787
BUY 28 11246 24828
BUY 96 14763 7496
BUY 53 24 1653
BUY 7 8275 12907
BUY 62 5724 21362
BUY 19 15560 4519
BUY 16 11919 6916
BUY 49 457 5349
BUY 95 12455 15395
BUY 75 10909 8375
BUY 64 8379 25164
BUY 31 15419 19731
BUY 15 14955 23715
BUY 62 499 20262
BUY 96 17563 5896
BUY 86 14104 18686
BUY 33 17526 5333
BUY 18 6929 23518
BUY 19 1565 25719
BUY 77 15815 10077
BUY 83 18584 6483
BUY 24 10821 7024
BUY 87 13253 25087
BUY 26 16857 17126
BUY 10 3221 7110
BUY 92 11316 7492
BUY 9 10690 24209
BUY 70 906 16570
BUY 24 8290 1824
BUY 5 4709 24105
BUY 17 2866 5017
BUY 10 9490 13910
BUY 62 17433 3962
BUY 50 1643 7450
BUY 67 2892 13067
BUY 66 3867 15366
BUY 99 6752 7399
BUY 16 5330 20816
BUY 3 753 13803
BUY 20 10233 21520
BUY 17 12307 25517
BUY 43 13642 19143
BUY 74 137 4674
BUY 47 17675 10047
BUY 33 2610 6133
BUY 1 19778 18701
BUY 99 17179 22499
BUY 66 16878 10866
BUY 59 9287 11259
BUY 31 6734 6031
BUY 26 3698 9326
BUY 25 18413 20225
BUY 39 10659 1139
BUY 15 4711 7015
BUY 84 13479 9584
BUY 60 15100 10460
BUY 1 10346 17001
BUY 16 221 16216
BUY 50 53 3250
BUY 89 797 15189
BUY 28 6525 15728
BUY 57 8299 14957
BUY 9 4455 10609
BUY 82 15228 24082
BUY 22 8874 7622
BUY 67 15053 9067
BUY 94 12710 9594
BUY 90 4433 4690
BUY 8 8501 15008
BUY 87 14798 1387
BUY 54 12455 4254
BUY 98 11223 20298
BUY 89 13493 2289
BUY 47 3916 6947
BUY 36 17387 10236
BUY 45 1487 2945
BUY 60 18866 8460
BUY 84 3748 23984
BUY 68 137 8868
BUY 34 13185 5634
BUY 84 9548 8484
BUY 69 13852 10369
BUY 27 12480 22527
BUY 34 6689 16734
BUY 3 5348 19503
BUY 29 18998 529
BUY 10 19653 510
BUY 66 11316 5766
BUY 14 11369 7414
BUY 57 19778 7357
BUY 33 16034 4733
BUY 85 7403 22385
BUY 24 17341 19024
BUY 62 8697 19062
BUY 48 898 5748
BUY 77 17007 23477
BUY 75 3629 5075
BUY 79 14168 3979
BUY 89 10844 12789
BUY 9 17188 12109
BUY 6 2258 3006
BUY 34 882 25934
BUY 47 8013 21947
BUY 10 18959 14310
BUY 88 9969 11588
BUY 72 8613 25472
BUY 73 3720 24973
BUY 34 5173 11134
BUY 91 1116 19991
BUY 90 12459 23290
BUY 41 2984 4841
BUY 85 4601 8185
BUY 45 7841 16845
BUY 91 18982 18491
BUY 33 2501 14633
BUY 2 15397 9302
BUY 23 15556 1623
BUY 31 8878 8931
BUY 61 1510 21561
BUY 4 13115 11304
BUY 32 17577 21132
BUY 49 11985 6749
BUY 77 10134 377
BUY 46 13447 9046
BUY 4 12326 23704
BUY 18 15245 1718
BUY 99 3622 10599
BUY 26 5918 3126
BUY 30 1082 20930
BUY 94 13421 10294
BUY 97 11984 20097
BUY 61 13579 24861
BUY 70 2984 11270
BUY 51 19656 4351
BUY 95 11984 14495
BUY 9 2851 3109
BUY 35 17727 3735
BUY 72 1611 1872
BUY 23 17884 10923
BUY 96 3637 10196
BUY 37 8163 4537
BUY 2 2778 9402
BUY 29 6936 3629
BUY 73 101 18673
BUY 75 4433 475
BUY 14 11984 6814
BUY 21 18894 23421
BUY 10 18999 22510
BUY 70 14353 5670
BUY 88 13074 11088
BUY 40 2308 15340
BUY 20 12232 23620
BUY 4 15617 1904
BUY 60 9866 14260
BUY 18 6007 9818
BUY 22 12954 19422
BUY 28 9969 7228
BUY 1 336 23301
BUY 24 15777 23324
BUY 93 13800 9793
BUY 95 2245 17795
BUY 31 5725 231
BUY 94 18847 10494
BUY 12 15732 20812
BUY 70 1978 870
BUY 21 18184 16121
BUY 61 8826 10861
BUY 0 8123 2100
BUY 5 16696 20005
BUY 10 18112 15210
BUY 67 4613 10167
BUY 31 4581 23631
BUY 0 4659 23700
BUY 78 15778 4978
BUY 21 19653 20321
BUY 97 9866 16697
BUY 72 9844 13572
BUY 4 14793 11604
BUY 58 6090 23658
BUY 70 16381 23470
BUY 78 8161 21278
BUY 98 10134 4598
BUY 42 15100 1642
BUY 62 14002 362
BUY 38 6936 9738
BUY 90 16552 590
BUY 58 7177 11558
BUY 56 7801 12256
BUY 49 13756 15949
BUY 15 17938 3615
BUY 42 10762 3042
BUY 52 17634 15552
BUY 23 8448 14523
BUY 55 12108 15255
BUY 88 10421 23388
BUY 27 10645 10527
BUY 43 1864 17143
BUY 40 9563 23640
BUY 25 2778 17525
BUY 17 17433 16217
BUY 18 1977 18518
BUY 25 6366 19925
BUY 63 13980 8263
BUY 78 16200 13378
BUY 47 5533 1247
BUY 57 4529 24157
BUY 35 15250 7735
BUY 88 16320 19388
BUY 65 1902 25165
BUY 89 14438 9589
BUY 34 10239 17034
BUY 95 19064 17995
BUY 46 11704 21246
BUY 7 13170 8107
BUY 38 11623 23138
BUY 21 7473 3921
BUY 38 19903 6638
BUY 38 17135 16938
BUY 73 4929 5773
BUY 72 164 21072
BUY 90 11881 13990
BUY 0 7249 0
BUY 84 12744 12284
BUY 52 3650 17652
BUY 3 2953 6703
BUY 80 7373 17180
BUY 96 13962 1396
BUY 9 1847 12709
BUY 51 2095 9551
BUY 27 3636 15827
BUY 27 16088 8027
BUY 49 3629 15149
BUY 44 5137 12744
BUY 21 15338 1321
BUY 3 14733 5603
BUY 96 15591 14896
BUY 72 622 13172
BUY 98 319 3698
BUY 35 12378 11635
BUY 64 9114 22564
BUY 83 6279 10683
BUY 14 17535 1014
BUY 54 10394 254
BUY 64 12643 1764
BUY 58 3743 458
BUY 32 4455 6532
BUY 92 5426 23792
BUY 84 11048 16584
BUY 85 15244 8285
BUY 96 8287 8096
BUY 49 2043 10749
BUY 39 16552 4139
BUY 47 15727 6147
BUY 58 6261 9158
BUY 15 9336 2415
BUY 67 9291 22067
BUY 58 2787 5958
BUY 52 8812 6852
BUY 48 5084 25348
BUY 62 8598 8062
BUY 90 13421 11090
BUY 8 5495 11908
BUY 28 11143 19128
BUY 57 1278 22957
BUY 80 949 24780
BUY 77 208 22477
BUY 56 7614 11056
BUY 28 7087 18628
BUY 18 5657 6818
BUY 22 9196 17822
BUY 50 6478 9650
BUY 66 3978 25066
BUY 35 2245 12835
BUY 36 4527 1336
BUY 35 4838 13435
BUY 67 19903 9467
BUY 38 5800 18638
BUY 45 2392 5145
BUY 86 18998 17186
BUY 64 18209 17064
BUY 20 9649 4220
BUY 56 14114 11256
BUY 79 17448 2679
BUY 74 3933 3174
BUY 23 13563 8023
BUY 40 18131 12440
BUY 45 4197 12245
BUY 72 14307 12872
BUY 87 8323 10687
BUY 36 5939 23736
BUY 8 3466 20208
BUY 37 7162 18137
BUY 52 15500 10652
BUY 67 12637 13767
BUY 35 55 14335
BUY 26 11651 12426
BUY 91 13845 14391
BUY 28 10394 2728
BUY 90 17166 14490
BUY 62 7640 8962
BUY 79 12219 9979
BUY 74 13172 174
BUY 81 538 25581
BUY 41 10155 23441
BUY 35 10948 7935
BUY 47 19804 4547
BUY 50 19457 23250
BUY 83 18431 8783
BUY 7 6936 6007
BUY 47 13426 13747
BUY 73 285 23873
BUY 77 9442 15077
BUY 47 12398 847
BUY 1 11945 23201
BUY 67 6490 22967
BUY 46 15806 20546
BUY 0 9535 5400
BUY 11 553 13011
BUY 19 797 8019
BUY 95 9352 2395
BUY 38 7241 1038
BUY 22 4683 4122
BUY 97 3448 23597
BUY 95 19865 23295
BUY 55 15100 15855
BUY 46 18131 6946
BUY 83 17411 25983
BUY 90 10076 13690
BUY 47 13172 17647
BUY 27 6061 9227
BUY 96 1996 8396
BUY 5 13852 9605
BUY 67 4904 11567
BUY 94 17473 25794
BUY 89 16984 4889
BUY 4 11540 20604
BUY 72 19653 19572
BUY 80 10286 17880
BUY 98 12398 11298
BUY 20 3609 25420
BUY 49 6980 2849
BUY 66 4145 22366
BUY 32 17627 532
BUY 32 13493 2532
BUY 33 8584 18633
BUY 56 4229 2156
BUY 94 11032 15494
BUY 19 19586 11819
BUY 97 6470 9897
BUY 0 14331 9500
BUY 32 4996 21732
BUY 35 14773 11435
BUY 39 19656 13339
BUY 93 7557 23293
BUY 18 7241 15518
BUY 83 17884 3083
BUY 63 4059 12863
BUY 26 6279 4126
BUY 55 9315 9555
BUY 14 18537 15314
BUY 49 19778 3549
BUY 90 4711 8990
BUY 54 5800 9954
BUY 19 18184 7419
BUY 38 1977 9438
BUY 77 15815 12277
BUY 14 10809 25214
BUY 46 18059 12046
BUY 65 7801 13665
BUY 55 509 7555
BUY 30 11421 4730
BUY 34 11525 11734
BUY 14 19239 6414
BUY 57 9233 25557
BUY 46 5332 23046
BUY 53 17149 7653
BUY 60 5115 20560
BUY 9 17266 15609
BUY 58 15806 19758
BUY 18 5096 16718
BUY 7 19906 9707
BUY 15 2258 315
BUY 98 19887 16898
BUY 5 12251 7505
BUY 88 7811 1788
BUY 26 5294 8726
BUY 31 3226 2331
BUY 23 4286 8923
BUY 28 12573 19728
BUY 44 17433 2544
BUY 43 14915 6343
BUY 86 10965 22486
BUY 86 10286 7386
BUY 13 3806 23113
BUY 35 867 10535
BUY 95 15815 11095
BUY 36 3132 24336
BUY 36 19234 24536
BUY 32 18407 17132
BUY 57 6086 23457
BUY 73 18131 19473
BUY 4 1791 18004
BUY 35 11179 12535
BUY 74 10762 5874
BUY 40 127 11640
BUY 74 11824 20874
BUY 94 5819 20894
BUY 67 5064 20367
BUY 64 10044 13564
BUY 59 11053 23259
BUY 39 14115 14139
BUY 80 10707 480
BUY 16 16728 4616
BUY 46 4244 13246
BUY 84 10201 21684
BUY 38 12398 2438
BUY 76 2984 10176
BUY 2 4010 24802
BUY 42 19987 20942
BUY 58 11967 10958
BUY 17 19736 16717
BUY 68 12455 5168
BUY 2 14070 15802
BUY 62 5797 6962
BUY 98 13009 5998
BUY 0 7278 200
BUY 77 7473 12177
BUY 60 10741 5660
BUY 94 13426 3794
BUY 70 1563 24670
BUY 55 13362 25055
BUY 30 15545 10330
BUY 94 14724 25394
BUY 52 12735 23652
BUY 46 920 22546
BUY 6 2675 21306
BUY 1 6414 8101
BUY 91 17293 11491
BUY 99 11392 1499
BUY 6 2787 16406
BUY 51 10286 6351
BUY 99 1104 18199
BUY 64 12603 9764
BUY 16 4926 24716
BUY 91 906 3191
BUY 20 6689 8820
BUY 62 9303 12762
BUY 4 10304 3604
BUY 22 11258 9722
BUY 56 14348 13256
BUY 92 7619 13692
BUY 88 2531 88
BUY 27 6876 2227
BUY 74 1544 14674
BUY 43 2214 11443
BUY 65 17387 6065
BUY 38 4789 5138
BUY 80 6840 18380
BUY 67 15560 9867
BUY 5 6061 8305
BUY 35 15306 9035
BUY 55 19656 455
BUY 85 4442 21285
BUY 96 9303 14496
BUY 46 16802 17546
BUY 76 17236 24476
BUY 88 11548 6488
BUY 34 1103 10134
BUY 65 15548 21865
BUY 6 16762 1406
BUY 36 1379 1836
BUY 17 4734 1317
BUY 17 12697 1717
BUY 67 17058 13567
BUY 5 63 4905
BUY 11 14104 7811
BUY 57 10134 13057
BUY 33 10553 4833
BUY 66 4455 966
BUY 88 3637 20688
BUY 74 9844 14774
BUY 58 5119 8958
BUY 71 18223 16871
BUY 62 4568 11262
BUY 60 4601 16560
BUY 15 6166 3215
BUY 84 2687 25784
BUY 13 11081 17713
BUY 16 2349 7916
BUY 18 8323 4918
BUY 34 17805 12034
BUY 79 2707 25179
BUY 71 11665 24271
BUY 95 10323 6995
BUY 18 12542 1618
BUY 12 5732 25212
BUY 38 16814 17038
BUY 50 5068 22750
BUY 70 15574 6970
BUY 66 2095 466
BUY 8 4371 7808
BUY 23 5115 15323
BUY 86 7396 17586
BUY 9 14934 12609
BUY 91 3112 24691
BUY 47 15062 25347
BUY 1 8518 19101
BUY 84 16997 684
BUY 31 11482 8631
BUY 26 10094 20626
BUY 63 13842 18163
BUY 27 3489 11927
BUY 88 6776 20988
BUY 94 13883 23594
BUY 13 12542 4113
BUY 28 10879 13628
BUY 8 12431 17408
BUY 54 4276 154
BUY 0 16121 14800
BUY 37 13005 14937
BUY 9 19629 21209
BUY 27 6595 18227
BUY 37 11666 3237
BUY 12 622 3212
BUY 95 19621 7695
BUY 73 3867 12673
BUY 84 19761 3884
BUY 19 15284 3319
BUY 36 7657 23036
BUY 75 11181 10175
BUY 7 12434 25607
BUY 99 5815 17999
BUY 57 17097 15757
BUY 0 967 14500
BUY 26 15545 8526
BUY 34 7614 6234
BUY 59 11314 21959
BUY 75 18059 7375
BUY 37 2119 22237
BUY 70 16246 18270
BUY 99 8501 7499
BUY 36 19245 9336
BUY 1 12573 19801
BUY 26 2814 22626
BUY 37 3294 21637
BUY 15 6406 17715
BUY 80 509 19680
BUY 89 12007 8589
BUY 43 19761 1243
BUY 3 3916 14403
BUY 23 7738 1323
BUY 87 18159 14687
BUY 81 261 4081
BUY 71 8323 14971
BUY 28 12251 16628
BUY 26 15349 23326
BUY 55 10549 24455
BUY 88 3629 20388
BUY 44 11690 12444
BUY 96 8518 15996
BUY 46 4300 18946
BUY 1 6467 22901
BUY 3 19894 2603
BUY 28 19423 6628
BUY 72 8650 23972
BUY 51 13962 19451
BUY 83 16958 20783
BUY 22 16231 9822
BUY 70 13953 4970
BUY 82 17910 23282
BUY 71 4320 23871
BUY 31 5821 14931
BUY 69 15545 19969
BUY 86 5780 9786
BUY 81 13953 9381
BUY 18 11400 17318
BUY 39 15552 21139
BUY 75 14307 13475
BUY 65 6007 16065
BUY 5 6744 18905
BUY 35 17166 2135
BUY 23 17578 4023
BUY 61 13697 11161
BUY 4 2803 17404
BUY 68 10844 12268
BUY 51 5947 16351
BUY 16 10844 8716
BUY 68 9743 12768
BUY 73 14792 25573
BUY 31 11343 15731
BUY 77 9445 25777
BUY 6 1557 5206
BUY 84 12272 184
BUY 76 4306 12376
BUY 99 16127 5699
BUY 10 1646 16010
BUY 51 10449 25651
BUY 64 381 6464
BUY 15 8045 4515
BUY 19 255 17719
BUY 70 4033 70
BUY 88 2403 14888
BUY 25 12959 14525
BUY 48 3060 4548
BUY 1 18112 1401
BUY 77 17638 22277
BUY 29 2199 17029
BUY 62 15419 17862
BUY 61 1379 16161
BUY 45 4244 4545
BUY 68 12831 10668
BUY 78 4105 23178
BUY 45 15674 12345
BUY 23 9315 11523
BUY 56 4128 21256
BUY 12 8252 15512
BUY 23 3489 9323
BUY 63 19251 2363
BUY 32 9610 18832
BUY 26 2610 13726
BUY 44 17322 23144
BUY 69 4601 15769
BUY 36 4059 15936
BUY 22 14285 18622
BUY 81 13728 22881
BUY 28 16928 13928
BUY 22 7096 25022
BUY 72 13292 4372
BUY 62 19848 24862
BUY 84 2087 17384
BUY 68 12278 68
BUY 43 53 11543
BUY 35 2438 16335
BUY 24 7264 23824
BUY 5 3141 14705
BUY 63 3650 1663
BUY 66 14793 2866
BUY 69 14064 17369
BUY 68 9382 24868
BUY 74 18250 25974
BUY 8 12637 3308
BUY 52 18533 14352
BUY 43 11032 3343
BUY 52 753 18052
BUY 32 6734 13132
BUY 62 9743 1762
BUY 97 9548 7297
BUY 80 3466 2580
BUY 33 12431 2733
BUY 0 16032 800
BUY 96 5510 13496
BUY 79 7278 16479
BUY 61 18059 13061
BUY 27 9785 11127
BUY 35 2933 3835
BUY 96 1468 3796
BUY 55 906 20555
BUY 64 1280 25064
BUY 56 1864 20056
BUY 81 2803 7481
BUY 4 823 7904
BUY 97 11881 9797
BUY 34 13800 11434
BUY 75 14793 17775
BUY 79 8832 8179
BUY 46 10684 22046
BUY 51 1379 17551
BUY 5 2167 23605
BUY 2 18048 7902
BUY 1 372 15101
BUY 12 3342 11712
BUY 44 16814 12144
BUY 77 17938 14977
BUY 28 14182 428
BUY 25 16494 8725
BUY 36 17675 12436
BUY 8 2564 3408
BUY 32 14890 13532
BUY 92 15727 1292
BUY 2 8880 4102
BUY 10 7385 10510
BUY 82 65 882
BUY 20 15284 18620
BUY 15 2172 17815
BUY 46 16878 6846
BUY 21 18123 7221
BUY 96 6689 15596
BUY 6 19980 10606
BUY 41 19349 18041
BUY 8 8383 12208
BUY 27 14331 12827
BUY 42 16530 10242
BUY 72 14498 14672
BUY 18 5294 1518
BUY 65 3221 5665
BUY 25 19221 5725
BUY 28 11690 3428
BUY 17 14873 19117
BUY 21 6373 20721
BUY 8 17314 608
BUY 3 2792 8903
BUY 86 6800 25986
BUY 48 18734 22048
BUY 11 19787 23111
BUY 96 13697 15096
BUY 75 15399 9275
BUY 8 10254 25708
BUY 46 17812 20946
BUY 39 8584 39
BUY 72 4413 21472
BUY 92 2392 12192
BUY 21 10645 11321
BUY 77 17115 13277
BUY 77 16246 477
BUY 18 17166 6318
BUY 91 7754 9691
BUY 42 8251 10542
BUY 29 15727 14829
BUY 80 9250 15280
BUY 24 3660 20924
BUY 75 7754 9675
BUY 66 441 10466
BUY 75 1321 5575
BUY 11 18471 1111
BUY 26 441 19926
BUY 91 10289 20291
BUY 89 16530 18589
BUY 78 1386 18378
BUY 31 319 11431
BUY 59 5804 10959
BUY 51 13245 17251
BUY 70 9829 3870
BUY 26 14838 21326
BUY 10 5175 21010
BUY 28 2392 18728
BUY 72 4969 10972
BUY 46 19251 5046
BUY 46 12558 12346
BUY 34 2530 23734
BUY 32 16640 9632
BUY 81 12586 13781
BUY 19 10879 18819
BUY 95 6406 18295
BUY 22 14285 3222
BUY 25 12954 13525
BUY 9 6936 5609
BUY 65 10519 2165
BUY 50 17579 1550
BUY 56 11145 17456
BUY 39 15806 16939
BUY 95 4371 695
BUY 15 3629 13315
BUY 70 11985 14870
BUY 54 9014 10854
BUY 77 8123 9477
BUY 29 16857 16229
BUY 44 3221 13444
BUY 10 6207 24210
BUY 82 11482 5182
BUY 2 17303 23502
BUY 26 4482 8126
BUY 36 2416 23136
BUY 22 13852 1222
BUY 32 7223 19032
BUY 73 17240 24473
BUY 27 2087 14827
BUY 85 16200 385
BUY 15 14773 4015
BUY 21 63 18321
BUY 11 1864 7411
BUY 68 11802 6568
BUY 36 5075 8936
BUY 17 2501 19417
BUY 4 15284 9504
BUY 98 8211 23098
BUY 47 18841 4647
BUY 34 14246 22534
BUY 53 19436 353
BUY 6 9103 1606
BUY 43 11028 23243
BUY 28 13152 25128
BUY 92 7240 25892
BUY 80 10774 13180
BUY 69 127 1569
BUY 24 16320 9424
BUY 72 19239 9072
BUY 39 10044 15739
BUY 7 9327 11007
BUY 72 17563 4972
BUY 59 15110 13359
BUY 68 9352 10968
BUY 31 5797 3031
BUY 75 12664 15875
BUY 18 15324 9918
BUY 27 19866 11027
BUY 27 18413 8727
BUY 28 2066 2228
BUY 1 13052 23101
BUY 81 5377 21081
BUY 89 4999 1189
BUY 46 5537 25446
BUY 68 6876 19568
BUY 61 2537 22261
BUY 86 13015 1586
BUY 49 13348 21049
BUY 76 5495 8376
BUY 76 499 8576
BUY 88 2204 19288
BUY 11 10289 10911
BUY 36 8112 23336
BUY 73 15822 573
BUY 18 2868 10518
BUY 74 10885 3374
BUY 21 17579 17621
BUY 77 10741 8177
BUY 50 5533 15250
BUY 28 5348 15828
BUY 17 14143 917
BUY 43 240 9443
BUY 52 5366 6952
BUY 0 12898 19700
BUY 55 11048 3255
BUY 34 18661 23434
BUY 24 15029 10824
BUY 84 2655 20084
BUY 91 8762 15291
BUY 4 9613 13204
BUY 62 5338 7862
BUY 93 3060 15693
BUY 92 4568 7792
BUY 95 18375 11495
BUY 15 1104 3115
BUY 36 7757 13636
BUY 96 6478 1196
BUY 66 13563 15166
BUY 82 2476 5082
BUY 0 18105 6100
BUY 7 15888 23307
BUY 76 9736 25776
BUY 13 4477 17313
BUY 61 6973 17961
BUY 69 1643 15969
BUY 92 17200 23192
BUY 30 12007 11430
BUY 34 4999 19134
BUY 70 15867 10270
BUY 41 2204 14641
BUY 49 17727 6549
BUY 37 4319 18737
BUY 16 7563 14516
BUY 29 15545 14629
BUY 16 17535 6816
BUY 86 5846 25386
BUY 40 11116 9140
BUY 77 1977 15477
BUY 1 14934 16201
BUY 51 3480 12151
BUY 79 18048 2479
BUY 32 8299 9432
BUY 90 9602 18490
BUY 37 2586 1737
BUY 5 8826 2005
BUY 67 14498 15767
BUY 96 18489 12696
BUY 68 18109 14368
BUY 92 7624 21892
BUY 76 4683 11376
BUY 86 17115 7786
BUY 67 19191 23467
BUY 29 13962 19229
BUY 46 3379 12846
BUY 98 15306 3398
BUY 88 3622 6388
BUY 41 10304 18341
BUY 94 10519 15094
BUY 77 377 11677
BUY 43 5238 6143
BUY 18 15785 1418
BUY 7 1977 1807
BUY 12 17499 22512
BUY 95 219 25195
BUY 29 11179 17929
BUY 53 9955 14753
BUY 51 3516 6451
BUY 69 17011 22969
BUY 4 17222 22804
BUY 10 8312 12010
BUY 81 18571 14081
BUY 48 3559 23748
BUY 75 15897 23575
BUY 46 5041 23846
BUY 25 4766 22225
BUY 4 3038 23204
BUY 41 5366 6541
BUY 76 332 22776
BUY 11 19266 23611
BUY 60 12781 17560
BUY 44 2792 16144
BUY 64 10979 18564
BUY 60 8584 12460
BUY 93 4613 12493
BUY 64 12588 10464
BUY 13 15155 22513
BUY 3 7148 3703
BUY 30 7879 630
BUY 45 14070 13145
BUY 27 19023 21727
BUY 77 18998 19477
BUY 48 6079 25948
BUY 46 8826 4146
BUY 7 3354 10907
BUY 3 4390 20803
BUY 75 14114 6975
BUY 86 4302 1086
BUY 74 13449 12674
BUY 84 15652 584
BUY 23 16128 8323
BUY 17 7728 21917
BUY 94 15203 21294
BUY 33 19064 1733
BUY 15 19882 8615
BUY 87 4670 3987
BUY 94 19705 21994
BUY 75 10120 23175
BUY 3 3867 13903
BUY 19 14307 6719
BUY 14 9649 3914
BUY 82 9511 10282
BUY 36 15500 2736
BUY 29 16857 10829
BUY 66 6973 1166
BUY 0 15556 8600
BUY 32 2655 2832
BUY 24 8539 724
BUY 86 7087 286
BUY 75 122 11475
BUY 49 11223 20549
BUY 3 14291 9603
BUY 1 7820 10601
BUY 41 8045 11241
BUY 11 7241 13711
BUY 78 15065 21178
BUY 55 731 25355
BUY 50 16128 2250
BUY 96 3951 24996
BUY 34 18215 2834
BUY 45 19148 19245
BUY 17 9315 16517
BUY 91 2058 18691
BUY 72 14915 2672
BUY 51 16028 16451
BUY 80 16958 9080
BUY 59 10432 23959
BUY 90 11391 12990
BUY 15 11671 7915
BUY 84 13709 1984
BUY 5 16958 20305
BUY 73 18855 25473
BUY 2 11462 23902
BUY 61 18471 5661
BUY 41 2382 8741
BUY 90 9530 90
BUY 86 2288 12886
BUY 23 18431 20523
BUY 51 9671 8951
BUY 75 4302 4675
BUY 1 6115 24801
BUY 6 8251 4906
BUY 22 4319 13822
BUY 70 5255 2970
BUY 66 9969 20766
BUY 8 14976 23008
BUY 28 12573 4128
BUY 46 9151 22946
BUY 2 11484 10902
BUY 10 15069 20610
BUY 81 3141 16981
BUY 8 3990 10308
BUY 31 13834 1331
BUY 57 4568 11557
BUY 19 11967 3619
BUY 43 16490 2543
BUY 10 12455 6710
BUY 58 10098 24158
BUY 9 2905 25709
BUY 94 11647 7494
BUY 65 13709 4165
BUY 79 8182 8479
BUY 92 319 2492
BUY 29 5935 14229
BUY 8 2265 25008
BUY 87 12904 16487
BUY 5 6998 24305
BUY 7 19087 20807
BUY 99 9548 12499
BUY 14 10360 24714
BUY 79 13930 1079
BUY 80 14064 13480
BUY 46 7734 20246
BUY 51 4729 10851
BUY 23 2933 13523
BUY 6 19017 13706
BUY 5 11223 5005
BUY 80 13736 6680
BUY 16 2859 22616
BUY 55 8762 7055
BUY 53 3185 20153
BUY 92 6840 2192
BUY 29 1021 25229
BUY 60 8690 21860
BUY 13 15617 6613
BUY 76 8132 676
BUY 84 11938 284
BUY 94 7437 20394
BUY 50 18785 650
BUY 44 11225 24744
BUY 17 13219 24017
BUY 93 13787 993
BUY 87 16121 14487
BUY 6 1611 20706
BUY 74 15245 11674
BUY 80 14854 24880
BUY 37 6682 24037
BUY 28 1976 23728
BUY 44 53 3044
BUY 0 16008 15000
BUY 51 4319 11551
BUY 48 11967 448
BUY 25 18242 11025
BUY 26 1321 19826
BUY 64 10434 19764
BUY 41 1646 7241
BUY 34 11772 16534
BUY 63 4296 6763
BUY 43 3557 25743
BUY 0 12512 21300
BUY 91 11700 8891
BUY 48 664 13748
BUY 81 9829 18781
BUY 0 14848 16500
BUY 59 19772 11359
BUY 13 16231 10713
BUY 10 1792 1610
BUY 1 15540 21901
BUY 53 18482 3053
BUY 83 6936 9783
BUY 10 13697 6010
BUY 51 19080 21951
BUY 41 8414 5641
BUY 62 4300 5962
BUY 17 6731 23617
BUY 39 16552 15439
BUY 64 1977 6964
BUY 78 11992 11578
BUY 64 4734 864
BUY 66 221 14866
BUY 99 17293 10899
BUY 9 19408 3609
BUY 21 11204 22521
BUY 76 1792 18576
BUY 44 11967 7644
BUY 89 1536 10489
BUY 50 4253 22250
BUY 53 19664 8653
BUY 22 17433 13422
BUY 38 14092 18438
BUY 5 13449 17005
BUY 22 13697 22
BUY 68 9352 7968
BUY 6 3650 11406
BUY 97 12007 15597
BUY 85 10659 18385
BUY 71 10885 5871
BUY 7 6372 8707
BUY 20 12769 10520
BUY 98 3284 7298
BUY 53 13015 11153
BUY 93 19763 21493
BUY 71 12108 18071
BUY 17 5576 10517
BUY 41 3505 8141
BUY 33 6547 2933
BUY 74 10229 23874
BUY 42 127 5042
BUY 99 9611 12699
BUY 51 3480 15351
BUY 14 13157 14214
BUY 60 823 160
BUY 10 10972 15310
BUY 95 19681 11995
BUY 39 2349 9839
BUY 77 19245 13377
BUY 60 18184 19060
BUY 53 8524 23753
BUY 23 6372 16323
BUY 42 13170 3742
BUY 73 17341 17973
BUY 78 17272 12078
BUY 53 926 8553
BUY 20 18533 10920
BUY 6 4500 24406
BUY 79 19749 25979
BUY 61 16928 3361
BUY 62 622 16762
BUY 67 12156 23267
BUY 25 16034 17725
BUY 35 7145 14235
BUY 59 16568 2059
BUY 5 13157 19405
BUY 48 18105 11548
BUY 64 4954 24164
BUY 66 13642 13166
BUY 78 12050 6678
BUY 31 11671 3231
BUY 89 12278 12689
BUY 3 4711 10603
BUY 35 12697 6835
BUY 3 10363 1903
BUY 79 15781 6079
BUY 92 9611 992
BUY 81 441 5381
BUY 48 17389 15448
BUY 26 11369 19226
BUY 2 15805 21902
BUY 9 1908 21609
BUY 3 7604 20203
BUY 49 6023 14449
BUY 25 7359 23225
BUY 14 620 3714
BUY 26 10580 3326
BUY 59 16200 5759
BUY 56 2382 17356
BUY 82 10944 21882
BUY 62 10465 21762
BUY 46 13005 1646
BUY 12 11048 13812
BUY 73 13409 8773
BUY 37 15324 17837
BUY 46 14848 4946
BUY 43 18533 3243
BUY 32 15472 24432
BUY 61 5510 17461
BUY 53 16568 19953
BUY 13 4601 3513
BUY 0 5797 4900
BUY 50 19221 13150
BUY 3 7148 303
BUY 61 6279 15761
BUY 31 137 18531
BUY 44 11772 9644
BUY 97 14532 21197
BUY 1 6689 12401
BUY 41 19980 2441
BUY 25 17805 19425
BUY 37 1536 1037
BUY 0 19391 7600
BUY 54 690 2754
BUY 52 12567 852
BUY 51 17341 10551
BUY 47 18841 1547
BUY 98 10349 18998
BUY 78 5308 20678
BUY 35 17314 13935
BUY 83 5821 11383
BUY 41 755 15541
BUY 39 3684 23839
BUY 10 15545 12810
BUY 46 13449 20646
BUY 67 2403 1967
BUY 3 7989 18503
BUY 70 17314 12570
BUY 87 19887 16787
BUY 65 1122 22665
BUY 11 12826 7711
BUY 6 13705 24306
BUY 73 5495 3773
BUY 25 12650 25225
BUY 5 4361 25405
BUY 62 18892 22062
BUY 76 18847 11976
BUY 62 1627 1362
BUY 8 14829 23108
BUY 49 9844 12749
BUY 15 255 4115
BUY 34 8031 24534
BUY 56 18471 356
BUY 71 319 17171
BUY 61 17389 15861
BUY 65 19732 1365
BUY 35 16172 23435
BUY 19 11752 2619
BUY 51 5918 6851
BUY 42 4306 19042
BUY 97 18900 25897
BUY 78 3645 20878
BUY 0 13669 25200
BUY 81 8251 4181
BUY 21 10972 8621
BUY 47 2326 21547
BUY 62 12664 11662
BUY 50 8817 9450
BUY 37 17838 5137
BUY 73 14623 22973
BUY 47 17943 4347
BUY 38 2792 16338
BUY 87 12679 1787
BUY 43 17526 16143
BUY 59 9377 17859
BUY 90 11772 4590
BUY 46 11700 20146
BUY 33 753 17333
BUY 33 753 9933
BUY 54 777 22054
BUY 75 9535 3875
BUY 67 16620 23367
BUY 73 2095 13173
BUY 7 6506 15307
BUY 35 15806 14635
BUY 9 6548 23109
BUY 74 6046 24674
BUY 84 3813 24084
BUY 79 1053 25479
BUY 63 10617 22463
BUY 40 17433 19240
BUY 40 7879 11740
BUY 72 2583 10172
BUY 14 127 19314
BUY 73 1116 3273
BUY 8 5128 21008
BUY 64 11881 9664
BUY 78 11307 25678
BUY 58 2933 18458
BUY 37 17028 22837
BUY 44 15406 8644
BUY 95 3981 13195
BUY 35 690 2435
BUY 15 10959 16515
BUY 89 14490 22589
BUY 55 127 18755
BUY 78 3659 4078
BUY 3 19493 8003
BUY 61 12341 22861
BUY 44 3933 15344
BUY 96 10286 5296
BUY 7 5780 7507
BUY 20 4329 22920
BUY 79 8874 18179
BUY 19 7749 23919
BUY 73 10926 23673
BUY 33 6689 9533
BUY 54 16246 13754
BUY 60 19017 10960
BUY 12 16696 16912
BUY 0 16292 22600
BUY 6 690 15606
BUY 85 9024 2585
BUY 69 5119 17569
BUY 78 4331 18178
BUY 61 15053 17361
BUY 15 19799 25315
BUY 61 2087 12661
BUY 93 8501 19393
BUY 56 3393 25456
BUY 14 7177 8314
BUY 23 18223 17623
BUY 30 6744 3530
BUY 11 4601 12711
BUY 78 1103 14778
BUY 96 4276 9396
BUY 39 2442 17239
BUY 46 19148 16946
BUY 8 9442 13808
BUY 87 1386 1087
BUY 88 15617 3588
BUY 19 15613 24219
BUY 55 19932 12455
BUY 15 3915 23615
BUY 75 6583 22775
BUY 47 19430 21647
BUY 61 12954 161
BUY 90 5867 22990
BUY 99 15100 15099
BUY 74 15419 6574
BUY 77 13642 6877
BUY 56 18489 5856
BUY 67 9940 14667
BUY 93 15727 14093
BUY 87 13426 18587
BUY 32 18785 16332
BUY 37 12431 12037
BUY 11 18366 911
BUY 76 14168 3776
BUY 79 10909 13079
BUY 11 16728 5111
BUY 25 10323 13625
BUY 97 16694 20497
BUY 5 11980 24805
BUY 13 13998 12013
BUY 29 15071 3229
BUY 57 18413 1257
BUY 10 3041 24710
BUY 77 620 10777
BUY 46 10227 6246
BUY 33 15689 12633
BUY 29 7348 14529
BUY 37 17758 22337
BUY 0 5366 5800
BUY 94 4123 14394
BUY 23 2376 21423
BUY 32 12083 232
BUY 32 3342 14932
BUY 38 9336 938
BUY 53 8323 5253
BUY 59 14086 13159
BUY 43 2982 22443
BUY 15 4302 4315
BUY 15 16121 10415
BUY 90 11540 2590
BUY 26 5366 15226
BUY 72 2996 23672
BUY 51 10990 20951
BUY 36 5115 6436
BUY 99 9278 14999
BUY 25 11400 20125
BUY 8 15324 14408
BUY 19 12223 9719
BUY 0 6100 25100
BUY 12 14530 3112
BUY 43 685 23543
BUY 88 3977 21088
BUY 30 3226 5530
BUY 15 1474 21515
BUY 11 15505 18511
BUY 0 16878 20600
BUY 30 15021 24430
BUY 78 17214 25078
BUY 9 16494 2409
BUY 53 499 13053
BUY 3 15100 12303
BUY 68 18866 18968
BUY 10 19660 20810
BUY 29 53 2329
BUY 43 10089 10643
BUY 25 7911 17925
BUY 95 2442 15195
BUY 90 2087 16490
BUY 17 11802 7817
BUY 96 9287 8996
BUY 18 16280 20318
BUY 26 18538 24326
BUY 70 721 370
BUY 84 17404 1784
BUY 53 3141 9253
BUY 85 636 25085
BUY 25 14362 24725
BUY 61 6046 25261
BUY 15 17149 15915
BUY 9 12904 2109
BUY 96 13553 19696
BUY 71 10885 10571
BUY 58 14331 16758
BUY 95 16280 2295
BUY 76 3060 12276
BUY 8 4357 2108
BUY 23 19452 14623
BUY 18 10434 15218
BUY 95 16494 11395
BUY 78 14115 10978
BUY 43 10931 3743
BUY 40 4019 2340
BUY 62 3650 2162
BUY 73 6520 22473
BUY 51 2172 8751
BUY 59 15781 2359
BUY 53 16261 23153
BUY 63 13115 6263
BUY 21 13765 13721
BUY 83 3532 21583
BUY 25 17166 125
BUY 36 16278 21736
BUY 61 18785 11861
BUY 91 13448 15691
BUY 90 9240 25590
BUY 95 690 3995
BUY 70 16814 2870
BUY 47 2826 12547
BUY 89 19479 11789
BUY 42 16106 6942
BUY 66 14471 11366
BUY 94 11497 14894
BUY 85 6607 9485
BUY 4 13157 7304
BUY 64 19932 17564
BUY 97 1864 10897
BUY 64 6023 13664
BUY 14 4286 3114
BUY 53 18584 15753
BUY 92 17060 2392
BUY 2 5247 22902
BUY 98 15560 6098
BUY 62 14915 13862
BUY 22 18533 11922
BUY 62 382 21562
BUY 54 15396 25854
BUY 36 368 21836
BUY 68 867 17668
BUY 24 18959 5124
BUY 38 9103 5538
BUY 34 15591 20234
BUY 42 12591 17742
BUY 10 19566 21610
BUY 23 12496 3223
BUY 86 12347 14986
BUY 17 12148 15617
BUY 97 8878 11497
BUY 61 2787 4861
BUY 82 12959 9882
BUY 35 2586 17835
BUY 93 13009 2293
BUY 51 4147 4651
BUY 39 3060 8239
BUY 30 1611 17730
BUY 43 2735 21943
BUY 32 16401 6032
BUY 45 13560 25745
BUY 97 6752 10697
BUY 83 7563 11683
BUY 19 10327 23819
BUY 21 620 4321
BUY 60 16834 23260
BUY 96 13962 19196
BUY 69 19769 6169
BUY 26 8222 10226
BUY 48 16552 8548
BUY 23 12586 17223
BUY 40 19772 6840
BUY 74 2058 8974
BUY 79 10821 12879
BUY 81 2893 10981
BUY 37 9473 11937
BUY 50 12278 9250
BUY 0 15867 7800
BUY 64 867 6664
BUY 18 7094 18718
BUY 97 9706 1897
BUY 95 4147 17895
BUY 52 18288 7852
BUY 91 4147 9991
BUY 57 17071 25657
BUY 11 8394 24211
BUY 36 11143 3736
BUY 73 6577 10473
BUY 84 2655 9784
BUY 35 12332 8435
BUY 36 5657 5336
BUY 83 5541 21983
BUY 92 12496 4592
BUY 0 11293 4000
BUY 53 11913 25253
BUY 60 80 25960
BUY 38 14802 18338
BUY 33 13563 6833
BUY 37 17058 6437
BUY 21 2087 9921
BUY 1 4527 8401
BUY 21 2403 15121
BUY 99 5137 12999
BUY 2 2422 5402
BUY 72 4901 22972
BUY 90 12781 7290
BUY 62 4019 1162
BUY 65 10044 17165
BUY 14 11700 19814
BUY 21 5055 18121
BUY 86 19508 18086
BUY 50 4276 20250
BUY 14 16572 2614
BUY 7 5815 5807
BUY 25 13765 6025
BUY 99 11938 11699
BUY 36 6061 17536
BUY 92 10089 592
BUY 71 17060 4771
BUY 78 9955 16678
BUY 45 6414 8445
BUY 96 15164 23596
BUY 12 12296 21012
BUY 91 2833 14191
BUY 3 17578 20603
BUY 5 7035 12305
BUY 39 16401 11039
BUY 95 16762 16895
BUY 59 10100 22159
BUY 43 12879 4543
BUY 18 2787 3818
BUY 95 14915 6695
BUY 77 5657 4177
BUY 56 16849 24456
BUY 16 4613 2416
BUY 88 11919 2288
BUY 39 16964 20839
BUY 62 18444 162
BUY 13 18152 25113
BUY 3 4306 17003
BUY 60 6023 8660
BUY 53 16633 1853
BUY 31 17984 8731
BUY 81 15024 8081
BUY 63 13479 3763
BUY 2 6279 3802
BUY 2 1379 17602
BUY 81 3018 2481
BUY 83 8762 3283
BUY 85 5495 14385
BUY 41 6577 16641
BUY 82 13545 7982
BUY 0 11510 23100
BUY 72 16106 10772
BUY 28 6472 1428
BUY 63 11666 6563
BUY 59 16840 15559
BUY 83 4574 21383
BUY 56 10134 16956
BUY 14 4904 8214
BUY 29 996 22429
BUY 44 3079 23444
BUY 94 17314 19894
BUY 34 12418 21734
BUY 37 1553 11237
BUY 85 9548 20785
BUY 33 1864 2233
BUY 57 15350 18557
BUY 85 10659 2385
BUY 96 16995 21596
BUY 34 15674 4034
BUY 45 17504 9045
BUY 61 6525 16961
BUY 57 1557 6457
BUY 97 14582 21997
BUY 53 13015 12753
BUY 75 6298 24275
BUY 74 1065 25874
BUY 74 11912 17874
BUY 65 19772 6465
BUY 12 2572 12312
BUY 62 17984 862
BUY 6 7754 9606
BUY 25 14307 6625
BUY 20 2693 1520
BUY 19 16419 2119
BUY 62 13367 15562
BUY 20 11992 9620
BUY 46 2184 17946
BUY 72 13157 19672
BUY 1 15419 16601
BUY 13 19931 23813
BUY 6 2124 23506
BUY 0 3198 21600
BUY 65 15029 8165
BUY 60 16034 9460
BUY 36 2564 10336
BUY 75 1217 12575
BUY 50 16473 24450
BUY 68 2392 1068
BUY 2 5725 5702
BUY 90 8107 25990
BUY 23 2058 11423
BUY 71 4277 23671
BUY 5 13553 2305
BUY 75 6261 16475
BUY 48 12101 21348
BUY 61 17627 13661
BUY 68 17394 668
BUY 33 11796 8633
BUY 20 8323 19920
BUY 68 1606 9168
BUY 50 11223 10650
BUY 39 13293 21839
BUY 30 3947 22830
BUY 99 13834 3099
BUY 40 10580 17240
BUY 91 16633 4391
BUY 23 9986 16523
BUY 20 6119 23920
BUY 35 9278 11935
BUY 84 4950 13584
BUY 46 12406 21946
BUY 56 7139 7556
BUY 25 5805 23425
BUY 32 15500 10832
BUY 52 18131 1952
BUY 4 19530 4604
BUY 97 11032 597
BUY 75 11647 11975
BUY 95 3323 24895
BUY 63 19349 11963
BUY 98 4019 17798
BUY 69 19071 17469
BUY 34 11497 7334
BUY 91 19071 14491
BUY 72 621 13272
BUY 64 19261 24364
BUY 90 13845 11890
BUY 61 8926 2161
BUY 49 4229 18849
BUY 39 16717 14339
BUY 7 1792 16307
BUY 19 18209 19819
BUY 57 4613 4257
BUY 89 6218 89
BUY 1 13736 1501
BUY 5 7654 23205
BUY 0 11845 20200
BUY 68 2403 4868
BUY 51 3820 24351
BUY 34 6689 16234
BUY 50 8331 14250
BUY 86 12007 19186
BUY 7 7757 11707
BUY 20 4670 9020
BUY 47 6547 9547
BUY 37 2349 9837
BUY 30 11421 7030
BUY 9 19451 23409
BUY 78 14733 778
BUY 35 3669 23635
BUY 28 6023 4528
BUY 47 13066 23047
BUY 22 13009 10722
BUY 16 18785 18616
BUY 5 8874 11705
BUY 99 15591 20599
BUY 40 8781 16840
BUY 0 13842 20000
BUY 51 509 19851
BUY 72 10645 2572
BUY 71 11525 4071
BUY 50 17435 13750
BUY 94 11400 7094
BUY 89 14915 5489
BUY 62 16530 17262
BUY 3 7478 5503
BUY 68 2933 14868
BUY 80 3762 23280
BUY 4 12679 10004
BUY 20 12378 10620
BUY 15 7223 8715
BUY 4 4300 5604
BUY 71 18131 12671
BUY 81 13009 9781
BUY 89 17275 18389
BUY 38 3505 5638
BUY 8 2245 19208
BUY 63 15053 11863
BUY 61 19781 11961
BUY 73 14225 3673
BUY 58 12679 20458
BUY 90 11881 20190
BUY 69 7852 13769
BUY 61 5055 2661
BUY 22 16127 5122
BUY 31 664 17731
BUY 37 17344 20237
BUY 30 16200 3830
BUY 58 10304 20758
BUY 3 6983 1503
BUY 92 14915 14692
BUY 27 898 9927
BUY 92 127 5092
BUY 85 12332 9385
BUY 40 5338 9540
BUY 55 11734 17255
BUY 39 7640 3239
BUY 13 11258 8013
BUY 43 1792 11243
BUY 61 156 361
BUY 39 4201 24639
BUY 80 13563 14680
BUY 49 5804 10949
BUY 52 11627 1152
BUY 21 13545 6721
BUY 99 1544 4099
BUY 17 1217 5117
BUY 91 18492 5691
BUY 18 9381 22618
BUY 2 16984 9202
BUY 4 7444 25604
BUY 93 16762 11693
BUY 20 6900 19520
BUY 59 16231 16659
BUY 33 10176 10133
BUY 27 17536 7127
BUY 28 7598 25828
BUY 79 19901 9179
BUY 4 4568 19204
BUY 17 15419 11917
BUY 80 19948 22880
BUY 22 14500 1822
BUY 24 14501 10724
BUY 44 17579 9544
BUY 94 9196 6394
BUY 43 8641 25043
BUY 0 9535 1800
BUY 87 19452 16687
BUY 61 13736 1661
BUY 92 6007 8192
BUY 39 1449 23539
BUY 34 10645 15634
BUY 19 13980 14419
BUY 46 11540 8046
BUY 25 17647 13825
BUY 87 6936 18687
BUY 29 12287 23329
BUY 47 16936 21347
BUY 42 19903 342
BUY 77 7084 17277
BUY 91 14873 19891
BUY 32 16633 18032
BUY 66 17344 6866
BUY 47 14848 12647
BUY 1 2087 9401
BUY 27 16728 10927
BUY 88 19320 10288
BUY 65 19320 17465
BUY 70 8952 3270
BUY 65 2816 19165
BUY 24 926 13024
BUY 73 16320 5873
BUY 68 3817 7868
BUY 76 13920 25376
BUY 1 4789 16701
BUY 86 12623 25286
BUY 52 3637 13052
BUY 17 19664 2917
BUY 54 9291 22854
BUY 83 8414 19983
BUY 3 15652 16603
BUY 99 11391 4899
BUY 81 18048 1481
BUY 35 8762 20735
BUY 28 7792 1728
BUY 24 16127 11924
BUY 61 19980 7361
BUY 6 4060 12506
BUY 43 17578 19443
BUY 62 5544 3662
BUY 1 11881 12001
BUY 28 5947 10228
BUY 15 1082 25015
BUY 43 6097 23743
BUY 50 5815 1850
BUY 73 16997 7973
BUY 38 4687 16738
BUY 46 10885 14146
BUY 27 2095 10827
BUY 19 2392 16919
BUY 70 9066 23670
BUY 43 14114 9743
BUY 21 1330 25721
BUY 16 19716 10116
BUY 57 11647 4057
BUY 20 13409 2320
BUY 18 3629 20218
BUY 15 14763 20215
BUY 19 12903 11919
BUY 11 8362 22011
BUY 79 17504 579
BUY 11 13962 13611
BUY 93 15399 17993
BUY 74 2213 22874
BUY 41 220 25841
BUY 46 19764 10746
BUY 1 13697 10801
BUY 98 2833 7798
BUY 96 16320 7096
BUY 84 8518 19284
BUY 51 10044 5451
BUY 73 9706 7673
BUY 38 2288 2138
BUY 11 12490 25011
BUY 3 14773 18203
BUY 46 8629 5746
BUY 45 19764 19745
BUY 71 4477 13771
BUY 68 9103 13468
BUY 42 13074 9542
BUY 1 2851 10001
BUY 8 13015 4708
BUY 81 8132 10381
BUY 36 3244 8336
BUY 93 10394 6393
BUY 18 497 6018
BUY 39 2400 439
BUY 3 9103 20003
BUY 12 3622 8512
BUY 76 13845 11476
BUY 87 2501 3487
BUY 93 14806 22193
BUY 41 15284 5541
BUY 11 10879 2611
BUY 41 137 16241
BUY 3 8408 20903
BUY 77 3933 8977
BUY 47 16374 7247
BUY 32 12083 17432
BUY 3 11851 103
BUY 62 395 23862
BUY 13 5935 16413
BUY 83 17356 17683
BUY 11 11241 2911
BUY 65 5725 10765
BUY 19 15882 18519
BUY 92 18184 4092
BUY 45 11985 2545
BUY 79 2403 4679
BUY 80 19201 7780
BUY 12 16572 20112
BUY 37 11772 5337
BUY 89 3466 15989
BUY 33 13697 5733
BUY 47 10979 13447
BUY 42 16983 22842
BUY 7 6368 18307
BUY 34 12588 9034
BUY 38 19349 2838
BUY 87 5166 20987
BUY 70 18018 7770
BUY 79 16374 5179
BUY 83 797 12683
BUY 76 19732 2476
BUY 89 10991 23589
BUY 91 14070 5391
BUY 60 10879 9760
BUY 36 6732 24236
BUY 63 14903 23563
BUY 26 1852 22826
BUY 33 127 16933
BUY 19 11145 3019
BUY 42 12496 742
BUY 7 3698 13607
BUY 35 2572 9935
BUY 59 1263 21459
BUY 38 9014 4538
BUY 16 457 18516
BUY 17 6470 7217
BUY 77 10559 25077
BUY 73 19764 2873
BUY 55 5075 18355
BUY 58 1248 22058
BUY 59 15778 14359
BUY 90 19479 11290
BUY 58 15419 17358
BUY 18 8675 23918
BUY 47 12332 16147
BUY 58 12588 20158
BUY 89 11796 15489
BUY 41 6761 22141
BUY 76 19452 2576
BUY 76 15674 76
BUY 66 7658 6566
BUY 8 13421 6508
BUY 70 2184 14970
BUY 44 14079 21244
BUY 12 16568 312
BUY 71 19509 2371
BUY 25 16188 4825
BUY 37 7337 23637
BUY 96 11474 21396
BUY 47 2058 5347
BUY 49 63 10449
BUY 9 15785 7209
BUY 76 1695 23476
BUY 44 3221 20144
BUY 80 11635 25680
BUY 89 7879 13289
BUY 6 12826 13306
BUY 51 7396 7551
BUY 1 11369 4401
BUY 82 11985 8182
BUY 72 11152 7372
BUY 77 4019 7677
BUY 22 4123 6022
BUY 5 12250 6905
BUY 4 14626 16104
BUY 74 11941 25574
BUY 9 19778 15209
BUY 6 17115 7406
BUY 95 17979 23595
BUY 1 9511 14901
BUY 80 17504 11980
BUY 88 10959 7988
BUY 27 18131 14327
BUY 70 13697 6470
BUY 64 9287 4464
BUY 9 18255 1309
BUY 26 9844 20526
BUY 96 11456 24796
BUY 92 11938 5392
BUY 2 4687 6102
BUY 88 5800 20588
BUY 12 9303 11012
BUY 43 11802 9043
BUY 86 2301 21086
BUY 88 1557 15688
BUY 20 2803 15420
BUY 77 7396 16277
BUY 92 2095 20192
BUY 70 6632 2070
BUY 97 15334 24897
BUY 26 3656 24426
BUY 99 16890 11999
BUY 44 499 12244
BUY 59 17789 13859
BUY 95 3197 17295
BUY 27 10323 4327
BUY 94 11992 3594
BUY 6 11627 6
BUY 7 6900 7407
BUY 56 6769 8756
BUY 4 18059 19404
BUY 85 6595 1185
BUY 96 11179 17696
BUY 96 18841 13996
BUY 84 16139 20284
BUY 25 215 21625
BUY 27 13283 24327
BUY 5 8163 10905
BUY 93 15115 1393
BUY 38 9610 13038
BUY 92 101 3692
BUY 40 3516 20440
BUY 56 8880 13756
BUY 90 16028 20690
BUY 70 690 15470
BUY 58 15727 17458
BUY 67 17387 9367
BUY 94 3520 24994
BUY 46 2501 11446
BUY 2 8558 24502
BUY 33 13399 25233
BUY 8 5229 25208
BUY 35 12740 24735
BUY 99 19530 15999
BUY 8 1978 13608
BUY 25 16694 15925
BUY 63 11548 563
BUY 11 2123 25811
BUY 25 11796 12825
BUY 79 7396 20179
BUY 88 12541 16388
BUY 69 9490 9869
BUY 63 13596 7263
BUY 43 18629 23943
BUY 78 18430 7378
BUY 20 18005 15620
BUY 46 5775 17746
BUY 12 11985 8612
BUY 27 1791 16727
BUY 12 13852 13712
BUY 58 16984 14458
BUY 97 9324 24797
BUY 91 10707 17991
BUY 19 11076 23319
BUY 20 15306 14420
BUY 5 14802 14805
BUY 79 2779 7279
BUY 25 12898 1825
BUY 97 11755 8797
BUY 52 9103 13752
BUY 66 19189 5666
BUY 36 2087 4836
BUY 27 1558 21227
BUY 66 4300 20266
BUY 45 9613 11045
BUY 80 3197 19380
BUY 36 12347 636
BUY 95 13447 19095
BUY 93 15778 12293
BUY 99 499 12199
BUY 65 4380 22865
BUY 78 11752 12578
BUY 73 13447 16473
BUY 33 5657 14033
BUY 7 11048 5607
BUY 7 19509 3907
BUY 21 16994 22421
BUY 32 10773 24932
BUY 38 16886 21838
BUY 65 15659 25965
BUY 1 8204 20301
BUY 2 2555 24402
BUY 54 4019 5554
BUY 45 10553 12045
BUY 81 3121 17681
BUY 23 18864 1723
BUY 12 906 15012
BUY 37 19980 13937
BUY 27 1645 23227
BUY 73 1678 9173
BUY 62 17467 62
BUY 79 12431 20079
BUY 27 7989 7027
BUY 63 12050 7363
BUY 45 8952 9145
BUY 37 12113 14137
BUY 61 13563 7561
BUY 93 7115 25493
BUY 47 18105 16947
BUY 46 12603 7046
BUY 99 15265 13699
BUY 16 10966 17216
BUY 14 19937 5314
BUY 56 6414 11656
BUY 44 11181 1144
BUY 79 8927 23679
BUY 3 11152 8503
BUY 71 19761 10871
BUY 71 2768 13571
BUY 10 15024 13410
BUY 50 12558 5050
BUY 69 16320 12869
BUY 6 18937 19906
BUY 99 18160 9899
BUY 21 19772 4621
BUY 82 9009 12682
BUY 88 15727 7788
BUY 38 12347 9638
BUY 98 11392 5398
BUY 59 13948 8359
BUY 18 6911 11218
BUY 24 10081 20624
BUY 59 14508 12259
BUY 97 8755 4097
BUY 6 4527 17306
BUY 27 15276 20827
BUY 6 11548 11106
BUY 10 7034 21510
BUY 15 2373 14915
BUY 16 17394 14016
BUY 43 137 1043
BUY 62 1978 16162
BUY 74 8163 19674
BUY 62 16663 22862
BUY 67 5075 7267
BUY 57 8251 19357
BUY 94 2342 17194
BUY 41 16088 17841
BUY 74 1990 20274
BUY 35 6443 19235
BUY 48 4687 13148
BUY 83 3988 22483
BUY 74 10336 13774
BUY 66 7563 17466
BUY 63 7168 8863
BUY 28 2862 22528
BUY 42 11851 5742
BUY 87 17080 21587
BUY 9 9377 13909
BUY 52 12272 6252
BUY 74 1379 13574
BUY 93 14092 693
BUY 9 12021 22309
BUY 18 14763 20418
BUY 7 5305 21107
BUY 23 12579 22523
BUY 61 13384 25161
BUY 77 12262 4377
BUY 37 2214 3937
BUY 30 509 6630
BUY 33 5821 17833
BUY 22 9205 11022
BUY 5 3870 23405
BUY 50 18162 12550
BUY 58 5609 19258
BUY 2 16280 9102
BUY 54 18533 12954
BUY 43 7845 22743
BUY 69 11614 20169
BUY 73 5193 21673
BUY 17 11497 16317
BUY 37 19239 7037
BUY 20 867 16020
BUY 26 12710 1126
BUY 66 18242 15966
BUY 40 7139 2040
BUY 98 6224 24098
BUY 95 17289 22395
BUY 41 12898 5841
BUY 1 11756 22501
BUY 83 6876 9583
BUY 26 15276 21826
BUY 8 16890 4408
BUY 21 6769 18621
BUY 16 14285 1916
BUY 25 9457 25525
BUY 45 15250 5745
BUY 38 14271 8138
BUY 79 19804 17879
BUY 23 16224 14823
BUY 62 10972 18262
BUY 36 16200 7236
BUY 63 7754 15963
BUY 90 17634 14590
BUY 68 15029 19668
BUY 50 10409 16350
BUY 61 663 21461
BUY 76 377 976
BUY 86 65 15186
BUY 11 14934 20011
BUY 15 19349 715
BUY 18 16008 18818
BUY 70 16992 19470
BUY 34 9490 13134
BUY 15 11476 21615
BUY 66 17943 10366
BUY 83 17810 11483
BUY 77 7841 8077
BUY 79 5821 11879
BUY 21 12697 12321
BUY 69 4114 9969
BUY 30 4926 23630
BUY 92 5914 23492
BUY 19 3217 25119
BUY 72 15029 3272
BUY 6 10076 6806
BUY 80 17605 4880
BUY 24 2641 25424
BUY 4 811 23004
BUY 93 6607 7793
BUY 62 19761 17162
BUY 36 1735 20136
BUY 77 9955 11877
BUY 97 18288 1497
BUY 47 4838 14747
BUY 77 7989 677
BUY 91 13325 24791
BUY 53 6769 17053
BUY 0 2258 9800
BUY 71 17275 4271
BUY 64 16419 19564
BUY 41 4114 9241
BUY 47 16878 9747
BUY 96 11700 20196
BUY 94 18159 11594
BUY 87 4734 5787
BUY 33 9844 7633
BUY 77 16265 25977
BUY 71 12113 12071
BUY 85 13925 16285
BUY 57 16078 557
BUY 26 4568 17326
BUY 77 19189 18577
BUY 47 15815 6247
BUY 89 8501 15289
BUY 32 13409 14332
BUY 6 18375 17706
BUY 27 12050 20727
BUY 65 240 16365
BUY 7 5238 18007
BUY 73 53 19773
BUY 95 15100 13895
BUY 58 4211 24558
BUY 43 11419 23643
BUY 8 2501 8208
BUY 2 2521 4002
BUY 34 4911 21834
BUY 8 13170 14008
BUY 21 17394 8921
BUY 0 7511 14000
BUY 20 9009 8220
BUY 72 1468 6772
BUY 28 16188 11728
BUY 33 690 6433
BUY 95 18866 20795
BUY 0 13545 20500
BUY 94 15053 11894
BUY 10 19867 21810
BUY 29 7223 15029
BUY 56 4711 9156
BUY 97 13409 17697
BUY 97 2893 15897
BUY 11 9282 23311
BUY 35 14773 8635
BUY 15 4357 20015
BUY 86 16188 5086
BUY 64 6084 25764
BUY 99 7139 11299
BUY 92 13839 6892
BUY 98 17266 19998
BUY 10 4286 18110
BUY 55 18112 13055
BUY 4 14471 15004
BUY 12 8204 5712
BUY 53 55 5553
BUY 64 7139 11764
BUY 96 8163 11896
BUY 17 6718 19617
BUY 88 8287 14788
BUY 91 3725 21391
BUY 95 3143 24395
BUY 69 18184 13569
BUY 92 3598 20692
BUY 26 7805 25426
BUY 51 14811 13751
BUY 58 11118 20558
BUY 86 14225 9286
BUY 24 10902 6524
BUY 64 14613 25864
BUY 29 17305 12329
BUY 17 11772 19017
BUY 38 12465 24438
BUY 20 9024 10320
BUY 87 5255 19887
BUY 82 8812 1982
BUY 63 14168 13563
BUY 93 12219 6993
BUY 82 3141 9682
BUY 35 1618 24535
BUY 42 14773 1942
BUY 24 3698 15024
BUY 86 15087 8586
BUY 22 16224 3022
BUY 16 7914 2616
BUY 27 17535 18427
BUY 87 10771 22987
BUY 29 17634 18029
BUY 6 6973 15106
BUY 88 906 9088
BUY 21 7087 13521
BUY 69 15785 6969
BUY 99 4542 22299
BUY 29 1877 20829
BUY 79 13502 21879
BUY 77 10323 14477
BUY 32 24 12232
BUY 76 16890 7876
BUY 29 19817 21729
BUY 9 1103 17909
BUY 4 836 22604
BUY 5 18492 12605
BUY 48 5944 16948
BUY 89 10349 9089
BUY 51 17135 4551
BUY 19 18112 14319
BUY 1 19772 18001
BUY 37 11992 337
BUY 91 1448 21091
BUY 71 934 5371
BUY 26 11671 11926
BUY 19 11421 719
BUY 19 2610 13219
BUY 0 9287 18600
BUY 67 622 1567
BUY 48 13980 248
BUY 21 15652 20021
BUY 11 319 18211
BUY 56 7734 656
BUY 26 1792 18626
BUY 11 162 21911
BUY 21 19479 2421
BUY 62 3466 12962
BUY 6 13015 20206
BUY 63 12573 13363
BUY 82 16762 982
BUY 95 10978 21695
BUY 0 10022 22500
BUY 13 16188 6913
BUY 61 13930 261
BUY 62 15406 10562
BUY 1 15024 19201
BUY 1 17705 25301
BUY 80 17115 3280
BUY 30 15882 14230
BUY 25 5775 20525
BUY 40 3018 3440
BUY 74 16992 10974
BUY 36 1678 19636
BUY 54 6373 18654
BUY 17 8287 12517
BUY 17 14657 5217
BUY 14 2787 5514
BUY 49 16447 24149
BUY 96 8369 21896
BUY 15 6414 11215
BUY 98 2206 25598
BUY 20 12826 2420
BUY 9 9566 23809
BUY 82 3530 21582
BUY 2 865 18102
BUY 56 12379 13456
BUY 5 17069 4605
BUY 57 1740 22357
BUY 25 11145 1425
BUY 43 14182 15943
BUY 87 10948 8487
BUY 70 10044 8170
BUY 20 9315 17720
BUY 87 12148 14587
BUY 68 16353 25468
BUY 27 13697 827
BUY 79 392 3079
BUY 70 18407 1770
BUY 61 934 17561
BUY 16 1996 9216
BUY 45 19960 22245
BUY 32 8697 7632
BUY 80 11677 25980
BUY 93 6646 3993
BUY 16 15759 9016
BUY 94 13736 18394
BUY 56 9287 16756
BUY 63 797 2663
BUY 78 2610 178
BUY 35 11525 8935
BUY 30 10094 11530
BUY 28 13268 24628
BUY 89 12567 5189
BUY 87 11967 4887
BUY 50 2630 25350
BUY 16 19804 18216
BUY 26 11681 8926
BUY 97 13146 16997
BUY 71 8501 17571
BUY 73 17404 14673
BUY 56 8552 12656
BUY 42 17115 3542
BUY 21 13610 23821
BUY 7 15069 3807
BUY 19 18477 13319
BUY 87 13925 9787
BUY 92 9649 1092
BUY 93 12959 2793
BUY 3 497 19203
BUY 42 15244 3442
BUY 29 12148 8429
BUY 30 11948 19730
BUY 21 9830 23321
BUY 29 16320 15729
BUY 24 11392 7124
BUY 11 11223 15611
BUY 30 2422 18230
BUY 59 6840 12859
BUY 0 7241 12000
BUY 89 7336 24089
BUY 9 11241 11709
BUY 11 8275 8211
BUY 26 12904 3026
BUY 85 7280 21585
BUY 93 17394 14593
BUY 48 12315 25448
BUY 80 53 15680
BUY 93 2872 22493
BUY 46 13765 15246
BUY 72 14064 2472
BUY 88 19349 19888
BUY 17 19901 617
BUY 14 19268 20814
BUY 75 16782 16575
BUY 9 18109 9709
BUY 96 5115 5396
BUY 90 7618 3590
BUY 91 3354 13591
BUY 87 3449 20887
BUY 69 10909 16169
BUY 34 9955 2734
BUY 93 10166 22393
BUY 19 9024 16319
BUY 2 8552 20002
BUY 96 5238 10796
BUY 14 10111 21214
BUY 41 11540 14141
BUY 59 3226 19659
BUY 65 2184 2965
BUY 81 9400 19981
BUY 27 14811 15027
BUY 80 11984 2980
BUY 41 17356 5241
BUY 47 14500 10247
BUY 16 17605 19016
BUY 7 19894 18907
BUY 42 4229 16642
BUY 41 19436 12541
BUY 18 4455 10018
BUY 92 11048 13592
BUY 49 19903 16149
BUY 65 18162 18865
BUY 45 8945 22345
BUY 26 5137 626
BUY 59 15419 9459
BUY 44 1729 22744
BUY 23 15560 14423
BUY 62 6375 14062
BUY 9 8840 23909
BUY 28 2693 10928
BUY 87 8123 8087
BUY 84 934 484
BUY 47 4601 20447
BUY 99 8781 99
BUY 56 5064 9356
BUY 13 13529 22813
BUY 95 1056 8995
BUY 49 16490 12149
BUY 76 16131 23176
BUY 70 4613 5870
BUY 19 15069 9519
BUY 53 15071 15653
BUY 24 9114 21224
BUY 49 13157 16049
BUY 86 1104 10986
BUY 50 2058 9550
BUY 33 17634 5033
BUY 20 7223 12320
BUY 40 11752 10440
BUY 60 14773 14960
BUY 97 6142 1697
BUY 50 13545 5450
BUY 80 11796 17380
BUY 94 11764 22494
BUY 67 1557 17667
BUY 64 8052 18364
BUY 51 17222 21251
BUY 39 12510 12739
BUY 12 4482 13012
BUY 86 4719 1986
BUY 71 3197 9871
BUY 89 6218 1489
BUY 3 11293 15603
BUY 16 19022 25516
BUY 0 1943 15400
BUY 70 8046 1670
BUY 94 15882 11094
BUY 9 5918 5409
BUY 3 8052 7903
BUY 35 8869 23535
BUY 23 11316 15023
BUY 89 8518 17589
BUY 32 1553 1032
BUY 16 19452 716
BUY 69 5137 669
BUY 78 10879 2478
BUY 69 7742 24269
BUY 82 14235 20882
BUY 29 9250 3129
BUY 76 10774 17976
BUY 58 16694 20058
BUY 15 13765 12115
BUY 17 2833 12017
BUY 62 622 7362
BUY 67 19932 3167
BUY 35 12347 3235
BUY 15 19866 19615
BUY 24 9336 8724
BUY 15 18059 1915
BUY 36 13421 13836
BUY 25 14092 13725
BUY 28 3669 21328
BUY 82 16862 25382
BUY 51 13447 11751
BUY 99 11385 21699
BUY 59 4023 25459
BUY 55 11071 19355
BUY 7 16028 5207
BUY 87 8878 9187
BUY 55 13630 12955
BUY 59 7911 14059
BUY 96 15112 22496
BUY 58 13948 13258
BUY 17 16890 17
BUY 10 13449 7210
BUY 84 5055 7184
BUY 95 906 6095
BUY 70 3060 8870
BUY 46 12839 23446
BUY 63 830 19663
BUY 65 2655 965
BUY 73 11938 17473
BUY 63 15087 11463
BUY 16 13709 6716
BUY 23 8812 3823
BUY 77 7604 6977
BUY 80 2833 9580
BUY 16 12879 9916
BUY 74 2792 16674
BUY 42 2172 18442
BUY 96 2087 17896
BUY 59 18537 14659
BUY 20 16997 16620
BUY 54 5800 4154
BUY 96 17634 296
BUY 49 19423 7149
BUY 92 11917 21592
BUY 93 18755 23593
BUY 70 5209 14770
BUY 58 18046 9258
BUY 41 2214 17341
BUY 55 15131 21055
BUY 49 18368 15549
BUY 92 9336 17992
BUY 52 865 6452
BUY 65 8518 7765
BUY 59 6061 18459
BUY 27 10762 19427
BUY 42 2382 7042
BUY 14 16530 18714
BUY 72 5238 19772
BUY 22 10645 18822
BUY 80 13493 9880
BUY 22 7087 17122
BUY 78 19493 13878
BUY 31 2531 4231
BUY 12 17935 23812
BUY 90 12148 16090
BUY 77 15432 23377
BUY 81 19740 23381
BUY 87 8045 11387
BUY 39 5017 21239
BUY 24 5775 4124
BUY 14 16034 8714
BUY 68 17579 9068
BUY 54 9473 6654
BUY 69 13995 20869
BUY 62 12050 20162
BUY 63 11881 15063
BUY 98 4670 12898
BUY 90 19408 790
BUY 45 14685 23245
BUY 26 16272 20826
BUY 59 421 21059
BUY 73 7379 22773
BUY 66 11700 11966
BUY 85 18632 22785
BUY 25 11051 21825
BUY 71 2245 6371
BUY 74 11671 1674
BUY 53 15407 13153
BUY 21 10707 821
BUY 1 16022 22301
BUY 47 2204 18147
BUY 57 19764 11757
BUY 87 4711 20087
BUY 15 15071 15815
BUY 79 18431 12479
BUY 13 2288 413
BUY 4 7177 13304
BUY 83 3511 6583
BUY 44 18953 5944
BUY 55 15419 1155
BUY 94 17433 3294
BUY 74 12223 8374
BUY 15 12089 22815
BUY 32 14934 332
BUY 76 19598 17276
BUY 44 14873 2144
BUY 78 4482 3478
BUY 11 19482 23211
BUY 96 10844 9996
BUY 90 13394 24890
BUY 16 8105 15216
BUY 34 14657 11934
BUY 31 8052 18331
BUY 59 9613 3359
BUY 91 9009 12391
BUY 48 5797 9048
BUY 28 17964 14128
BUY 8 11037 13508
BUY 47 8222 20647
BUY 13 19201 19513
BUY 47 8252 2447
BUY 31 18112 13831
BUY 95 13414 25795
BUY 60 12963 12260
BUY 83 12662 4883
BUY 72 17728 8172
BUY 53 17535 13653
BUY 55 7604 15155
BUY 81 11851 2781
BUY 54 19778 3054
BUY 35 8156 21135
BUY 62 9940 20362
BUY 4 2403 15704
BUY 76 13421 1576
BUY 19 6818 17619
BUY 72 1678 12472
BUY 95 4276 14295
BUY 70 6769 17970
BUY 68 6687 25068
BUY 23 8123 15923
BUY 50 10624 24750
BUY 86 19586 2186
BUY 43 2851 13043
BUY 66 8123 266
BUY 15 5821 1415
BUY 54 14585 11754
BUY 17 4357 8117
BUY 99 10959 8099
BUY 39 11241 8439
BUY 52 10769 25752
BUY 52 6375 8952
BUY 5 1422 24205
BUY 68 16224 14068
BUY 35 12278 4235
BUY 22 14544 25322
BUY 49 8518 3649
BUY 32 6261 10932
BUY 70 4745 1970
BUY 82 11627 20682
BUY 96 13033 22596
BUY 22 16311 21322
BUY 79 16490 3279
BUY 80 15071 12680
BUY 28 6718 8228
BUY 23 2403 7623
BUY 32 2868 15532
BUY 80 3466 4180
BUY 9 8518 5509
BUY 91 12163 22191
BUY 15 1269 24715
BUY 49 11081 4649
BUY 95 4601 20695
BUY 53 13170 16153
BUY 88 16640 13288
BUY 38 17938 16838
BUY 16 2768 6016
BUY 24 7563 4424
BUY 86 3916 16386
BUY 35 16640 4635
BUY 20 9014 20020
BUY 8 16530 12708
BUY 67 17249 21867
BUY 21 18433 24821
BUY 19 1977 1619
BUY 98 65 9298
BUY 28 53 19328
BUY 56 14890 8656
BUY 68 10979 18168
BUY 41 10094 2941
BUY 30 10255 1030
BUY 58 12891 23858
BUY 41 6734 16741
BUY 42 17535 13542
BUY 49 1326 25049
BUY 34 15727 9434
BUY 32 16490 12532
BUY 33 13005 3833
BUY 94 17070 25894
BUY 11 18288 10511
BUY 17 5296 17617
BUY 81 11316 13481
BUY 39 13009 2739
BUY 59 5075 13259
BUY 35 8312 14735
BUY 76 5797 8176
BUY 29 17536 3729
BUY 68 15100 4668
BUY 82 13697 1382
BUY 97 14076 9297
BUY 6 4838 1506
BUY 11 9262 12211
BUY 27 17435 12227
BUY 80 16139 16780
BUY 73 18135 23373
BUY 22 4147 8522
BUY 12 53 7612
BUY 25 16619 18725
BUY 31 16552 13731
BUY 2 12138 8102
BUY 70 12250 11470
BUY 47 7305 24247
BUY 71 4357 19471
BUY 48 1678 19448
BUY 31 18162 4531
BUY 78 2382 11378
BUY 38 2521 9538
BUY 19 8762 20019
BUY 73 10277 24773
BUY 86 13834 3886
BUY 19 3466 219
BUY 22 4244 4322
BUY 71 18059 13471
BUY 13 2400 4913
BUY 55 19530 6655
BUY 67 2214 7467
BUY 14 6689 14814
BUY 96 14530 6796
BUY 0 15306 5200
BUY 45 6472 20145
BUY 61 5238 15661
BUY 77 17344 7177
BUY 38 16958 9138
BUY 33 24 11333
BUY 13 14890 13113
BUY 33 18242 10733
BUY 22 19479 11422
BUY 52 9986 11452
BUY 27 2342 15127
BUY 4 19736 9904
BUY 22 6525 13622
BUY 55 2892 18655
BUY 45 15826 22545
BUY 99 3598 5399
BUY 73 8312 13873
BUY 51 14615 23351
BUY 57 1978 16657
BUY 2 8346 4602
BUY 91 10519 16591
BUY 68 12662 2468
BUY 17 17579 19217
BUY 78 9997 2178
BUY 4 11525 15504
BUY 43 5294 20543
BUY 61 5534 25661
BUY 58 17938 17558
BUY 50 7278 20350
BUY 72 8299 6072
BUY 15 11734 19815
BUY 41 1643 13841
BUY 69 8762 2169
BUY 8 5487 22808
BUY 51 2892 18051
BUY 27 9743 2527
BUY 32 8755 20732
BUY 78 12567 8378
BUY 14 2684 25014
BUY 98 8252 4098
BUY 41 5862 24641
BUY 15 14934 13915
BUY 79 17536 10479
BUY 36 12586 15436
BUY 15 15338 6115
BUY 84 10646 3084
BUY 76 4499 22476
BUY 77 15727 8277
BUY 90 9352 1990
BUY 30 11919 15330
BUY 68 6406 9968
BUY 36 13567 20336
BUY 82 6330 24682
BUY 63 6372 14263
BUY 11 5075 10711
BUY 41 221 7541
BUY 43 1864 3643
BUY 80 2693 10480
BUY 95 6279 10095
BUY 80 6375 10080
BUY 62 2959 7262
BUY 20 2308 10420
BUY 72 14725 22372
BUY 48 9602 8948
BUY 91 13005 12091
BUY 78 19829 23478
BUY 34 2426 21234
BUY 5 15571 24505
BUY 72 13553 5072
BUY 76 8456 21176
BUY 40 19017 6740
BUY 65 12250 17865
BUY 79 16530 4179
BUY 23 12879 2623
BUY 57 12435 21257
BUY 91 16572 1491
BUY 26 15024 8826
BUY 67 17603 11367
BUY 69 10684 22769
BUY 1 221 4001
BUY 55 13146 6755
BUY 59 11145 20359
BUY 66 55 5966
BUY 88 6166 1888
BUY 6 16762 19206
BUY 19 11938 1719
BUY 30 17526 13330
BUY 17 18471 7517
BUY 81 8817 3481
BUY 67 1188 24367
BUY 85 16568 11485
BUY 23 9764 23023
BUY 50 8539 11450
BUY 49 18407 12049
BUY 73 2636 25173
BUY 3 12567 1803
BUY 2 12744 16902
BUY 11 14104 19711
BUY 13 503 24813
BUY 67 19769 15667
BUY 82 12904 16682
BUY 48 19789 10348
BUY 8 17838 16908
BUY 69 4761 23869
BUY 3 8501 10803
BUY 31 19436 5831
BUY 90 19980 19990
BUY 77 10931 11977
BUY 40 19747 23740
BUY 4 10323 12904
BUY 73 18018 10373
BUY 95 6632 18995
BUY 15 3018 6315
BUY 85 8952 2285
BUY 2 13998 11802
BUY 9 14002 4609
BUY 18 18159 12118
BUY 57 1473 22857
BUY 46 7884 7646
BUY 66 11796 19966
BUY 38 15545 19538
BUY 18 11004 8718
BUY 75 8222 4375
BUY 93 2586 5193
BUY 15 15752 13715
BUY 7 7792 13507
BUY 46 1735 3546
BUY 93 7885 25993
BUY 92 1056 15892
BUY 11 17060 6811
BUY 98 16246 12098
BUY 60 14086 11860
BUY 50 15110 10750
BUY 92 17884 8992
BUY 69 4799 23969
BUY 73 5947 18773
BUY 84 12831 5184
BUY 58 17275 18658
BUY 8 15633 21708
BUY 75 6973 19875
BUY 84 2184 12584
BUY 81 9535 4981
BUY 50 17938 7650
BUY 5 14791 21605
BUY 98 6769 9798
BUY 2 4453 22702
BUY 19 17166 1919
BUY 92 7400 892
BUY 95 15100 3495
BUY 33 19452 6333
BUY 95 19697 22895
BUY 49 14585 11849
BUY 68 11241 11668
BUY 53 17387 1953
BUY 91 16541 2791
BUY 46 18105 4046
BUY 58 12148 16458
BUY 14 19201 10714
BUY 63 14285 20063
BUY 72 14271 9772
BUY 24 11037 2024
BUY 29 6312 10929
BUY 43 3650 13443
BUY 18 5775 19118
BUY 21 1229 7521
BUY 5 13009 15605
BUY 24 8132 6424
BUY 9 11586 22109
BUY 33 5294 17533
BUY 22 8952 16422
BUY 8 11181 10408
BUY 77 5800 15877
BUY 5 2084 25305
BUY 83 12959 9683
BUY 98 9649 12298
BUY 45 19148 4745
BUY 88 9327 20188
BUY 65 16028 4665
BUY 64 12637 13364
BUY 45 6718 10745
BUY 49 18489 10349
BUY 98 8629 15698
BUY 97 3629 3597
BUY 74 1027 21274
BUY 59 11690 16759
BUY 1 1792 1901
BUY 86 7563 12186
BUY 44 803 13844
BUY 82 5921 23182
BUY 9 8962 25109
BUY 47 11037 8447
BUY 63 6823 5963
BUY 23 8992 24423
BUY 90 13146 13490
BUY 84 13596 10384
BUY 3 499 4403
BUY 6 4433 13806
BUY 21 8539 3221
BUY 79 13596 13979
BUY 9 4319 9809
BUY 4 9278 11804
BUY 92 4033 15392
BUY 36 2501 9036
BUY 87 18822 24587
BUY 85 16008 10385
BUY 30 14802 19630
BUY 83 9961 22583
BUY 60 2058 5360
BUY 40 18184 15740
BUY 16 16868 21016
BUY 68 6061 5968
BUY 29 19653 19929
BUY 44 2058 17044
BUY 76 16309 3176
BUY 67 1116 2467
BUY 40 6769 10840
BUY 66 8299 11866
BUY 55 11984 20255
BUY 94 14508 14994
BUY 98 8552 15198
BUY 72 13146 7172
BUY 39 18812 24939
BUY 72 11293 12572
BUY 16 11984 7216
BUY 51 8182 12651
BUY 91 10176 19591
BUY 19 9931 22819
BUY 9 3185 19109
BUY 66 17603 12166
BUY 17 12542 15717
BUY 59 2245 20059
BUY 28 4114 2428
BUY 96 19185 24496
BUY 12 19769 10812
BUY 23 9829 13823
BUY 31 9535 12431
BUY 91 18847 13391
BUY 3 17433 2403
BUY 34 3850 25334
BUY 73 9940 4273
BUY 34 7709 22434
BUY 30 7084 17230
BUY 52 5918 452
BUY 71 14383 23371
BUY 70 18375 15170
BUY 90 19509 18890
BUY 15 11614 4615
BUY 69 16619 17269
BUY 23 15574 3723
BUY 48 19887 10448
BUY 30 8088 15530
BUY 88 14937 22588
BUY 36 16878 19836
BUY 60 19017 6460
BUY 65 9335 23865
BUY 17 8312 12717
BUY 69 15502 25469
BUY 38 5187 21638
BUY 59 12250 18659
BUY 0 3598 8900
BUY 14 17344 18314
BUY 84 5815 17784
BUY 59 13925 20259
BUY 27 9535 4127
BUY 73 5804 1373
BUY 39 9400 11339
BUY 54 19391 16454
BUY 48 17467 13248
BUY 13 12573 10113
BUY 77 9610 19377
BUY 84 11783 22684
BUY 6 18537 1706
BUY 26 3214 5626
BUY 9 10009 3209
BUY 1 3480 7501
BUY 85 7640 6785
BUY 60 17275 2060
BUY 86 11788 24186
BUY 41 6472 12441
BUY 80 16728 16880
BUY 64 4302 464
BUY 91 13312 20991
BUY 16 14872 25016
BUY 23 6279 8623
BUY 27 3698 8127
BUY 91 3545 22691
BUY 24 16560 2524
BUY 60 17266 20660
BUY 47 6607 17347
BUY 97 14926 13597
BUY 63 16401 14063
BUY 31 6836 23331
BUY 83 4455 5483
BUY 24 12781 4324
BUY 23 14115 4123
BUY 17 13018 22917
BUY 26 5308 226
BUY 10 16648 22010
BUY 98 122 17198
BUY 61 19795 4061
BUY 62 11081 8762
BUY 1 5815 5201
BUY 18 14070 4218
BUY 1 4045 22701
BUY 50 4568 6950
BUY 92 17115 13792
BUY 90 16633 10590
BUY 65 12148 9365
BUY 0 17789 1400
BUY 28 17448 15428
BUY 70 8629 5170
BUY 53 2572 15453
BUY 60 323 21160
BUY 87 13948 12187
BUY 30 11992 8530
BUY 28 15778 3028
BUY 24 6632 5224
BUY 59 8952 12959
BUY 12 19882 20212
BUY 82 17802 11682
BUY 59 12250 4559
BUY 81 9743 11181
BUY 69 4276 11069
BUY 33 7754 8433
BUY 6 18160 19506
BUY 70 9352 3370
BUY 99 18460 24399
BUY 37 16726 24137
BUY 51 156 8351
BUY 42 17433 4942
BUY 37 9548 14037
BUY 89 5725 10589
BUY 98 8414 11398
BUY 1 15350 901
BUY 72 3342 1972
BUY 53 12903 10153
BUY 37 12482 21337
BUY 71 6770 21671
BUY 43 830 7843
BUY 58 18630 24058
BUY 28 19653 14428
BUY 83 9092 23683
BUY 26 3378 24926
BUY 12 8045 5112
BUY 15 7881 23815
BUY 49 24 12249
BUY 7 11181 16707
BUY 59 16640 5159
BUY 49 17416 23849
BUY 15 4454 2215
BUY 80 14985 24680
BUY 2 4969 7702
BUY 30 15244 6130
BUY 7 17982 16507
BUY 62 5576 5462
BUY 69 2308 10169
BUY 20 4711 18820
BUY 5 19148 13605
BUY 67 19804 14367
BUY 71 111 22571
BUY 11 2258 6911
BUY 79 11948 18879
BUY 8 13367 3008
BUY 18 6023 8818
BUY 50 9706 4650
BUY 24 19168 13324
BUY 82 9611 4182
BUY 19 11181 20119
BUY 39 240 6639
BUY 85 15245 18285
BUY 52 16309 5752
BUY 7 6478 6307
BUY 91 16824 24191
BUY 26 18160 9826
BUY 3 8105 16403
BUY 5 13765 7805
BUY 89 8383 12989
BUY 39 2972 25839
BUY 47 2768 2247
BUY 1 11583 22201
BUY 14 16200 20614
BUY 44 9400 11344
BUY 64 2392 4264
BUY 74 18407 16774
BUY 39 6478 8339
BUY 62 1862 21862
BUY 80 1864 7180
BUY 95 3505 13495
BUY 62 16224 13762
BUY 63 15806 9763
BUY 52 12697 4252
BUY 49 12567 6149
BUY 21 10394 10921
BUY 37 8662 13137
BUY 7 11796 4207
BUY 6 4331 12406
BUY 52 10948 12652
BUY 39 4331 4039
BUY 23 17903 25023
BUY 46 16935 13046
BUY 50 3888 19950
BUY 32 7604 9232
BUY 75 11992 14475
BUY 3 5798 8103
BUY 93 16457 21793
BUY 1 6911 12201
BUY 95 11525 2995
BUY 12 17982 10912
BUY 90 2586 12190
BUY 36 18288 2636
BUY 97 19769 9997
BUY 41 5064 841
BUY 29 9743 10729
BUY 56 621 18556
BUY 57 8251 1457
BUY 56 9535 7456
BUY 73 14501 7373
BUY 19 14309 25519
BUY 26 16308 18426
BUY 94 9803 23694
BUY 76 10094 19076
BUY 99 6023 9499
BUY 6 16224 2406
BUY 57 14873 8657
BUY 93 19903 5393
BUY 39 18430 8539
BUY 56 15586 22056
BUY 16 4789 20416
BUY 88 5947 5488
BUY 25 15587 23625
BUY 92 13897 22592
BUY 25 8269 23325
BUY 94 14802 8994
BUY 12 12588 10212
BUY 57 6434 24457
BUY 3 14291 18303
BUY 40 12773 8640
BUY 76 2693 14976
BUY 97 2400 11797
BUY 80 6331 24580
BUY 84 2214 11584
BUY 54 372 12154
BUY 3 2476 12103
BUY 85 17982 10685
BUY 88 2833 11388
BUY 53 2349 12253
BUY 70 9108 21670
BUY 32 17371 24832
BUY 79 13409 16979
BUY 8 16694 16008
BUY 73 2245 15273
BUY 47 11061 12447
BUY 81 8878 6381
BUY 87 7301 5587
BUY 79 4019 20379
BUY 32 14076 2232
BUY 29 1643 10229
BUY 65 15674 10265
BUY 20 16904 23320
BUY 80 18366 11480
BUY 76 1943 19876
BUY 36 125 22436
BUY 96 5075 2496
BUY 82 5338 12282
BUY 76 16213 21276
BUY 80 12603 3180
BUY 91 14934 91
BUY 66 6911 9566
BUY 29 13960 19729
BUY 95 11152 3695
BUY 16 9024 10616
BUY 33 15406 13133
BUY 23 18160 623
BUY 67 4105 24567
BUY 82 14500 19682
BUY 14 16078 15214
BUY 50 137 15350
BUY 87 17982 7087
BUY 24 19856 21824
BUY 40 11116 2440
BUY 81 2087 581
BUY 2 5815 4202
BUY 33 11317 433
BUY 91 13630 16291
BUY 29 7511 9129
BUY 0 4227 5000
BUY 70 12007 17070
BUY 56 2199 19556
BUY 79 8252 19479
BUY 44 15689 14544
BUY 76 17115 3576
BUY 94 13563 1694
BUY 85 12826 12585
BUY 69 8878 3769
BUY 31 19772 14231
BUY 23 15759 14323
BUY 99 4683 16499
BUY 86 12685 23886
BUY 47 3659 13947
BUY 78 2905 23878
BUY 88 11938 12588
BUY 95 14484 1395
BUY 94 6823 5894
BUY 77 11653 21577
BUY 56 15759 6856
BUY 9 5725 4409
BUY 75 18953 2275
BUY 15 8296 21715
BUY 14 15265 11214
BUY 58 14650 1158
BUY 87 12562 6687
BUY 48 7084 18648
BUY 41 8697 2341
BUY 54 8781 7954
BUY 20 14006 4020
BUY 38 13431 25838
BUY 53 934 4153
BUY 35 9535 3435
BUY 21 7109 22121
BUY 15 18471 10615
BUY 97 15759 19497
BUY 42 11145 19642
BUY 7 9866 18507
BUY 82 11690 182
BUY 65 16762 10965
BUY 32 14050 21932
BUY 29 19201 2129
BUY 69 19320 18569
BUY 73 8687 21873
BUY 39 4433 20739
BUY 99 3354 3899
BUY 65 19391 265
BUY 31 4123 7131
BUY 59 6007 8159
BUY 17 17536 13517
BUY 63 13447 19163
BUY 32 3650 2732
BUY 67 15727 16467
BUY 22 15839 21922
BUY 86 5338 20586
BUY 72 4123 8572
BUY 88 16200 1688
BUY 69 16435 21469
BUY 62 6218 18662
BUY 93 4019 7893
BUY 46 11851 10146
BUY 52 12460 22752
BUY 47 3226 5047
BUY 5 19621 1905
BUY 42 8052 9242
BUY 97 2893 4497
BUY 74 11063 22474
BUY 36 6007 20436
BUY 33 15781 1633
BUY 4 9576 17804
BUY 91 15752 3791
BUY 0 17293 3800
BUY 17 5798 4117
BUY 69 1387 22369
BUY 13 16568 18913
BUY 45 15324 14445
BUY 57 7811 2057
BUY 80 19408 13780
BUY 51 6443 17851
BUY 10 13842 15110
BUY 45 18482 9745
BUY 35 6777 25235
BUY 84 8252 5784
BUY 5 4683 605
BUY 82 11004 8082
BUY 19 155 4719
BUY 46 17445 23746
BUY 83 319 13083
BUY 98 12664 7198
BUY 55 3846 23555
BUY 37 5255 12337
BUY 63 12954 17363
BUY 72 127 17272
BUY 97 19887 797
BUY 51 10289 12251
BUY 78 5815 20078
BUY 87 18413 18787
BUY 9 5775 10309
BUY 12 17467 15312
BUY 32 11179 6832
BUY 68 11181 7068
BUY 5 3882 17305
BUY 88 4019 2588
BUY 46 2564 20046
BUY 51 19148 20751
BUY 51 18489 6151
BUY 45 11317 19845
BUY 61 5514 9461
BUY 61 10580 20761
BUY 3 19903 18803
BUY 54 17097 8854
BUY 96 19778 12996
BUY 58 12558 11158
BUY 89 6277 23789
BUY 91 9844 12791
BUY 71 7035 12571
BUY 1 4123 10301
BUY 66 10885 14366
BUY 97 11316 11697
BUY 1 18953 501
BUY 67 9955 1267
BUY 33 10645 15033
BUY 79 11369 2779
BUY 91 17727 9091
BUY 80 14331 20780
BUY 81 14291 9481
BUY 87 11984 9987
BUY 4 11145 5904
BUY 31 3258 21631
BUY 34 8629 16034
BUY 13 18706 25013
BUY 66 5514 15666
BUY 12 10363 13912
BUY 55 14114 19055
BUY 66 14983 24266
BUY 34 11651 16934
BUY 25 1103 19325
BUY 75 5533 10075
BUY 2 11700 6402
BUY 83 2172 20283
BUY 93 10774 9293
BUY 99 10909 17099
BUY 15 12664 10715
BUY 4 1217 1004
BUY 91 18937 16091
BUY 31 1104 3631
BUY 2 16088 8702
BUY 31 7278 17631
BUY 29 13074 4529
BUY 38 19239 8338
BUY 53 12251 953
BUY 58 11241 6858
BUY 66 18223 3966
BUY 88 4031 1988
BUY 49 6406 4749
BUY 72 14002 7572
BUY 50 18091 23750
BUY 14 12741 21614
BUY 57 11881 10057
BUY 66 17647 2366
BUY 63 934 9363
BUY 82 8973 24582
BUY 55 9602 11555
BUY 22 9844 19322
BUY 22 15505 18022
BUY 81 3011 21181
BUY 54 17647 16054
BUY 10 2674 4110
BUY 65 3817 10165
BUY 95 5392 17695
BUY 56 19653 7856
BUY 32 9940 12932
BUY 61 15781 16661
BUY 70 19882 20070
BUY 52 1379 752
BUY 59 240 10559
BUY 68 6592 22968
BUY 60 4683 360
BUY 74 5296 2074
BUY 54 8598 16154
BUY 26 18458 20926
BUY 96 8518 2996
BUY 38 8252 14838
BUY 28 15078 22328
BUY 64 7751 24264
BUY 7 16114 5907
BUY 67 18574 21667
BUY 26 6862 20126
BUY 99 11004 17699
BUY 1 5348 9801
BUY 55 11061 13955
BUY 8 7658 2008
BUY 24 14650 2724
BUY 17 13998 1917
BUY 99 15503 22199
BUY 37 6900 15037
BUY 80 10585 22380
BUY 99 7820 13999
BUY 33 13367 17033
BUY 56 13207 1256
BUY 26 12515 19326
BUY 38 7301 15538
BUY 55 19937 10855
BUY 60 18600 9860
BUY 61 18123 8961
BUY 94 18086 24194
BUY 90 3882 3990
BUY 42 1487 2842
BUY 0 5800 17900
BUY 56 9940 20256
BUY 68 7478 9268
BUY 43 9611 20643
BUY 26 12664 126
BUY 45 16696 11245
BUY 9 15652 209
BUY 49 255 6649
BUY 41 12320 24841
BUY 99 6752 6299
BUY 82 3743 17082
BUY 68 10362 22668
BUY 79 12272 11279
BUY 20 16557 21120
BUY 64 9986 14064
BUY 92 17829 23692
BUY 24 19736 18424
BUY 50 4698 24150
BUY 45 12826 9445
BUY 8 4745 3208
BUY 70 788 22970
BUY 89 15945 24689
BUY 2 17647 11302
BUY 49 17387 17349
BUY 30 2087 730
BUY 96 2583 10896
BUY 75 8874 6275
BUY 67 13946 21367
BUY 18 261 7818
BUY 79 4031 5679
BUY 67 18953 13867
BUY 18 13170 12918
BUY 25 2855 24825
BUY 5 2803 2105
BUY 59 1327 24359
BUY 5 18407 905
BUY 15 7801 8515
BUY 13 7989 7313
BUY 74 13839 10374
BUY 89 16320 13789
BUY 4 4371 10804
BUY 49 12138 11049
BUY 45 5576 6245
BUY 8 261 10008
BUY 56 7168 2656
BUY 49 19586 11449
BUY 79 5366 9679
BUY 83 2501 1983
BUY 69 16935 3469
BUY 20 18998 8020
BUY 9 18537 15009
BUY 85 4433 2985
BUY 92 9205 9192
BUY 15 16568 7115
BUY 62 7640 9962
BUY 10 12959 19710
BUY 53 8826 17953
BUY 30 15327 25030
BUY 96 18368 11596
BUY 96 17731 22996
BUY 84 12567 16384
BUY 45 15689 2745
BUY 75 5657 6775
BUY 45 5209 445
BUY 67 17838 7067
BUY 55 261 6855
BUY 23 1103 13923
BUY 52 12378 1052
BUY 9 12664 12909
BUY 64 12431 8164
BUY 93 19903 13093
BUY 42 6646 1842
BUY 77 17675 11377
BUY 49 13170 11549
BUY 32 14082 20932
BUY 79 3445 21579
BUY 22 18895 23022
BUY 65 9625 23565
BUY 84 3817 8684
BUY 79 14498 5279
BUY 89 3646 25289
BUY 35 5209 4135
BUY 12 19295 21812
BUY 13 8448 3313
BUY 98 3354 14898
BUY 76 15324 1476
BUY 70 5725 4370
BUY 71 2199 8171
BUY 18 14115 4318
BUY 75 7276 22975
BUY 94 10580 6894
BUY 58 11258 15458
BUY 25 5255 9825
BUY 14 18571 4814
BUY 77 9024 6277
BUY 74 5918 13074
BUY 50 13992 25550
BUY 54 19508 10554
BUY 90 7032 24690
BUY 55 6607 20655
BUY 52 14182 15252
BUY 27 5308 16627
BUY 11 4745 10211
BUY 37 2649 19837
BUY 36 14626 7336
BUY 44 15574 344
BUY 65 3613 21265
BUY 76 16782 20176
BUY 60 1943 19160
BUY 25 3505 13425
BUY 1 14285 14801
BUY 78 9377 3978
BUY 57 18288 157
BUY 1 8331 7301
BUY 45 19904 23645
BUY 79 2491 4379
BUY 57 3505 4957
BUY 94 11984 15894
BUY 35 13588 11335
BUY 43 14076 17943
BUY 93 2768 17793
BUY 98 15574 16498
BUY 14 17435 20114
BUY 85 17917 21985
BUY 42 374 1242
BUY 10 5514 6110
BUY 28 9576 2628
BUY 15 5861 21015
BUY 54 8686 23454
BUY 22 497 20422
BUY 26 2599 23426
BUY 85 14501 5685
BUY 32 14607 22532
BUY 98 3629 13298
BUY 72 2959 5172
BUY 80 12515 19780
BUY 0 8346 11500
BUY 55 7373 14955
BUY 8 8312 13308
BUY 38 8874 19138
BUY 37 10346 2337
BUY 2 18864 402
BUY 49 664 19049
BUY 32 12591 9532
BUY 0 18600 6800
BUY 8 6261 18808
BUY 88 13545 16888
BUY 64 5804 12764
BUY 76 6744 8476
BUY 73 13567 973
BUY 51 122 20051
BUY 39 12637 1339
BUY 38 8047 24538
BUY 49 10323 15449
BUY 22 13324 22822
BUY 76 12083 12976
BUY 18 19654 25018
BUY 16 1289 11516
BUY 16 16560 10916
BUY 86 3884 22386
BUY 30 13596 13030
BUY 33 4371 11533
BUY 1 15674 14601
BUY 51 10741 2651
BUY 87 4745 19387
BUY 57 137 18157
BUY 17 9743 4217
BUY 94 7094 8394
BUY 40 19932 16140
BUY 2 2342 13502
BUY 88 12679 15988
BUY 28 19644 20428
BUY 57 4227 9857
BUY 32 16188 19732
BUY 22 12379 13522
BUY 72 10762 13972
BUY 66 15652 9266
BUY 31 14225 14131
BUY 33 15690 21533
BUY 95 18018 3795
BUY 20 3505 19220
BUY 54 10410 24854
BUY 90 114 20890
BUY 66 5872 24166
BUY 60 9535 5260
BUY 13 11772 3913
BUY 31 10909 16531
BUY 8 13479 16608
BUY 4 5828 22004
BUY 54 2214 18054
BUY 61 13567 10761
BUY 29 15591 16429
BUY 35 10041 23235
BUY 54 9844 854
BUY 0 12061 22900
BUY 58 14582 24858
BUY 84 13009 2984
BUY 96 4563 2896
BUY 53 7385 17753
BUY 71 18489 7871
BUY 96 19408 19896
BUY 61 18482 14761
BUY 21 10134 4821
BUY 13 12562 7913
BUY 26 14515 23726
BUY 69 3863 369
BUY 47 5338 1147
BUY 66 6769 15466
BUY 97 16840 2997
BUY 2 17275 3402
BUY 54 17984 15254
BUY 5 7035 16105
BUY 52 16696 19352
BUY 87 6493 25887
BUY 96 4197 12796
BUY 92 122 8892
BUY 19 8584 19
BUY 70 10134 16970
BUY 27 9126 12527
BUY 60 11845 9560
BUY 29 823 6529
BUY 7 15115 8507
BUY 91 7989 4591
BUY 86 6718 19386
BUY 87 15815 10987
BUY 73 12664 2973
BUY 52 17471 20952
BUY 5 11118 11005
BUY 85 15245 3185
BUY 0 5947 7000
BUY 68 12643 14168
BUY 46 12729 24546
BUY 82 14508 9782
BUY 99 9400 18599
BUY 66 7604 9866
BUY 93 9103 9893
BUY 23 10762 14023
BUY 15 16637 24015
BUY 59 18847 8759
BUY 8 11734 17608
BUY 71 11380 11771
BUY 36 127 15336
BUY 47 17097 19647
BUY 60 5944 20160
BUY 32 10879 17732
BUY 77 7373 20177
BUY 82 10966 5682
BUY 17 19804 10017
BUY 4 5687 24104
BUY 50 4357 6550
BUY 74 2674 5474
BUY 89 3682 14189
BUY 57 13553 4457
BUY 20 15798 22220
BUY 46 3636 3446
BUY 35 6142 13035
BUY 6 8253 25206
BUY 44 12108 7344
BUY 19 12515 6219
BUY 77 12044 977
BUY 17 11955 21817
BUY 34 13953 2334
BUY 14 10044 4014
BUY 17 13367 7417
BUY 38 3009 2238
BUY 39 5515 25339
BUY 26 18866 4626
BUY 66 12898 14666
BUY 45 4929 4345
BUY 1 2572 20501
BUY 3 394 25303
BUY 77 19245 7977
BUY 33 10879 1833
BUY 77 2649 15177
BUY 92 372 13192
BUY 78 15324 10678
BUY 7 13479 10807
BUY 46 1811 22446
BUY 2 16419 12002
BUY 42 11071 20642
BUY 13 2474 21113
BUY 45 6769 17745
BUY 55 6524 22655
BUY 70 7084 15670
BUY 36 16640 536
BUY 34 16028 18834
BUY 47 8222 15647
BUY 91 13489 25891
BUY 57 13800 8957
BUY 54 5348 6154
BUY 7 14114 16207
BUY 13 17578 13713
BUY 90 1841 4190
BUY 77 11410 21877
BUY 84 6038 23084
BUY 67 9126 4067
BUY 63 13532 23763
BUY 60 1229 8760
BUY 67 17135 17567
BUY 19 11734 16019
BUY 28 11530 22428
BUY 84 9014 19884
BUY 86 9866 3586
BUY 94 17325 22894
BUY 41 10363 12041
BUY 78 16530 12778
BUY 80 12697 10980
BUY 49 10879 49
BUY 64 54 22864
BUY 57 7346 21457
BUY 77 5815 2377
BUY 22 12542 15022
BUY 61 17964 3961
BUY 54 18533 7354
BUY 26 9336 5026
BUY 97 4613 20597
BUY 20 11316 19020
BUY 90 14225 4990
BUY 88 6142 13188
BUY 82 6752 5982
BUY 62 137 12162
BUY 35 1356 23735
BUY 94 17579 494
BUY 84 10948 14484
BUY 83 7223 15083
BUY 28 17810 10528
BUY 46 19804 15346
BUY 57 16008 14657
BUY 99 16200 7999
BUY 54 17605 13454
BUY 0 11919 14700
BUY 3 15591 18903
BUY 16 9548 7616
BUY 77 6577 13777
BUY 38 2564 14738
BUY 4 8876 21804
BUY 95 9334 22295
BUY 62 7437 6762
BUY 67 11681 18767
BUY 38 16857 6938
BUY 0 16633 17300
BUY 51 19221 16551
BUY 32 19026 23432
BUY 44 13101 22444
BUY 95 18109 19695
BUY 67 17647 15967
BUY 17 16935 11417
BUY 93 18864 6693
BUY 90 4296 5490
BUY 86 11647 11286
BUY 64 10227 1864
BUY 13 8323 1113
BUY 96 9743 15196
BUY 77 6577 12677
BUY 45 8743 21845
BUY 58 16709 10858
BUY 86 14002 16186
BUY 62 6457 23162
BUY 61 13172 16361
BUY 85 6023 9685
BUY 78 6314 7878
BUY 63 2892 10663
BUY 77 8414 1077
BUY 10 5348 4710
BUY 82 5096 12082
BUY 42 17728 13242
BUY 46 6645 23946
BUY 93 10821 11993
BUY 14 753 2914
BUY 59 11241 19759
BUY 6 12510 7606
BUY 37 17115 9037
BUY 36 18537 14336
BUY 42 16992 142
BUY 6 14763 9306
BUY 82 12963 18582
BUY 69 9442 6469
BUY 78 2400 19578
BUY 6 10959 6606
BUY 29 12773 10129
BUY 61 12744 2261
BUY 15 4729 8815
BUY 47 10394 3847
BUY 90 9743 3090
BUY 85 6632 4185
BUY 23 4456 23123
BUY 50 16034 6650
BUY 9 11851 4709
BUY 98 16234 7398
BUY 94 5294 18894
BUY 86 2910 20986
BUY 2 601 21502
BUY 34 15658 22934
BUY 96 8817 5196
BUY 21 1116 10021
BUY 19 1611 17919
BUY 19 10044 12619
BUY 78 13 22478
BUY 52 18537 8552
BUY 2 1536 6502
BUY 65 6646 13265
BUY 16 8596 23716
BUY 35 13170 7235
BUY 84 13760 16984
BUY 17 9610 10217
BUY 56 9611 19956
BUY 13 5055 2313
BUY 4 5444 23404
BUY 79 8329 23779
BUY 27 15574 3127
BUY 25 15435 25425
BUY 95 6752 19495
BUY 33 17097 4633
BUY 64 14285 4564
BUY 60 8448 13060
BUY 3 3009 9703
BUY 68 2521 1768
BUY 63 12073 21263
BUY 49 19524 22449
BUY 16 5366 12516
BUY 46 12781 18246
BUY 6 10659 10406
BUY 52 14092 8652
BUY 19 4371 16619
BUY 97 4455 14297
BUY 74 9649 7274
BUY 90 11179 5890
BUY 13 6632 12213
BUY 39 8803 18439
BUY 35 721 10935
BUY 3 3972 24703
BUY 70 6911 5970
BUY 94 17058 11394
BUY 84 7628 25584
BUY 19 6823 7219
BUY 54 14078 20954
BUY 62 3650 1262
BUY 42 18986 21242
BUY 56 15071 19656
BUY 76 4745 476
BUY 3 1364 21603
BUY 51 15245 4251
BUY 22 8635 21622
BUY 53 12679 1053
BUY 92 7148 10592
BUY 71 6876 17771
BUY 46 5263 21046
BUY 12 13765 16612
BUY 22 14890 9122
BUY 66 12541 18766
BUY 58 13765 8258
BUY 76 4904 4376
BUY 44 12959 15744
BUY 24 18600 16724
BUY 7 13962 1007
BUY 34 19586 6534
BUY 30 4371 16030
BUY 68 13735 468
BUY 56 6366 19056
BUY 16 16530 11816
BUY 36 5308 17836
BUY 4 17982 5504
BUY 97 15854 23197
BUY 60 9181 25160
BUY 34 17943 8434
BUY 54 6023 654
BUY 56 18366 7656
BUY 86 18242 18886
BUY 56 17675 10356
BUY 0 8299 11900
BUY 15 13756 12215
BUY 65 17115 15565
BUY 68 10227 16168
BUY 1 7911 2801
BUY 17 5935 3117
BUY 32 9773 21832
BUY 77 7223 7877
BUY 55 14585 19655
BUY 64 10363 664
BUY 8 17938 14308
BUY 56 1321 19256
BUY 54 12510 19654
BUY 95 13044 20995
BUY 0 16541 18000
BUY 19 4999 14019
BUY 85 4729 6985
BUY 88 1056 6688
BUY 28 10707 14828
BUY 53 10844 9453
BUY 83 12007 8383
BUY 51 55 15851
BUY 11 4342 23011
BUY 17 13756 12217
BUY 59 5366 11159
BUY 31 8346 6131
BUY 19 7614 8719
BUY 71 15419 8271
BUY 37 11497 10337
BUY 62 16246 662
BUY 86 4357 5986
BUY 70 13642 970
BUY 88 2308 4688
BUY 57 10779 25457
BUY 97 13998 16297
BUY 30 19560 22930
BUY 3 9429 23903
BUY 86 6093 22186
BUY 6 9278 6206
BUY 34 14197 22634
BUY 11 4106 25211
BUY 87 465 21987
BUY 55 13015 4155
BUY 44 17982 13144
BUY 74 2199 20774
BUY 20 16619 14620
BUY 36 2199 7736
BUY 54 9196 8654
BUY 90 4114 11190
BUY 67 10289 18567
BUY 55 7884 7155
BUY 1 9352 6901
BUY 86 11985 6886
BUY 37 7348 17637
BUY 48 17605 6148
BUY 7 6375 2007
BUY 41 6314 10741
BUY 12 8629 4712
BUY 48 11967 2748
BUY 3 137 2203
BUY 33 8117 22833
BUY 39 14934 1739
BUY 96 18982 16596
BUY 48 50 24648
BUY 14 10774 17814
BUY 22 10176 2422
BUY 88 16008 19788
BUY 42 6525 4742
BUY 72 17727 9172
BUY 39 7478 7139
BUY 58 13760 18858
BUY 88 3046 10788
BUY 87 6506 987
BUY 84 8826 2684
BUY 42 14501 15242
BUY 21 15110 20521
BUY 66 14873 19466
BUY 33 19731 24833
BUY 74 8629 11174
BUY 23 972 18423
BUY 67 6632 2367
BUY 7 17145 2207
BUY 21 15024 1121
BUY 79 10423 17179
BUY 30 7755 24730
BUY 52 17504 18852
BUY 59 8290 16959
BUY 65 4482 15265
BUY 76 9671 4176
BUY 57 18846 25957
BUY 60 9383 23960
BUY 24 3516 14924
BUY 76 10876 23276
BUY 52 6973 15752
BUY 91 967 15191
BUY 4 2442 8904
BUY 5 457 3305
BUY 13 3182 21913
BUY 10 4031 15010
BUY 67 3214 267
BUY 44 2576 24144
BUY 6 4874 25706
BUY 48 1315 24248
BUY 58 1270 21958
BUY 82 17293 11082
BUY 48 905 21748
BUY 8 13447 5908
BUY 87 10659 187
BUY 26 4703 22326
BUY 36 6818 5236
BUY 13 18785 16713
BUY 45 7882 24445
BUY 72 5657 16972
BUY 8 12769 14208
BUY 80 18112 16980
BUY 44 18112 17344
BUY 29 4147 1629
BUY 1 3888 201
BUY 10 6166 1810
BUY 48 15986 22548
BUY 34 8046 20734
BUY 15 15245 3915
BUY 26 15785 17226
BUY 53 2707 23953
BUY 1 14461 8801
BUY 54 16494 19054
BUY 75 6734 5275
BUY 87 4649 23787
BUY 88 19508 2888
BUY 86 12831 19786
BUY 82 8203 21382
BUY 70 17536 13170
BUY 55 4392 14155
BUY 19 5935 16719
BUY 47 7841 9847
BUY 35 19436 2635
BUY 58 12148 7858
BUY 20 15778 11020
BUY 89 14471 13589
BUY 4 7148 1104
BUY 33 967 5833
BUY 73 11992 12073
BUY 25 16938 25925
BUY 37 10206 23537
BUY 39 8880 14739
BUY 6 6632 4106
BUY 80 19508 8880
BUY 74 6936 10674
BUY 64 2438 18064
BUY 75 10323 1675
BUY 45 17984 3345
BUY 26 664 12126
BUY 36 6525 2836
BUY 19 16694 4819
BUY 74 4568 17974
BUY 35 19245 20635
BUY 72 5209 272
BUY 69 11048 8269
BUY 4 16840 13704
BUY 45 1104 12745
BUY 88 2087 12788
BUY 48 7348 12148
BUY 4 4302 2304
BUY 50 6971 25050
BUY 50 1229 3450
BUY 20 18808 20920
BUY 41 18866 16441
BUY 40 15785 8840
BUY 60 17069 10660
BUY 56 15571 23856
BUY 99 8781 11799
BUY 33 18255 12833
BUY 21 4670 1621
BUY 63 6457 24463
BUY 70 17802 4270
BUY 73 2340 24573
BUY 82 3867 2082
BUY 61 17586 20861
BUY 94 5890 25094
BUY 52 3466 16552
BUY 23 13642 2323
BUY 52 9986 14052
BUY 21 19656 2521
BUY 49 16696 7549
BUY 3 14064 13403
BUY 26 12710 6326
BUY 10 19972 22210
BUY 30 13962 16230
BUY 9 16728 14509
BUY 58 12332 11358
BUY 75 16802 675
BUY 32 4929 18332
BUY 50 18959 18650
BUY 72 8046 6272
BUY 72 6023 15772
BUY 16 16728 14616
BUY 34 18444 434
BUY 97 16530 16497
BUY 70 4019 14470
BUY 67 1116 4667
BUY 89 2787 1689
BUY 69 19436 4369
BUY 53 9649 11753
BUY 6 8105 9906
BUY 8 7240 22508
BUY 28 17612 22628
BUY 87 16696 11487
BUY 75 19866 8575
BUY 91 14361 25691
BUY 33 778 24733
BUY 65 11497 1965
BUY 99 11369 15699
BUY 62 8125 23462
BUY 24 19901 18224
BUY 72 8216 1072
BUY 35 13074 12335
BUY 24 11990 20824
BUY 15 17789 19215
BUY 8 18982 2308
BUY 44 2834 23044
BUY 87 17942 21487
BUY 82 4357 16482
BUY 27 3196 25427
BUY 41 14291 8441
BUY 3 16332 1703
BUY 23 15087 23
BUY 3 14650 12503
BUY 11 11912 11511
BUY 95 15244 19395
BUY 37 4357 20637
BUY 34 13312 24734
BUY 34 17250 21634
BUY 0 11316 3300
BUY 96 13588 14296
BUY 80 14733 9780
BUY 32 16320 9932
BUY 78 5173 20578
BUY 14 17420 21814
BUY 96 3682 17796
BUY 39 5392 1539
BUY 20 8222 17520
BUY 62 14104 2962
BUY 7 12148 15407
BUY 23 15265 9123
BUY 65 12007 15065
BUY 68 4244 20468
BUY 77 1643 11277
BUY 30 15053 3730
BUY 36 2095 10836
BUY 70 16619 10370
BUY 32 3863 14632
BUY 55 451 21355
BUY 84 10227 6884
BUY 46 12664 4746
BUY 69 3071 16669
BUY 56 10434 1956
BUY 81 374 18181
BUY 6 14848 8006
BUY 94 11627 4794
BUY 62 8290 19562
BUY 3 13395 22903
BUY 64 2308 10264
BUY 49 19894 11149
BUY 99 15109 14499
BUY 99 11497 13099
BUY 82 15399 5282
BUY 7 11143 19207
BUY 13 6577 20713
BUY 21 14168 11221
BUY 75 9802 21675
BUY 2 381 4802
BUY 11 18048 11211
BUY 80 3863 20680
BUY 83 1996 20483
BUY 33 18959 6533
BUY 79 11179 479
BUY 43 497 15643
BUY 91 13852 1191
BUY 62 2674 5662
BUY 62 10580 11362
BUY 44 19366 25244
BUY 50 10946 24350
BUY 76 10902 8076
BUY 94 18492 14494
BUY 55 235 24655
BUY 12 1845 23612
BUY 33 8123 20033
BUY 70 9997 9170
BUY 86 11116 3686
BUY 56 19201 19156
BUY 44 2342 6644
BUY 85 4517 23685
BUY 44 16280 10044
BUY 67 221 18967
BUY 8 9899 24508
BUY 15 12377 7715
BUY 9 7916 25609
BUY 18 17504 818
BUY 28 2531 12528
BUY 86 11540 12086
BUY 64 3882 964
BUY 83 7640 83
BUY 85 18998 5985
BUY 83 14508 7683
BUY 48 19071 9648
BUY 87 6525 14087
BUY 97 13245 6897
BUY 59 8826 15059
BUY 97 12506 24397
BUY 54 10909 18554
BUY 9 17838 11109
BUY 15 17634 11115
BUY 39 15464 22439
BUY 34 14168 15134
BUY 87 15284 3187
BUY 41 10701 21141
BUY 78 11624 22178
BUY 52 9671 18252
BUY 15 3436 23915
BUY 60 13299 24460
BUY 54 15338 3254
BUY 39 865 3439
BUY 40 10044 5940
BUY 51 11755 11051
BUY 88 2288 14088
BUY 63 11772 15563
BUY 54 6900 12554
BUY 51 11938 7851
BUY 15 2933 4915
BUY 5 3221 19105
BUY 10 8251 17810
BUY 34 6061 5334
BUY 63 8383 4163
BUY 43 8699 24343
BUY 80 7084 19580
BUY 5 11690 6805
BUY 25 10363 11225
BUY 3 15914 21803
BUY 48 8952 7648
BUY 81 16078 15481
BUY 7 18109 11207
BUY 98 14923 8298
BUY 52 17647 20452
BUY 6 18584 14306
BUY 11 7249 6011
BUY 98 93 24398
BUY 16 7094 1116
BUY 56 5510 10556
BUY 97 12773 16397
BUY 44 1741 25144
BUY 67 16696 5667
BUY 43 16717 16943
BUY 13 19901 8813
BUY 94 2395 22994
BUY 1 11071 801
BUY 33 17166 12033
BUY 31 15875 25931
BUY 39 10553 13039
BUY 0 3480 13700
BUY 33 9611 3533
BUY 83 11081 983
BUY 15 2768 15415
BUY 57 15805 21657
BUY 9 9511 5909
BUY 75 13036 14975
BUY 55 392 17855
BUY 4 3375 25004
BUY 52 5780 10952
BUY 54 12523 21154
BUY 16 7138 21816
BUY 80 18562 9280
BUY 26 6373 6526
BUY 0 3241 18200
BUY 80 1620 21480
BUY 51 1944 24251
BUY 95 3888 18195
BUY 69 16840 15369
BUY 95 10044 1095
BUY 11 4033 19611
BUY 72 12531 3972
BUY 51 11004 3851
BUY 92 4133 25292
BUY 95 15781 14695
BUY 76 17394 9676
BUY 24 6980 17224
BUY 76 4568 15376
BUY 77 14070 17877
BUY 5 4477 5405
BUY 50 10931 12850
BUY 3 16309 7703
BUY 35 10243 11735
BUY 75 190 25475
BUY 77 15152 24677
BUY 60 7750 22960
BUY 71 6718 9971
BUY 32 13450 22132
BUY 10 7444 22310
BUY 13 4319 213
BUY 43 18288 16443
BUY 0 8532 24300
BUY 97 535 23997
BUY 18 3046 16118
BUY 70 12332 18970
BUY 6 1544 5506
BUY 20 3001 4320
BUY 11 6406 6511
BUY 95 13172 295
BUY 47 7625 24647
BUY 26 2245 9926
BUY 57 12898 5657
BUY 19 12898 4619
BUY 67 19789 3867
BUY 39 6478 15039
BUY 14 7437 6714
BUY 39 5303 24239
BUY 78 10541 21778
BUY 54 10134 7154
BUY 48 10741 1248
BUY 8 18375 17308
BUY 30 17964 15130
BUY 48 4227 3748
BUY 62 4331 1562
BUY 75 5514 4975
BUY 43 16200 3443
BUY 95 19003 23195
BUY 95 13172 5695
BUY 89 14890 2789
BUY 62 12963 12862
BUY 0 8262 25800
BUY 69 14086 16269
BUY 62 3018 10762
BUY 85 7619 4685
BUY 95 2893 15895
BUY 89 1972 23689
BUY 68 6218 20268
BUY 15 509 9915
BUY 73 7811 13673
BUY 17 17341 15317
BUY 58 13009 4858
BUY 82 5209 2482
BUY 36 3489 18836
BUY 82 16327 22182
BUY 50 8046 6750
BUY 37 1961 22637
BUY 20 18109 13920
BUY 99 17943 16899
BUY 21 6960 22221
BUY 15 16114 10315
BUY 85 16770 23385
BUY 10 8629 2410
BUY 66 10741 17366
BUY 19 14793 10619
BUY 99 19189 5799
BUY 41 16857 15141
BUY 55 12963 10355
BUY 66 15284 20566
BUY 91 17982 11391
BUY 35 5935 6135
BUY 61 1017 24561
BUY 49 4670 14849
BUY 33 1996 12433
BUY 56 8512 24356
BUY 70 17389 6370
BUY 18 1321 16218
BUY 82 10762 6982
BUY 85 19778 8785
BUY 19 11497 5119
BUY 78 17293 3378
BUY 34 1978 2634
BUY 12 16237 24512
BUY 85 17794 23885
BUY 28 18050 23128
BUY 29 19201 4429
BUY 3 15806 17103
BUY 7 3121 12007
BUY 91 9400 18391
BUY 68 16168 21468
BUY 17 10749 23517
BUY 0 7278 17000
BUY 87 17344 15087
BUY 21 18223 14121
BUY 72 1791 5472
BUY 24 17448 8324
BUY 91 5947 10791
BUY 81 16224 7381
BUY 45 10394 4045
BUY 23 11421 10323
BUY 73 17964 4073
BUY 55 16008 18455
BUY 85 11145 12885
BUY 66 14104 66
BUY 84 7002 25084
BUY 26 14909 16426
BUY 94 8275 17794
BUY 56 4031 18356
BUY 82 19887 4582
BUY 31 13448 5931
BUY 0 7087 8700
BUY 94 19251 4094
BUY 75 13367 75
BUY 48 14536 21848
BUY 65 690 15765
BUY 81 6169 23081
BUY 81 15679 25281
BUY 91 16890 18991
BUY 67 6607 2967
BUY 19 18562 5319
BUY 61 10046 24061
BUY 91 19245 12291
BUY 62 15471 22562
BUY 93 6980 11293
BUY 56 4300 8556
BUY 40 6142 7740
BUY 2 12510 8302
BUY 41 8926 1241
BUY 77 13842 6377
BUY 17 13447 6617
BUY 56 15591 3856
BUY 49 9262 1149
BUY 92 6737 22992
BUY 42 12510 10742
BUY 4 5412 22904
BUY 44 11755 9244
BUY 17 2787 14517
BUY 2 18184 20202
BUY 45 1606 1245
BUY 0 12879 2500
BUY 73 9103 19373
BUY 23 8346 12923
BUY 34 19 21434
BUY 4 12044 5104
BUY 46 3545 21846
BUY 71 2442 6271
BUY 85 2768 17785
BUY 97 16619 9397
BUY 8 2087 11008
BUY 67 19778 8667
BUY 75 5096 12975
BUY 55 8501 5555
BUY 83 11249 23483
BUY 41 8729 25641
BUY 36 15284 10736
BUY 80 19644 1880
BUY 31 17060 16931
BUY 81 4147 12781
BUY 77 19420 3877
BUY 84 13421 784
BUY 50 18109 2550
BUY 12 15560 16312
BUY 85 12903 15285
BUY 51 8182 7151
BUY 51 5369 22951
BUY 62 11241 18062
BUY 66 18368 9766
BUY 12 17314 11312
BUY 48 4306 12748
BUY 0 967 9900
BUY 6 11985 16606
BUY 53 4687 11053
BUY 83 12148 1383
BUY 12 9187 23112
BUY 71 12431 7471
BUY 28 19071 15028
BUY 3 15727 15803
BUY 18 8598 14718
BUY 63 18430 4963
BUY 46 12903 15846
BUY 28 5935 18128
BUY 1 1792 18301
BUY 25 1678 17825
BUY 90 18375 1390
BUY 71 5798 18771
BUY 4 3024 22404
BUY 75 2866 14875
BUY 64 12744 6364
BUY 70 14500 19570
BUY 29 16259 23529
BUY 5 16081 22005
BUY 99 9400 8499
BUY 81 155 20681
BUY 49 19538 24849
BUY 9 14484 9909
BUY 3 11130 22303
BUY 75 7162 18175
BUY 38 19907 23038
BUY 97 8832 20197
BUY 84 13563 6684
BUY 99 10492 21199
BUY 86 2674 8886
BUY 18 14530 19218
BUY 52 13839 352
BUY 69 10774 3169
BUY 9 7094 19809
BUY 55 10323 11755
BUY 23 18865 22223
BUY 72 11647 9372
BUY 48 6478 15948
BUY 74 12219 4274
BUY 62 5064 15262
BUY 91 599 20891
BUY 65 19251 6165
BUY 70 13015 16270
BUY 29 12903 29
BUY 82 8346 1582
BUY 92 17578 8792
BUY 35 17349 21235
BUY 93 13170 10993
BUY 15 3018 18515
BUY 75 19064 4475
BUY 42 15109 10342
BUY 10 11004 12110
BUY 4 441 9404
BUY 97 8287 12997
BUY 40 4060 20040
BUY 43 7989 2043
BUY 93 10233 22893
BUY 92 17727 4892
BUY 48 19653 3448
BUY 95 14626 15595
BUY 27 3009 10627
BUY 16 8216 7816
BUY 83 13716 23383
BUY 28 12379 2328
BUY 17 1627 16417
BUY 73 13756 4973
BUY 26 12558 17426
BUY 46 18492 3046
BUY 66 15397 13766
BUY 12 13009 17412
BUY 72 2984 17572
BUY 68 16835 22168
BUY 19 2893 18319
BUY 32 18209 19932
BUY 46 16168 24646
BUY 14 8045 13114
BUY 97 967 15697
BUY 83 12634 24583
BUY 48 17720 24848
BUY 59 3593 24959
BUY 0 15806 600
BUY 62 6547 1862
BUY 22 1735 5522
BUY 88 17467 3388
BUY 91 10645 6591
BUY 83 19656 2483
BUY 81 4477 10781
BUY 76 19894 18676
BUY 66 3480 13366
BUY 74 8383 18474
BUY 60 14291 14360
BUY 69 18482 10069
BUY 3 4719 703
BUY 87 5296 9687
BUY 98 8584 16798
BUY 92 1978 1492
BUY 0 11755 17500
BUY 7 13447 707
BUY 51 11081 13651
BUY 60 17272 19760
BUY 98 7963 24198
BUY 46 11690 19746
BUY 26 9327 12326
BUY 12 14006 9712
BUY 97 10966 1597
BUY 37 18482 14837
BUY 12 18018 13312
BUY 86 12219 4986
BUY 0 7223 5500
BUY 67 664 18167
BUY 45 8088 10445
BUY 27 8132 13427
BUY 40 12773 12140
BUY 72 15029 16272
BUY 40 13998 2140
BUY 17 7437 6917
BUY 57 14291 14357
BUY 48 2405 21548
BUY 41 18126 20841
BUY 22 5215 22522
BUY 2 8162 10102
BUY 35 8414 3135
BUY 72 14812 25172
BUY 61 16878 14561
BUY 81 13839 2581
BUY 97 15109 18397
BUY 37 3480 18037
BUY 66 7989 20366
BUY 58 1652 23358
BUY 22 11317 13322
BUY 86 11290 21886
BUY 6 17448 3106
BUY 16 15560 1716
BUY 15 17388 22215
BUY 60 16762 7360
BUY 29 2851 2929
BUY 45 4235 23545
BUY 66 7400 12366
BUY 76 12157 20976
BUY 7 1056 11407
BUY 45 10580 16145
BUY 2 6373 17502
BUY 16 376 24316
BUY 53 654 25353
BUY 38 5947 3738
BUY 64 18162 14864
BUY 49 16619 2549
BUY 74 11392 574
BUY 63 7614 11063
BUY 92 18823 23992
BUY 48 18288 2648
BUY 15 6799 22515
BUY 1 19980 15501
BUY 95 6689 15695
BUY 37 16572 12437
BUY 58 19772 17658
BUY 84 7467 22484
BUY 39 1109 23239
BUY 1 16224 1801
BUY 23 14348 11823
BUY 33 6607 13433
BUY 22 2949 23522
BUY 40 2442 6940
BUY 73 11181 2773
BUY 24 9017 23924
BUY 57 5294 13657
BUY 80 9649 3980
BUY 52 9844 20552
BUY 34 9103 5934
BUY 7 6769 10207
BUY 45 1678 16645
BUY 99 19653 4699
BUY 57 2455 24357
BUY 45 2149 7845
BUY 6 18968 7006
BUY 90 4527 20090
BUY 20 6752 11920
BUY 50 6752 18850
BUY 85 18584 5385
BUY 37 830 4837
BUY 91 374 6991
BUY 44 7084 14744
BUY 68 19017 3468
BUY 85 10718 20885
BUY 56 5804 14856
BUY 68 19349 14568
BUY 12 7148 18712
BUY 82 15071 6882
BUY 73 2655 1073
BUY 90 1487 6790
BUY 48 4300 5348
BUY 19 392 8319
BUY 14 8762 10314
BUY 60 1644 6660
BUY 8 377 14508
BUY 95 13493 5095
BUY 55 8662 1355
BUY 68 11984 7768
BUY 57 2028 10757
BUY 40 2423 24240
BUY 19 11343 12919
BUY 16 6478 6216
BUY 58 12664 16358
BUY 26 5609 6226
BUY 37 14906 22937
BUY 83 16296 683
BUY 54 12924 25054
BUY 84 12662 1584
BUY 34 19728 21534
BUY 69 17314 16369
BUY 29 13520 929
BUY 12 16088 1912
BUY 58 6314 9858
BUY 65 9400 5465
BUY 39 9535 3339
BUY 94 5338 20794
BUY 82 1127 19182
BUY 21 4455 16621
BUY 25 16296 8525
BUY 50 19901 11050
BUY 66 4904 11066
BUY 34 8817 8834
BUY 99 9014 14899
BUY 85 10089 5885
BUY 51 7841 4851
BUY 38 8781 14638
BUY 69 17467 9669
BUY 40 14182 5540
BUY 60 4123 10060
BUY 60 4613 15060
BUY 7 17578 19107
BUY 23 2184 17023
BUY 83 3629 9983
BUY 92 11950 24392
BUY 17 17394 12417
BUY 93 10580 16193
BUY 60 221 460
BUY 86 926 15886
BUY 27 6632 2427
BUY 94 4123 12594
BUY 87 13272 21887
BUY 65 7478 4965
BUY 93 12246 21193
BUY 3 9287 2003
BUY 73 4461 21073
BUY 41 9109 22341
BUY 10 9769 23910
BUY 47 1990 8647
BUY 57 7811 4357
BUY 25 16114 2625
BUY 54 4019 15554
BUY 27 14737 24127
BUY 26 13095 21126
BUY 7 9527 23907
BUY 20 14802 19720
BUY 96 13756 18496
BUY 63 14798 8463
BUY 41 17805 4441
BUY 19 9785 13819
BUY 94 8346 2794
BUY 25 2491 16525
BUY 11 13553 15311
BUY 58 13611 23758
BUY 15 8204 16415
BUY 90 14271 19090
BUY 94 16840 6594
BUY 74 5338 16374
BUY 88 2442 1388
BUY 75 13448 11575
BUY 24 9485 23024
BUY 67 2892 3267
BUY 30 13697 19230
BUY 28 2288 14928
BUY 99 1104 1699
BUY 64 14915 20564
BUY 8 18785 15508
BUY 5 10885 8705
BUY 50 17060 16250
BUY 73 2572 1173
BUY 14 13532 24814
BUY 30 19804 9030
BUY 64 1990 15464
BUY 7 8817 4307
BUY 78 2610 8578
BUY 58 19847 24458
BUY 51 9442 1751
BUY 79 16797 24979
BUY 0 6166 13100
BUY 79 15306 13479
BUY 47 19452 7747
BUY 29 9376 21429
BUY 71 17591 24871
BUY 7 12781 407
BUY 77 9706 6477
BUY 72 17404 15872
BUY 12 3933 912
BUY 90 10519 3390
BUY 91 17404 19491
BUY 12 13409 7512
BUY 44 14312 24844
BUY 87 15697 25687
BUY 71 14988 22671
BUY 82 13631 25282
BUY 43 2476 18043
BUY 81 6818 13381
BUY 0 11116 11700
BUY 81 14353 6981
BUY 49 9196 13249
BUY 46 1978 5146
BUY 91 4059 20391
BUY 19 8448 16519
BUY 23 11241 223
BUY 19 788 21119
BUY 77 4563 17677
BUY 28 14104 17828
BUY 85 14811 6185
BUY 9 8518 15509
BUY 19 5238 3419
BUY 75 457 9175
BUY 50 17664 25450
BUY 71 13246 24071
BUY 94 18223 14794
BUY 73 10386 21973
BUY 69 12567 20569
BUY 92 16114 13092
BUY 15 9095 5515
BUY 69 4950 4269
BUY 74 13986 22774
BUY 14 16419 12114
BUY 59 18996 24159
BUY 28 8252 9728
BUY 11 10409 19511
BUY 53 16857 3153
BUY 55 8916 21555
BUY 6 10580 20306
BUY 14 11912 14714
BUY 45 10741 13945
BUY 91 17246 7891
BUY 83 8252 1683
BUY 41 16231 9341
BUY 10 16728 14510
BUY 81 19621 16781
BUY 19 3085 25419
BUY 44 11361 21544
BUY 58 6840 11758
BUY 64 17337 21264
BUY 42 18223 14442
BUY 29 10021 22129
BUY 31 9905 22031
BUY 65 17213 10365
BUY 13 13409 5013
BUY 98 2792 19698
BUY 29 11700 6629
BUY 61 4729 3461
BUY 70 18413 9670
BUY 43 6027 25443
BUY 86 11421 20286
BUY 65 16127 5265
BUY 93 17387 11893
BUY 51 14890 10651
BUY 65 19653 20565
BUY 4 11145 9304
BUY 76 823 6276
BUY 83 8755 17783
BUY 5 16419 8405
BUY 40 11143 16740
BUY 8 3141 9408
BUY 51 19515 22551
BUY 78 12455 10378
BUY 94 9611 2394
BUY 84 1423 21084
BUY 56 2258 4056
BUY 23 5096 6923
BUY 35 12250 11235
BUY 90 3867 3890
BUY 54 10580 6854
BUY 57 18183 23857
BUY 49 4954 21449
BUY 94 18431 8294
BUY 53 16357 23553
BUY 86 5495 4586
BUY 92 16602 20892
BUY 63 4325 25663
BUY 30 1606 18130
BUY 41 6061 5941
BUY 85 4296 17485
BUY 76 18492 13076
BUY 47 17802 19847
BUY 60 716 25460
BUY 41 4521 23841
BUY 51 11482 20651
BUY 70 1969 22570
BUY 28 3054 24928
BUY 68 5209 5368
BUY 41 16332 19741
BUY 31 6983 5131
BUY 32 5308 5632
BUY 12 6061 12
BUY 98 8781 8498
BUY 0 8105 5300
BUY 84 53 13084
BUY 99 14353 19299
BUY 82 10885 12982
BUY 43 6936 5243
BUY 74 5800 15674
BUY 5 12986 2705
BUY 38 2610 8038
BUY 62 9882 21662
BUY 29 16002 22629
BUY 32 17387 1732
BUY 67 4687 8267
BUY 65 19703 22765
BUY 44 1201 24944
BUY 50 7618 8850
BUY 60 17213 16460
BUY 34 9278 7234
BUY 16 14709 23316
BUY 24 9278 14024
BUY 67 12108 8167
BUY 96 3894 18096
BUY 79 19736 13279
BUY 23 11525 1223
BUY 69 10562 22069
BUY 20 16717 15920
BUY 32 13185 12332
BUY 19 17603 14519
BUY 60 6478 13660
BUY 15 19818 1815
BUY 12 14306 24212
BUY 13 3888 13013
BUY 38 12562 9838
BUY 95 7396 7895
BUY 89 16730 21989
BUY 59 2342 11959
BUY 85 19804 19085
BUY 96 10844 6596
BUY 76 6142 13876
BUY 19 934 6819
BUY 61 8812 16561
BUY 90 19598 1690
BUY 5 17838 9405
BUY 63 14848 7463
BUY 32 2378 22632
BUY 41 18953 19441
BUY 69 15935 25969
BUY 31 12184 24031
BUY 68 5096 4568
BUY 77 10553 3777
BUY 86 12963 20186
BUY 43 5366 7643
BUY 32 14104 2432
BUY 43 10519 443
BUY 6 15545 10006
BUY 0 16802 16700
BUY 69 122 10469
BUY 34 5348 15334
BUY 41 4060 16541
BUY 21 12992 24021
BUY 52 13499 24052
BUY 48 18953 7948
BUY 9 2028 17309
BUY 48 16087 25148
BUY 2 8584 8002
BUY 20 9315 3920
BUY 44 7301 4944
BUY 69 11647 18769
BUY 32 18242 4232
BUY 11 18537 8811
BUY 11 11985 15111
BUY 41 12541 1641
BUY 71 1978 13371
BUY 41 18471 541
BUY 7 3141 2807
BUY 84 11479 23884
BUY 7 8204 7107
BUY 53 1321 10853
BUY 49 15867 16449
BUY 63 18562 5363
BUY 56 13781 24856
BUY 9 8216 2509
BUY 6 13409 6506
BUY 59 19932 19259
BUY 35 12591 14035
BUY 41 15407 5341
BUY 44 19479 18044
BUY 66 16958 14766
BUY 92 5115 10692
BUY 83 8132 19383
BUY 47 9126 19047
BUY 69 10076 9069
BUY 33 15100 20433
BUY 54 10931 15854
BUY 32 9610 18532
BUY 79 18160 13679
BUY 71 13245 11671
BUY 24 5137 18624
BUY 50 11919 8750
BUY 76 2572 7376
BUY 1 11851 5301
BUY 9 12023 21009
BUY 34 5514 9334
BUY 75 1644 16875
BUY 23 18059 3923
BUY 31 10949 25531
BUY 43 19882 643
BUY 41 6689 10441
BUY 41 9829 9841
BUY 79 15284 16779
BUY 18 5096 9518
BUY 95 3990 5595
BUY 45 3342 6145
BUY 94 9303 5794
BUY 11 12515 5211
BUY 85 2149 2785
BUY 93 6181 25393
BUY 85 3241 7285
BUY 17 11391 5417
BUY 59 4601 4059
BUY 33 16762 3333
BUY 58 18005 14058
BUY 14 5797 20314
BUY 12 18105 4512
BUY 23 18584 9723
BUY 11 16984 1711
BUY 10 13765 1910
BUY 97 2058 8297
BUY 79 3916 3379
BUY 53 6478 6753
BUY 47 13953 14147
BUY 82 10434 7382
BUY 43 3659 17743
BUY 27 14926 11827
BUY 11 11755 19811
BUY 17 6900 9017
BUY 5 13684 25805
BUY 96 8518 6896
BUY 47 1759 21747
BUY 35 10335 21835
BUY 51 5137 18751
BUY 92 16782 18392
BUY 20 16603 22320
BUY 66 9739 23266
BUY 90 14064 2890
BUY 95 19046 23695
BUY 70 55 6170
BUY 16 14465 24916
BUY 67 1643 12167
BUY 10 10363 11410
BUY 93 18431 17693
BUY 63 14765 25563
BUY 58 16997 18358
BUY 4 14024 7404
BUY 80 10153 22280
BUY 38 9327 15338
BUY 39 4969 9639
BUY 32 16728 9132
BUY 23 4711 3623
BUY 13 2655 13813
BUY 79 7658 5779
BUY 23 6312 16023
BUY 11 1847 14311
BUY 53 15556 11453
BUY 79 7168 8279
BUY 32 10824 25732
BUY 56 13839 1756
BUY 96 4059 4396
BUY 43 14798 18343
BUY 88 12773 2188
BUY 78 12047 22778
BUY 53 4477 3853
BUY 83 6734 4283
BUY 0 6980 5100
BUY 51 13426 18151
BUY 55 10286 5955
BUY 43 1678 3543
BUY 48 13834 11748
BUY 6 5775 7706
BUY 27 2308 13827
BUY 96 17605 596
BUY 52 4296 2352
BUY 64 12747 21964
BUY 99 8132 20299
BUY 88 3354 17588
BUY 95 5804 4195
BUY 57 3214 3757
BUY 30 5798 9230
BUY 40 15822 9240
BUY 41 1841 3541
BUY 28 5935 5828
BUY 83 8662 13883
BUY 51 11061 20351
BUY 2 14926 14402
BUY 34 5510 7534
BUY 40 18864 7240
BUY 28 5119 4028
BUY 18 7989 13918
BUY 87 9969 5387
BUY 36 11400 6836
BUY 60 1977 17160
BUY 98 12586 8698
BUY 20 4013 25620
BUY 52 11725 22552
BUY 68 4568 12468
BUY 96 16419 4796
BUY 14 8352 24614
BUY 13 13074 9613
BUY 23 19251 10723
BUY 47 18074 14347
BUY 55 497 8555
BUY 18 18162 3918
BUY 48 1678 11648
BUY 40 5173 10040
BUY 52 4929 7052
BUY 62 3813 24162
BUY 88 2655 8088
BUY 49 5255 15049
BUY 25 4296 19625
BUY 55 12903 3955
BUY 80 2349 11380
BUY 61 12637 9061
BUY 74 1606 8774
BUY 30 122 15930
BUY 62 18471 16662
BUY 76 11954 21776
BUY 47 11391 7347
BUY 0 2400 10400
BUY 32 16374 9732
BUY 79 13630 12679
BUY 54 5115 19554
BUY 89 13426 15789
BUY 22 525 24922
BUY 2 2521 10802
BUY 59 1229 17559
BUY 96 17603 17296
BUY 38 668 22038
BUY 50 15637 23050
BUY 46 14335 24346
BUY 58 6607 11658
BUY 46 7775 25546
BUY 11 2554 24711
BUY 86 3682 10786
BUY 14 6218 18614
BUY 27 6607 17627
BUY 97 6595 6497
BUY 66 14326 9966
BUY 27 10931 627
BUY 64 5112 22664
BUY 52 1379 6152
BUY 4 18611 20804
BUY 70 2768 6770
BUY 56 15560 2856
BUY 95 9278 8495
BUY 68 2778 15768
BUY 18 17046 24518
BUY 53 4357 1453
BUY 31 14657 10831
BUY 24 11919 17924
BUY 71 4601 19171
BUY 0 7249 12600
BUY 14 8584 7214
BUY 51 926 20451
BUY 76 8598 19476
BUY 13 3260 24413
BUY 89 8688 25089
BUY 36 8587 20836
BUY 67 15419 1067
BUY 46 4114 13746
BUY 95 4613 4595
BUY 49 19217 23149
BUY 8 6796 22608
BUY 76 19781 15076
BUY 33 1557 5233
BUY 68 9511 4468
BUY 80 19681 12080
BUY 89 1103 18189
BUY 55 7894 20855
BUY 93 3894 7093
BUY 95 16188 4095
BUY 7 15433 23107
BUY 25 19867 24025
BUY 7 3116 25907
BUY 35 19681 9135
BUY 33 18060 21233
BUY 94 16640 13194
BUY 11 11048 6211
BUY 24 5798 17824
BUY 43 7879 19543
BUY 84 15069 2284
BUY 98 3867 5498
BUY 22 16633 10122
BUY 2 12531 2402
BUY 55 3629 955
BUY 66 7400 4766
BUY 91 4719 10491
BUY 68 19700 25668
BUY 63 6752 18963
BUY 14 3121 15714
BUY 50 13386 21750
BUY 63 17965 23163
BUY 83 12262 17183
BUY 47 3379 11347
BUY 10 3650 610
BUY 17 8755 16817
BUY 27 5947 17127
BUY 24 18933 24024
BUY 25 4433 2725
BUY 79 5775 14579
BUY 34 6472 15834
BUY 7 4873 21307
BUY 29 1977 1229
BUY 83 7348 12783
BUY 98 14079 21698
BUY 82 16814 14282
BUY 19 2139 21919
BUY 49 12703 22649
BUY 98 9287 9898
BUY 37 12250 17237
BUY 3 9611 9103
BUY 92 9743 14392
BUY 6 15822 15306
BUY 45 6646 8045
BUY 27 3990 8627
BUY 87 9126 7587
BUY 1 4244 2001
BUY 74 17526 2474
BUY 44 15781 4244
BUY 18 18288 17118
BUY 0 11143 6700
BUY 27 17275 10427
BUY 93 16189 24993
BUY 23 972 16423
BUY 86 7792 16686
BUY 45 8579 23845
BUY 48 255 6348
BUY 28 11525 19828
BUY 54 5533 6354
BUY 63 4704 23463
BUY 84 19656 9984
BUY 90 16552 6290
BUY 49 6166 20049
BUY 89 9278 4089
BUY 46 16401 12646
BUY 62 13357 23062
BUY 47 2199 19947
BUY 60 1716 23060
BUY 81 4059 5981
BUY 36 18725 24036
BUY 86 4319 20386
BUY 38 4455 14538
BUY 87 12769 18887
BUY 91 16640 2691
BUY 86 3379 2886
BUY 67 6823 7367
BUY 45 3233 22745
BUY 34 19761 13034
BUY 74 16121 15574
BUY 42 13329 21342
BUY 36 10091 24636
BUY 46 9009 5346
BUY 15 2308 7615
BUY 26 11392 5926
BUY 14 10902 18114
BUY 7 9176 20007
BUY 72 16753 21272
BUY 87 19882 8987
BUY 74 19854 24874
BUY 25 2697 20925
BUY 64 5815 7364
BUY 2 16654 20902
BUY 61 15917 23161
BUY 78 5296 19378
BUY 2 1606 18002
BUY 41 5338 13341
BUY 90 8755 7990
BUY 6 16114 17506
BUY 40 319 9040
BUY 53 8448 11553
BUY 29 15071 9329
BUY 15 7911 115
BUY 64 12744 1164
BUY 21 11400 9521
BUY 94 14428 22094
BUY 24 18841 13524
BUY 12 18431 16012
BUY 71 7241 17871
BUY 23 8817 19123
BUY 90 12431 14990
BUY 63 17742 22063
BUY 95 12744 12395
BUY 16 7914 17016
BUY 93 441 15393
BUY 34 11690 14034
BUY 20 14915 320
BUY 6 10094 6706
BUY 22 14626 18322
BUY 92 12515 20592
BUY 24 12496 12024
BUY 60 11258 2560
BUY 79 3001 10379
BUY 57 3060 12157
BUY 15 1841 17015
BUY 62 3316 25162
BUY 62 797 9162
BUY 90 12542 15690
BUY 79 2476 6979
BUY 39 15516 22839
BUY 9 13292 9009
BUY 34 16235 23334
BUY 82 17467 13682
BUY 47 11482 18047
BUY 73 926 1673
BUY 70 16121 12470
BUY 3 3894 903
BUY 52 12138 20252
BUY 46 55 15946
BUY 11 7734 5911
BUY 63 11228 22663
BUY 39 8222 3739
BUY 7 3848 23007
BUY 53 11343 17653
BUY 89 10774 1789
BUY 24 9126 13224
BUY 10 11845 7710
BUY 82 19828 8382
BUY 61 5173 5361
BUY 73 6366 16573
BUY 27 53 19627
BUY 66 12769 6666
BUY 71 3912 21471
BUY 68 3981 18568
BUY 21 14508 9421
BUY 74 15710 25074
BUY 87 6862 2687
BUY 50 6023 850
BUY 91 14657 12991
BUY 65 14271 1165
BUY 6 3121 19306
BUY 23 5338 3523
BUY 77 11316 20377
BUY 54 2871 25354
BUY 7 2172 9507
BUY 88 6023 6088
BUY 92 14461 6692
BUY 96 441 8496
BUY 91 8629 17291
BUY 38 9548 8538
BUY 98 11258 13898
BUY 96 5800 19396
BUY 42 2803 3942
BUY 61 8448 6961
BUY 49 1217 4549
BUY 62 8105 762
BUY 56 5173 2356
BUY 44 14182 17544
BUY 71 11181 12171
BUY 83 12778 21883
BUY 58 7754 2658
BUY 21 16139 17221
BUY 73 4734 773
BUY 78 15500 8778
BUY 27 13998 6827
BUY 72 14500 19872
BUY 66 16114 7166
BUY 83 13172 1483
BUY 4 967 2904
BUY 92 11831 25492
BUY 99 4601 16699
BUY 26 8878 14426
BUY 97 1103 9197
BUY 28 12395 20928
BUY 77 19828 12877
BUY 23 18096 25923
BUY 16 4296 11116
BUY 59 12289 22759
BUY 42 12558 2242
BUY 67 11772 20767
BUY 41 8518 11541
BUY 98 14650 13698
BUY 44 16032 14244
BUY 9 12662 6209
BUY 76 14923 12676
BUY 58 14923 16258
BUY 74 11690 8474
BUY 90 3625 21790
BUY 75 15024 2975
BUY 27 1127 4227
BUY 54 1553 15054
BUY 73 7738 3873
BUY 30 12697 18630
BUY 77 14473 23677
BUY 47 14626 9447
BUY 9 3089 23209
BUY 82 9014 14982
BUY 8 9009 11308
BUY 34 18847 14534
BUY 52 15406 6652
BUY 35 18112 15635
BUY 24 15324 15924
BUY 13 9649 1813
BUY 9 6166 2009
BUY 66 7811 19166
BUY 59 3489 7259
BUY 12 2258 15912
BUY 93 12115 23193
BUY 30 12379 15830
BUY 71 12044 12271
BUY 54 7385 7554
BUY 80 1289 11780
BUY 19 16633 15019
BUY 57 12831 11257
BUY 38 14331 10938
BUY 68 19795 20168
BUY 48 15592 25748
BUY 14 13980 19414
BUY 38 14639 21738
BUY 34 15617 7134
BUY 28 17563 2928
BUY 51 6744 18951
BUY 9 12137 24709
BUY 67 11179 13967
BUY 96 13596 14996
BUY 86 10367 25586
BUY 5 3214 12505
BUY 13 1057 24713
BUY 30 2792 12030
BUY 88 17344 16188
BUY 29 18184 9729
BUY 2 5238 1202
BUY 50 16633 20050
BUY 76 8105 9576
BUY 8 4563 12908
BUY 22 10094 15922
BUY 80 15250 20080
BUY 55 13222 23755
BUY 43 967 4643
BUY 44 11525 16444
BUY 44 4455 2644
BUY 49 14802 6849
BUY 14 12697 5414
BUY 7 18366 2407
BUY 35 16302 25835
BUY 96 5725 3596
BUY 70 18413 14270
BUY 92 621 5692
BUY 1 3354 15201
BUY 48 11484 16248
BUY 79 19802 21379
BUY 93 8552 13693
BUY 63 14923 17063
BUY 7 17728 3707
BUY 47 16619 3547
BUY 71 831 24571
BUY 32 2572 6132
BUY 47 11232 23447
BUY 0 6007 12700
BUY 91 6980 15891
BUY 41 16530 2641
BUY 86 11497 14886
BUY 33 13760 18533
BUY 54 12395 21554
BUY 19 19653 13519
BUY 36 1544 11336
BUY 70 7373 12070
BUY 62 240 6362
BUY 37 12603 4937
BUY 70 15591 11170
BUY 96 15117 21996
BUY 41 13146 19541
BUY 30 13787 20630
BUY 78 18847 14478
BUY 25 17422 21425
BUY 32 14458 25532
BUY 60 14848 1060
BUY 82 3888 14882
BUY 38 4158 22138
BUY 23 11143 1923
BUY 52 2667 23552
BUY 38 19865 23638
BUY 44 10580 20344
BUY 45 9504 24945
BUY 33 13329 25333
BUY 59 6312 11459
BUY 54 7619 11254
BUY 0 16698 25000
BUY 65 7658 18265
BUY 99 8584 1299
BUY 46 11648 22346
BUY 4 3990 10204
BUY 3 16224 18403
BUY 9 1977 1009
BUY 53 4734 8053
BUY 16 10394 6116
BUY 71 12744 3671
BUY 84 18223 11984
BUY 13 9245 23513
BUY 52 13675 23152
BUY 2 10902 16402
BUY 57 2654 21857
BUY 21 5238 7721
BUY 37 5935 8437
BUY 34 14773 734
BUY 19 17341 419
BUY 92 1217 4692
BUY 33 7348 16533
BUY 70 10409 20570
BUY 4 4563 17604
BUY 88 10425 21488
BUY 65 10144 22165
BUY 12 9095 3812
BUY 44 19795 4044
BUY 56 3981 12156
BUY 16 4357 7116
BUY 59 5780 18259
BUY 3 16121 12003
BUY 51 11392 5351
BUY 35 18471 19935
BUY 12 14086 19812
BUY 67 11369 567
BUY 63 10286 19063
BUY 35 15866 22435
BUY 11 2382 14411
BUY 75 2058 775
BUY 68 17389 18668
BUY 68 122 4368
BUY 70 19064 17770
BUY 10 7870 24410
BUY 39 9865 21039
BUY 42 13842 6042
BUY 47 11456 24047
BUY 62 16782 17062
BUY 59 8552 19059
BUY 73 13170 8873
BUY 83 14909 12183
BUY 10 13005 5110
BUY 27 12602 23027
BUY 17 16332 14317
BUY 31 12573 19431
BUY 60 5533 15760
BUY 41 13852 17741
BUY 83 6607 8083
BUY 24 1487 1924
BUY 62 18953 7562
BUY 1 6546 21101
BUY 71 9095 11971
BUY 12 11919 10412
BUY 77 8671 20877
BUY 69 598 25369
BUY 42 19789 6642
BUY 33 1264 25433
BUY 50 17834 25850
BUY 3 3191 23303
BUY 46 1990 18746
BUY 5 2214 9805
BUY 16 1104 14316
BUY 88 19423 20288
BUY 38 4300 5738
BUY 3 10346 3103
BUY 83 7400 19083
BUY 54 3981 5454
BUY 25 13709 1125
BUY 85 3371 21085
BUY 78 16227 23578
BUY 83 16445 25783
BUY 74 3981 12774
BUY 72 4123 8772
BUY 47 9053 22447
BUY 41 6414 6041
BUY 17 5067 23917
BUY 20 17188 4120
BUY 38 1912 25738
BUY 63 15556 1363
BUY 92 3214 12792
BUY 32 18998 11232
BUY 90 15109 10090
BUY 63 3916 7863
BUY 94 15993 22694
BUY 6 5075 10306
BUY 65 13036 18765
BUY 44 1487 7144
BUY 57 5058 24657
BUY 68 8501 4268
BUY 43 3516 11043
BUY 88 16309 4588
BUY 19 9830 22319
BUY 90 4454 20390
BUY 55 8287 7355
BUY 51 8832 10351
BUY 2 14108 22402
BUY 4 6472 6304
BUY 98 934 5598
BUY 1 10394 1201
BUY 5 4392 9205
BUY 70 14115 9370
BUY 9 8552 9209
BUY 0 15815 100
BUY 99 4601 6799
BUY 0 1978 6500
BUY 35 902 25135
BUY 86 8252 13986
BUY 77 3466 1777
BUY 81 11293 1881
BUY 9 5238 17609
BUY 28 18785 16028
BUY 28 2043 6828
BUY 47 16121 4947
BUY 9 1116 19409
BUY 99 3197 1199
BUY 78 4729 1578
BUY 11 19937 18811
BUY 37 15783 21737
BUY 67 9511 8467
BUY 98 16709 18198
BUY 95 6983 20295
BUY 42 19452 14842
BUY 29 3916 9529
BUY 36 6577 10936
BUY 21 17884 17121
BUY 27 8252 16927
BUY 64 6104 21864
BUY 75 9490 5175
BUY 23 15689 13623
BUY 78 10148 25378
BUY 32 5055 7732
BUY 42 17953 24642
BUY 26 2149 16126
BUY 80 8299 7680
BUY 31 8252 7531
BUY 20 10821 6420
BUY 7 18841 20607
BUY 97 18571 8997
BUY 77 2308 4577
BUY 99 16633 10999
BUY 72 6261 14972
BUY 42 13735 17342
BUY 47 8123 8347
BUY 40 18982 17840
BUY 91 18982 11191
BUY 28 1646 20628
BUY 82 2531 14582
BUY 71 2422 20271
BUY 30 15778 17130
BUY 44 9535 15944
BUY 9 11525 7909
BUY 91 18471 8191
BUY 44 18584 14844
BUY 19 13213 25819
BUY 43 18288 5143
BUY 90 8182 1790
BUY 13 14498 14313
BUY 49 2610 8049
BUY 48 2066 1548
BUY 51 18632 25751
BUY 47 8592 25147
BUY 13 12108 11713
BUY 64 4788 25464
BUY 98 15806 18498
BUY 31 17387 10731
BUY 39 12534 24439
BUY 81 17085 25381
BUY 80 1990 14780
BUY 78 8222 9078
BUY 27 19621 4627
BUY 41 3214 15241
BUY 64 15350 12664
BUY 33 2438 2533
BUY 5 17166 15805
BUY 12 18366 7912
BUY 31 7619 2031
BUY 82 19772 15882
BUY 90 15115 2790
BUY 71 16696 4371
BUY 46 4019 6046
BUY 95 14033 25595
BUY 54 9997 4054
BUY 58 19567 22858
BUY 81 6631 23781
BUY 94 16782 10194
BUY 72 7094 15972
BUY 96 16401 14796
BUY 14 11037 13414
BUY 45 2918 21545
BUY 2 5918 12602
BUY 72 4563 5972
BUY 91 7820 5491
BUY 25 8826 17225
BUY 76 19326 21976
BUY 73 8312 11573
BUY 69 14915 19369
BUY 91 1841 11291
BUY 42 16234 13342
BUY 13 4482 4413
BUY 89 14763 9789
BUY 90 11391 2290
BUY 23 19408 5623
BUY 71 8952 16971
BUY 27 11484 3727
BUY 74 14798 19974
BUY 84 15882 6184
BUY 66 13426 2266
BUY 13 16008 9013
BUY 8 12567 16808
BUY 89 9377 18889
BUY 76 2959 11676
BUY 29 457 329
BUY 88 13897 21988
BUY 21 7223 17721
BUY 71 2172 471
BUY 94 3888 7194
BUY 89 17345 22489
BUY 99 17275 18899
BUY 4 5815 17704
BUY 37 4393 24337
BUY 58 15447 24358
BUY 33 16280 4133
BUY 60 3636 3460
BUY 43 2095 2743
BUY 27 10044 14027
BUY 9 4999 14909
BUY 47 8755 6847
BUY 48 16127 3248
BUY 30 4371 11130
BUY 92 13146 7892
BUY 40 3598 11440
BUY 42 19795 2642
BUY 70 6305 22670
BUY 76 18431 4076
BUY 22 2058 8122
BUY 38 867 8638
BUY 36 17145 3936
BUY 57 1289 1557
BUY 36 9937 23636
BUY 53 6900 10253
BUY 18 14168 18118
BUY 23 1687 21123
BUY 26 11037 14826
BUY 41 15071 3741
BUY 33 19930 24933
BUY 35 8106 23935
BUY 25 4486 24525
BUY 7 17387 20707
BUY 60 1103 18060
BUY 9 15115 12009
BUY 95 6166 18595
BUY 2 5467 23202
BUY 48 8539 14748
BUY 3 14848 5703
BUY 7 1733 23807
BUY 33 11317 18733
BUY 19 8057 21419
BUY 74 16861 25374
BUY 51 18046 2951
BUY 15 10959 18915
BUY 6 7373 4206
BUY 18 12879 8318
BUY 73 8105 4173
BUY 67 11380 11267
BUY 20 19423 3620
BUY 89 3637 12089
BUY 80 17314 9680
BUY 31 10774 4831
BUY 8 16127 15408
BUY 54 10243 1354
BUY 23 9530 10023
BUY 93 19906 16893
BUY 50 12879 9850
BUY 68 5576 368
BUY 1 11995 24201
BUY 17 18444 14417
BUY 58 10304 13758
BUY 97 13930 6297
BUY 10 12138 16810
BUY 29 9602 9829
BUY 97 17984 497
BUY 48 7400 10548
BUY 20 10176 3220
BUY 42 2816 10642
BUY 72 15069 10072
BUY 22 17058 8222
BUY 40 10394 6440
BUY 81 19901 7081
BUY 76 13185 15776
BUY 96 9671 10496
BUY 58 10352 25058
BUY 17 8414 17917
BUY 6 2066 3206
BUY 94 12546 25594
BUY 68 16200 968
BUY 79 3867 20479
BUY 82 13009 6282
BUY 15 5514 515
BUY 53 5433 24053
BUY 48 16296 16148
BUY 69 10707 11869
BUY 59 6218 15159
BUY 33 926 19833
BUY 38 1994 22238
BUY 92 18018 3592
BUY 73 6443 6573
BUY 39 15689 17039
BUY 39 2373 839
BUY 12 15024 18512
BUY 45 19493 16445
BUY 30 6718 4330
BUY 67 5944 16767
BUY 73 8614 23173
BUY 23 4745 4923
BUY 2 19349 1002
BUY 18 12250 18318
BUY 98 4663 7498
BUY 53 3241 12953
BUY 78 15069 15078
BUY 10 2043 20710
BUY 30 8803 10930
BUY 71 1557 1471
BUY 79 15397 9279
BUY 91 2028 2391
BUY 90 14079 25090
BUY 75 3071 19775
BUY 24 135 21324
BUY 6 13157 15006
BUY 88 14143 3288
BUY 91 9239 22091
BUY 26 18579 24826
BUY 95 11929 21195
BUY 8 5710 24408
BUY 8 664 19708
BUY 84 16511 20884
BUY 35 4371 13835
BUY 43 13459 7543
BUY 47 1633 24147
BUY 58 11985 8558
BUY 80 11116 9380
BUY 42 11772 10842
BUY 1 7709 23501
BUY 93 14168 11393
BUY 81 5495 9681
BUY 2 19795 18202
BUY 80 6506 14180
BUY 46 381 5546
BUY 8 19349 13008
BUY 79 7738 11579
BUY 28 11116 828
BUY 30 15815 7730
BUY 25 8697 14725
BUY 52 16246 17152
BUY 41 18096 25041
BUY 2 55 13002
BUY 69 1317 21969
BUY 16 14355 23816
BUY 83 4079 25683
BUY 89 18959 3989
BUY 47 15759 10147
BUY 81 17271 24481
BUY 62 16568 8362
BUY 6 13170 1306
BUY 37 867 8737
BUY 71 16280 171
BUY 39 4687 3639
BUY 44 13409 11644
BUY 1 19320 14301
BUY 57 14500 13157
BUY 79 8803 2579
BUY 4 4950 3104
BUY 93 9829 14393
BUY 42 12398 1742
BUY 0 1441 21700
BUY 28 10948 17328
BUY 12 5882 23912
BUY 24 7618 8624
BUY 26 16490 20726
BUY 27 3598 16227
BUY 11 17884 11411
BUY 43 1841 17443
BUY 17 4563 7717
BUY 65 12262 14465
BUY 90 1229 18190
BUY 67 2095 4467
BUY 11 11984 3111
BUY 4 8832 5704
BUY 69 15106 24569
BUY 83 14802 11783
BUY 86 11700 6186
BUY 48 24 7348
BUY 9 11540 10509
BUY 92 4670 12892
BUY 75 16008 7175
BUY 25 8088 5225
BUY 64 8048 23864
BUY 57 16762 357
BUY 62 5498 24462
BUY 13 1864 3713
BUY 82 15350 8682
BUY 53 7792 13253
BUY 20 9866 14020
BUY 83 11948 2183
BUY 93 13596 11593
BUY 40 19452 14740
BUY 72 19391 3872
BUY 39 19245 18839
BUY 31 3584 24431
BUY 17 18527 21217
BUY 34 1074 22734
BUY 38 2214 19938
BUY 27 17321 25727
BUY 59 11293 16059
BUY 76 2984 7976
BUY 19 18781 22019
BUY 84 664 11184
BUY 0 7373 4400
BUY 84 16552 5084
BUY 89 16818 23889
BUY 81 2787 15281
BUY 81 8085 22481
BUY 7 6823 8907
BUY 54 2531 14454
BUY 99 19804 19399
BUY 7 16188 10707
BUY 81 2787 3281
BUY 53 4059 18353
BUY 28 11720 24428
BUY 1 18537 13201
BUY 57 10707 12257
BUY 70 4950 5570
BUY 35 2204 12135
BUY 87 12959 14187
BUY 14 14326 19714
BUY 60 18368 4660
BUY 38 16984 18138
BUY 34 14114 18234
BUY 3 11796 8303
BUY 19 8252 13919
BUY 74 6077 25674
BUY 65 7360 22465
BUY 76 4060 2676
BUY 82 101 18882
BUY 99 3882 7299
BUY 73 261 14073
BUY 72 13749 25972
BUY 21 12250 6621
BUY 27 5003 22427
BUY 58 2501 858
BUY 35 1289 18235
BUY 14 13146 2514
BUY 83 8252 16683
BUY 24 536 22024
BUY 23 11304 24023
BUY 25 4227 14225
BUY 35 7377 23335
BUY 62 19980 19762
BUY 99 16127 16999
BUY 50 13553 16950
BUY 6 11032 2906
BUY 6 19064 20406
BUY 92 10155 21092
BUY 85 2868 19885
BUY 90 4244 16890
BUY 21 18366 321
BUY 36 10581 6336
BUY 36 7884 8836
BUY 22 4687 5022
BUY 84 7301 3484
BUY 69 9530 19069
BUY 83 16762 4483
BUY 53 6524 21253
BUY 75 12007 1075
BUY 16 18951 24216
BUY 92 6373 18192
BUY 88 13292 3888
BUY 63 11802 18263
BUY 45 7738 6645
BUY 37 19761 16237
BUY 10 1487 7010
BUY 69 892 22569
BUY 75 17536 8675
BUY 93 1581 22293
BUY 98 11241 16198
BUY 54 5609 17054
BUY 87 12710 11787
BUY 61 3000 21961
BUY 84 17058 18584
BUY 77 16374 4677
BUY 98 2392 10498
BUY 44 3990 2044
BUY 69 12379 20269
BUY 12 3867 8812
BUY 61 10044 13961
BUY 56 2204 6756
BUY 43 3018 14143
BUY 29 16494 18929
BUY 16 14006 3316
BUY 12 6781 24112
BUY 37 6900 737
BUY 18 6632 2618
BUY 75 11895 25675
BUY 83 16128 15383
BUY 61 9024 11561
BUY 58 19479 13558
BUY 48 7478 648
BUY 1 9262 2101
BUY 85 18584 285
BUY 6 10948 3506
BUY 42 4123 17042
BUY 46 2959 18646
BUY 50 18209 20650
BUY 49 5351 25249
BUY 80 17060 6180
BUY 46 5654 22746
BUY 32 13459 11532
BUY 21 15806 3321
BUY 4 19509 5404
BUY 85 17810 485
BUY 60 7249 17060
BUY 16 13115 4116
BUY 75 1611 7775
BUY 63 7139 4363
BUY 9 10646 14809
BUY 78 17394 14378
BUY 65 15806 4265
BUY 26 17943 18026
BUY 52 13839 20352
BUY 54 3214 11554
BUY 76 4306 19576
BUY 4 19796 22304
BUY 97 19391 12597
BUY 3 7911 6303
BUY 28 10716 21628
BUY 84 15463 23684
BUY 76 15560 1276
BUY 16 18866 8816
BUY 25 4999 14325
BUY 94 12044 3094
BUY 18 11755 3618
BUY 64 1621 21364
BUY 46 2403 11646
BUY 99 5782 23799
BUY 68 12515 11568
BUY 12 13292 4212
BUY 86 4904 4786
BUY 19 2893 16119
BUY 87 12135 23187
BUY 83 15306 20083
BUY 51 17810 51
BUY 22 11361 25522
BUY 26 3511 16326
BUY 27 5255 10027
BUY 64 5366 12264
BUY 93 15306 3593
BUY 50 7852 13850
BUY 56 12562 1056
BUY 18 7021 25518
BUY 24 6472 19724
BUY 31 6373 16431
BUY 42 13245 2142
BUY 57 5366 7957
BUY 89 13765 17289
BUY 59 3307 21859
BUY 86 55 17986
BUY 28 1276 21028
BUY 27 11391 1027
BUY 96 1161 22396
BUY 84 3698 13884
BUY 69 12744 9169
BUY 20 18005 6020
BUY 22 10255 1322
BUY 4 14848 3504
BUY 11 17097 6711
BUY 96 8163 10996
BUY 69 10176 14669
BUY 57 3882 18857
BUY 94 15953 23294
BUY 67 1385 21267
BUY 10 9146 22710
BUY 46 6632 15546
BUY 32 3466 3032
BUY 49 18533 10249
BUY 38 4433 3038
BUY 64 16479 25264
BUY 50 18796 21650
BUY 65 17206 25465
BUY 24 10519 19824
BUY 63 1565 21063
BUY 45 1104 5245
BUY 40 4038 23040
BUY 89 19320 11289
BUY 30 12773 11030
BUY 62 16280 17362
BUY 33 9473 7333
BUY 98 14798 11598
BUY 86 2787 3386
BUY 20 6166 12120
BUY 50 183 20950
BUY 71 7432 25871
BUY 50 5137 14950
BUY 58 15100 19658
BUY 14 13447 3014
BUY 42 6632 16142
BUY 87 12083 387
BUY 5 17728 14605
BUY 24 19508 4924
BUY 81 10134 16481
BUY 97 7604 4797
BUY 89 12496 20389
BUY 9 12049 22209
BUY 39 7572 25439
BUY 46 9548 11546
BUY 44 8372 21944
BUY 94 8204 2494
BUY 22 6023 5622
BUY 91 4482 2591
BUY 23 721 12723
BUY 52 9009 16052
BUY 29 1990 20229
BUY 76 12001 23876
BUY 82 10239 1182
BUY 29 15882 2229
BUY 1 5050 22401
BUY 9 10346 2609
BUY 20 6389 23020
BUY 95 13596 10595
BUY 22 16127 8322
BUY 86 221 86
BUY 47 11992 10547
BUY 22 4950 11322
BUY 99 11752 13199
BUY 94 823 694
BUY 42 11369 2042
BUY 69 1611 12969
BUY 88 2308 288
BUY 98 9490 16998
BUY 42 1792 2342
BUY 90 15752 12590
BUY 80 5798 14280
BUY 40 8046 4940
BUY 62 10659 4762
BUY 35 6470 235
BUY 29 2531 19429
BUY 90 16530 15890
BUY 38 15100 17938
BUY 61 13146 14161
BUY 73 19017 2173
BUY 18 7604 9118
BUY 66 17060 8166
BUY 8 19189 1208
BUY 85 5485 22285
BUY 19 18430 18419
BUY 95 11285 24195
BUY 40 7301 3340
BUY 3 19485 21403
BUY 94 14508 9094
BUY 85 18841 17685
BUY 81 16552 881
BUY 79 3867 9479
BUY 59 4031 4459
BUY 61 17789 12561
BUY 48 18038 24748
BUY 72 10553 17772
BUY 47 18847 1847
BUY 65 6390 21465
BUY 47 9940 13647
BUY 24 4663 3324
BUY 27 6314 18527
BUY 38 3505 13138
BUY 59 19887 2659
BUY 77 10902 15577
BUY 38 12603 12938
BUY 42 14285 15442
BUY 83 14626 14383
BUY 89 17723 22689
BUY 99 14471 8299
BUY 48 11004 19748
BUY 53 1652 24653
BUY 74 3916 18674
BUY 7 13493 13907
BUY 69 9649 15269
BUY 66 17838 766
BUY 8 17387 1908
BUY 4 12398 19504
BUY 28 6547 8828
BUY 85 6862 12285
BUY 83 12954 783
BUY 83 959 21783
BUY 27 7168 5327
BUY 51 18005 3351
BUY 90 10730 22490
BUY 82 9663 25682
BUY 52 5657 14952
BUY 23 16106 6623
BUY 98 3327 21298
BUY 95 2591 24495
BUY 89 16945 21689
BUY 68 10289 7468
BUY 98 12662 4698
BUY 13 12974 24613
BUY 55 18805 21955
BUY 34 11548 9534
BUY 80 6937 22480
BUY 8 19563 22108
BUY 22 15806 20222
BUY 25 372 15125
BUY 40 381 13340
BUY 1 3743 6401
BUY 52 5192 22052
BUY 50 14873 19250
BUY 73 4433 8673
BUY 37 6647 24237
BUY 63 3505 4863
BUY 52 18046 14652
BUY 42 14877 14242
BUY 60 9295 25060
BUY 18 6595 19418
BUY 19 3567 22419
BUY 26 11912 13526
BUY 58 10553 18558
BUY 77 156 19577
BUY 16 10979 4716
BUY 53 11761 22253
BUY 21 16088 221
BUY 91 696 22391
BUY 70 63 1370
BUY 27 11813 21927
BUY 24 19818 5024
BUY 80 2693 18180
BUY 53 3882 19253
BUY 61 16541 4461
BUY 65 16762 14865
BUY 41 12455 10541
BUY 60 12769 2960
BUY 53 5240 24753
BUY 51 17504 10051
BUY 85 16418 25285
BUY 59 17149 12459
BUY 33 2288 13633
BUY 27 240 9627
BUY 14 15291 25114
BUY 82 7614 18682
BUY 48 6314 7848
BUY 97 499 15297
BUY 17 15100 19317
BUY 40 3698 10340
BUY 2 16320 1702
BUY 72 12664 15372
BUY 17 12826 8617
BUY 32 11755 18932
BUY 74 5320 23174
BUY 75 6443 12075
BUY 34 11796 18534
BUY 16 3817 2016
BUY 68 15867 1268
BUY 19 10304 14219
BUY 37 1611 15537
BUY 36 15324 9936
BUY 4 19598 8704
BUY 33 15178 21833
BUY 36 156 4936
BUY 21 14114 6221
BUY 44 16552 8744
BUY 52 5096 14152
BUY 23 7604 8223
BUY 13 16200 2413
BUY 43 14092 8543
BUY 17 6607 15017
BUY 98 5780 10198
BUY 25 3608 23125
BUY 68 11681 11068
BUY 22 3354 11122
BUY 31 11317 2231
BUY 82 15293 25582
BUY 39 1978 15139
BUY 12 7914 18812
BUY 13 509 4013
BUY 67 4999 17767
BUY 16 11032 15616
BUY 5 8346 16205
BUY 86 12662 6486
BUY 93 18123 9593
BUY 91 15406 1391
BUY 82 16280 17682
BUY 48 17314 9748
BUY 51 16028 9751
BUY 65 3659 6265
BUY 87 441 17787
BUY 28 63 16228
BUY 65 8210 25565
BUY 26 8204 11626
BUY 81 17448 4881
BUY 52 9743 19752
BUY 65 8323 5565
BUY 88 1321 8588
BUY 42 12670 21942
BUY 50 6752 19850
BUY 68 13115 18068
BUY 55 16933 24255
BUY 68 9006 24568
BUY 92 9260 22892
BUY 63 155 5263
BUY 42 7373 6742
BUY 66 7852 20466
BUY 39 19789 12939
BUY 13 1544 18713
BUY 64 9196 2564
BUY 22 18937 17022
BUY 23 10363 20723
BUY 53 15711 6053
BUY 96 18600 1896
BUY 55 934 10755
BUY 26 10081 16526
BUY 40 18653 20840
BUY 35 5308 16835
BUY 50 3226 1250
BUY 60 8629 19260
BUY 85 3834 25885
BUY 58 11179 11458
BUY 37 13642 13837
BUY 71 12986 16071
BUY 93 17603 15593
BUY 9 3659 3409
BUY 70 7841 13470
BUY 55 10734 24755
BUY 84 16106 10484
BUY 95 17366 23095
BUY 68 19980 20668
BUY 24 19245 9024
BUY 37 19509 2237
BUY 22 3817 8622
BUY 42 17526 18642
BUY 81 2521 3581
BUY 6 11967 17006
BUY 73 18420 23973
BUY 19 11037 4419
BUY 63 12133 24663
BUY 18 14787 21918
BUY 98 14650 1898
BUY 99 18847 7799
BUY 88 5613 23988
BUY 47 17943 147
BUY 19 17433 9119
BUY 37 15778 5437
BUY 16 2959 12316
BUY 11 14890 4111
BUY 81 12744 17581
BUY 2 19761 702
BUY 75 13009 875
BUY 77 5576 20577
BUY 22 6577 19122
BUY 90 14006 7690
BUY 13 19239 15313
BUY 15 11716 22615
BUY 29 261 13329
BUY 25 17528 22025
BUY 16 13998 20216
BUY 19 6373 2519
BUY 68 3607 23268
BUY 48 17435 15548
BUY 95 11948 8095
BUY 62 5775 1462
BUY 37 7124 23737
BUY 29 579 23229
BUY 14 15617 414
BUY 23 137 11623
BUY 97 1646 6997
BUY 26 19732 6026
BUY 38 9103 1338
BUY 45 13234 23045
BUY 41 12272 13141
BUY 79 1139 24579
BUY 62 6836 23562
BUY 67 16106 10467
BUY 55 9250 16255
BUY 86 11484 1386
BUY 49 14353 1849
BUY 58 11061 19158
BUY 39 19530 10539
BUY 15 1553 19515
BUY 3 4371 4903
BUY 46 3505 16546
BUY 40 2204 3240
BUY 66 13 25666
BUY 47 16568 3747
BUY 99 19621 17299
BUY 74 10821 5174
BUY 64 7511 20664
BUY 23 4950 10423
BUY 24 6926 24324
BUY 75 5366 7875
BUY 9 499 6709
BUY 43 6525 12443
BUY 10 7792 2610
BUY 66 5937 21466
BUY 20 18105 9820
BUY 40 16246 13040
BUY 89 3650 16589
BUY 97 17881 21097
BUY 87 3141 20387
BUY 19 11391 15319
BUY 50 15250 18950
BUY 98 12083 98
BUY 34 5947 2134
BUY 59 8333 25259
BUY 15 7651 24315
BUY 3 2984 20703
BUY 49 10409 20449
BUY 53 5947 19053
BUY 63 9195 21663
BUY 25 10741 6825
BUY 6 10821 6306
BUY 58 12558 14958
BUY 71 8383 16771
BUY 38 10848 22438
BUY 74 6595 17774
BUY 91 5821 6691
BUY 10 1379 7910
BUY 89 7249 11489
BUY 71 14182 6571
BUY 24 7640 17324
BUY 99 16814 12599
BUY 10 15245 6910
BUY 83 18430 13483
BUY 72 1056 19972
BUY 18 7754 16418
BUY 76 7604 17176
BUY 65 2649 14665
BUY 35 8299 13235
BUY 82 19148 10782
BUY 13 8762 8713
BUY 87 19778 15587
BUY 63 7619 16063
BUY 27 17069 14527
BUY 85 3622 14585
BUY 14 2403 11014
BUY 76 8952 10476
BUY 39 17058 1439
BUY 9 19479 10009
BUY 65 2438 13165
BUY 80 6372 8280
BUY 54 11258 11154
BUY 5 16114 5605
BUY 73 6443 15173
BUY 19 4302 15519
BUY 54 14939 21854
BUY 74 137 274
BUY 4 17166 12804
BUY 30 7884 6830
BUY 89 19656 12389
BUY 67 16332 3467
BUY 98 17069 10398
BUY 33 7385 12233
BUY 80 17293 13880
BUY 57 10243 5157
BUY 37 7478 19037
BUY 81 15867 8881
BUY 53 10286 8853
BUY 68 10346 19168
BUY 7 156 14207
BUY 22 3482 23922
BUY 77 15591 7377
BUY 81 14348 19781
BUY 44 17266 11444
BUY 20 7734 14320
BUY 77 6312 577
BUY 92 4392 7992
BUY 55 16127 9955
BUY 41 2586 3841
BUY 48 17447 24948
BUY 67 3379 8867
BUY 72 16928 3772
BUY 40 12251 1740
BUY 8 6874 21908
BUY 87 2373 2787
BUY 42 967 20242
BUY 97 7911 1797
BUY 70 19448 21770
BUY 9 4153 22409
BUY 73 2288 8973
BUY 17 9649 8217
BUY 2 3916 1502
BUY 93 19239 19893
BUY 35 4767 22835
BUY 70 4789 10670
BUY 55 16128 20155
BUY 66 8346 6066
BUY 27 14521 24427
BUY 2 13842 16102
BUY 4 19828 13104
BUY 73 17448 16973
BUY 19 9278 5419
BUY 18 10879 12518
BUY 28 1791 6328
BUY 48 9866 8148
BUY 84 13448 6084
BUY 74 14002 15174
BUY 16 621 8916
BUY 68 12398 13568
BUY 46 18331 25746
BUY 90 8697 18690
BUY 93 19656 10093
BUY 63 3682 4663
BUY 92 14650 3792
BUY 39 19245 11439
BUY 13 14064 20613
BUY 9 7098 24409
BUY 26 9844 11726
BUY 99 4357 18499
BUY 20 3981 9520
BUY 3 15071 18003
BUY 60 4663 18660
BUY 21 14802 5021
BUY 89 19804 10989
BUY 27 17647 17427
BUY 50 10434 1150
BUY 31 1217 7631
BUY 95 14853 21095
BUY 33 10885 5633
BUY 70 6862 15370
BUY 34 13756 5034
BUY 7 15053 18107
BUY 20 16814 720
BUY 28 14925 21228
BUY 38 17394 7938
BUY 16 10009 6416
BUY 60 19901 11460
BUY 72 3882 14372
BUY 74 8448 12074
BUY 25 4019 7225
BUY 44 18413 19144
BUY 60 13545 4560
BUY 59 8552 14559
BUY 64 5146 23764
BUY 40 7162 1040
BUY 87 12332 8887
BUY 82 6443 15282
BUY 10 6406 13310
BUY 63 12662 1963
BUY 5 6142 6405
BUY 71 5096 271
BUY 72 10355 23172
BUY 52 4197 16452
BUY 60 7437 12860
BUY 56 15916 22156
BUY 50 906 14050
BUY 57 15574 19457
BUY 58 4929 6758
BUY 4 5076 22504
BUY 29 7618 10029
BUY 22 1061 23322
BUY 26 3743 7426
BUY 19 3916 6619
BUY 78 2586 19678
BUY 8 17650 25308
BUY 30 664 9430
BUY 64 19736 18164
BUY 0 101 9300
BUY 73 5821 5273
BUY 69 14626 16969
BUY 57 18255 6557
BUY 53 7497 23653
BUY 1 10094 5901
BUY 22 1864 15322
BUY 23 18471 4723
BUY 47 12697 3947
BUY 14 9196 13614
BUY 58 441 10658
BUY 12 14182 2512
BUY 5 11985 17805
BUY 54 8163 7754
BUY 18 16200 3218
BUY 99 3046 8799
BUY 31 19253 25731
BUY 91 3221 15491
BUY 74 5348 6174
BUY 14 12510 15614
BUY 25 15752 3725
BUY 54 19452 15654
BUY 49 16288 22949
BUY 19 7792 11719
BUY 94 16840 10894
BUY 64 17789 2464
BUY 22 17260 21422
BUY 81 14657 4581
BUY 54 13367 13854
BUY 14 967 914
BUY 50 8952 17250
BUY 85 2087 17285
BUY 99 3284 12799
BUY 24 17275 13624
BUY 25 13441 21225
BUY 30 17627 7230
BUY 98 10931 498
BUY 57 8323 2957
BUY 16 19906 17916
BUY 73 63 7473
BUY 56 14585 5956
BUY 3 16568 603
BUY 20 1127 1120
BUY 94 19211 21594
BUY 46 11627 11346
BUY 61 8584 7261
BUY 83 10959 10183
BUY 16 17982 12216
BUY 50 3963 22150
BUY 0 13448 8300
BUY 11 9706 10111
BUY 86 3214 12486
BUY 46 4319 18146
BUY 52 11048 12852
BUY 35 10044 8035
BUY 15 11380 15215
BUY 93 12379 593
BUY 14 3466 16114
BUY 11 15815 16911
BUY 89 12637 8689
BUY 70 11802 17570
BUY 13 14115 17813
BUY 66 5173 7466
BUY 25 2649 10225
BUY 13 12271 22013
BUY 39 6823 17339
BUY 7 13421 11607
BUY 44 14070 13044
BUY 1 2816 5501
BUY 50 2953 18750
BUY 31 5294 8331
BUY 80 15250 17780
BUY 20 11717 24120
BUY 87 7636 22487
BUY 83 15284 18283
BUY 66 10227 4566
BUY 69 7820 2669
BUY 5 5609 7205
BUY 86 11671 14486
BUY 69 8803 6569
BUY 21 18005 12621
BUY 30 16857 930
BUY 50 18046 13550
BUY 87 14501 687
BUY 57 6577 9657
BUY 16 10844 4516
BUY 70 8762 2170
BUY 96 13115 5596
BUY 62 4286 8562
BUY 19 8926 14719
BUY 11 2892 12111
BUY 27 2442 5027
BUY 80 9095 5280
BUY 42 8132 6342
BUY 78 7385 12878
BUY 54 13115 10354
BUY 80 16487 21780
BUY 52 8252 6352
BUY 22 18242 5922
BUY 42 5345 24542
BUY 5 5115 5505
BUY 10 3284 10010
BUY 39 19071 7639
BUY 78 944 24678
BUY 91 3480 20591
BUY 32 2613 24332
BUY 17 1841 14717
BUY 84 2373 6784
BUY 86 17647 5886
BUY 34 1841 13534
BUY 90 9986 4790
BUY 76 16840 10576
BUY 86 17069 11086
BUY 76 16374 12176
BUY 22 4898 22022
BUY 49 8052 13049
BUY 49 16121 16649
BUY 51 7757 14151
BUY 50 16878 4250
BUY 26 5202 22926
BUY 88 830 15588
BUY 16 19251 13416
BUY 50 15474 23950
BUY 58 11752 9558
BUY 85 15689 5285
BUY 75 14132 22175
BUY 17 4711 4417
BUY 40 11938 2840
BUY 60 3071 14760
BUY 25 16552 16925
BUY 58 18726 25858
BUY 24 13736 8124
BUY 28 13409 10028
BUY 82 12378 6382
BUY 49 14114 18449
BUY 5 10659 9105
BUY 56 1557 16656
BUY 24 15865 25024
BUY 92 15759 15492
BUY 20 11651 920
BUY 38 19887 7838
BUY 53 9400 14653
BUY 38 17188 17538
BUY 8 11772 5808
BUY 44 18162 3244
BUY 95 12904 20595
BUY 74 10363 10174
BUY 30 12472 22730
BUY 82 16106 19882
BUY 97 7400 8697
BUY 95 10809 25395
BUY 16 4637 22116
BUY 89 1990 19389
BUY 43 4683 13243
BUY 19 14114 919
BUY 23 10434 20223
BUY 73 12744 19073
BUY 57 13009 13957
BUY 18 17984 19918
BUY 82 7478 3182
BUY 0 12278 6900
BUY 5 5338 1705
BUY 65 1289 11665
BUY 8 15407 6708
BUY 28 10289 16828
BUY 86 2953 4886
BUY 9 2851 6109
BUY 41 17536 16341
BUY 10 10239 3410
BUY 10 17603 4310
BUY 55 10966 19755
BUY 82 6936 9482
BUY 64 4227 15364
BUY 0 13995 22700
BUY 98 2192 22398
BUY 73 18333 25673
BUY 31 3650 13131
BUY 24 19736 19524
BUY 15 3598 10215
BUY 69 10645 7569
BUY 94 8826 14094
BUY 27 664 4027
BUY 71 14092 2671
BUY 10 19245 12210
BUY 71 14104 18571
BUY 57 14326 5757
BUY 34 1104 15934
BUY 61 5947 2761
BUY 22 2411 24122
BUY 11 11484 3411
BUY 39 12898 14839
BUY 44 9997 9444
BUY 73 18018 15673
BUY 79 19047 24279
BUY 64 13292 18964
BUY 69 2448 24169
BUY 6 2868 5606
BUY 54 10821 18454
BUY 66 11881 7766
BUY 35 15397 9735
BUY 99 13367 13399
BUY 8 19882 8408
BUY 27 372 7327
BUY 49 4999 15349
BUY 51 18053 21351
BUY 84 15115 6984
BUY 73 9315 11673
BUY 52 11405 25352
BUY 59 14448 21559
BUY 80 19901 11680
BUY 12 9303 15812
BUY 93 1579 23793
BUY 2 16008 17902
BUY 87 14140 22287
BUY 71 2442 20571
BUY 30 15745 21030
BUY 30 2143 22330
BUY 40 2149 4140
BUY 10 13842 18010
BUY 42 15781 8242
BUY 50 16106 20550
BUY 93 17627 6093
BUY 16 4729 20016
BUY 17 17520 21117
BUY 11 5238 4711
BUY 47 19420 1747
BUY 0 9490 13900
BUY 18 11482 15318
BUY 96 372 1296
BUY 58 9009 758
BUY 4 15419 16704
BUY 31 5075 9331
BUY 74 182 24974
BUY 49 7879 12949
BUY 34 2792 3234
BUY 9 6406 5109
BUY 69 8817 20069
BUY 56 3894 4356
BUY 48 6900 12348
BUY 72 17398 22272
BUY 23 11118 18223
BUY 27 16401 7527
BUY 11 1379 4811
BUY 93 9535 8993
BUY 8 6023 7308
BUY 63 2866 5763
BUY 24 8157 23624
BUY 8 5838 23908
BUY 70 14325 22770
BUY 26 18255 8626
BUY 92 9682 24692
BUY 70 18160 10770
BUY 79 6373 4479
BUY 40 14763 340
BUY 25 15350 16325
BUY 61 13953 18661
BUY 22 14114 4422
BUY 20 19436 20
BUY 7 18005 19707
BUY 25 12831 11125
BUY 91 7249 2491
BUY 52 11690 4652
BUY 8 14064 16108
BUY 72 16152 23572
BUY 35 5005 22535
BUY 67 12007 16967
BUY 61 16541 10961
BUY 59 18059 20659
BUY 36 15785 5536
BUY 26 9683 23526
BUY 80 15419 80
BUY 51 17433 11151
BUY 77 3172 21977
BUY 52 8105 5952
BUY 60 5338 5560
BUY 70 240 10070
BUY 77 14438 14877
BUY 28 11627 9128
BUY 16 7618 13016
BUY 47 14182 3247
BUY 29 17706 23629
BUY 17 2851 17017
BUY 4 13172 16504
BUY 24 15591 12924
BUY 59 19408 3759
BUY 66 2214 18366
BUY 71 1841 13271
BUY 1 14873 19701
BUY 54 9095 12754
BUY 75 8601 23875
BUY 50 15867 14450
BUY 72 12148 18372
BUY 74 13736 17374
BUY 65 2610 1865
BUY 29 14798 8529
BUY 38 19818 3538
BUY 33 1847 11833
BUY 4 17728 16804
BUY 45 9649 19445
BUY 25 18123 18225
BUY 80 9702 23580
BUY 82 2382 8882
BUY 18 17536 4018
BUY 6 3489 18006
BUY 49 2637 25349
BUY 17 620 10117
BUY 20 240 6820
BUY 84 10484 25684
BUY 95 553 17495
BUY 88 119 25088
BUY 69 11734 18369
BUY 20 5 21820
BUY 34 5576 18734
BUY 98 14915 7898
BUY 89 9176 4389
BUY 43 18187 23443
BUY 85 6818 20685
BUY 98 17578 12398
BUY 31 14657 10531
BUY 16 8803 18116
BUY 5 15674 1605
BUY 6 12986 15706
BUY 52 8697 11252
BUY 87 18562 2887
BUY 94 11317 17494
BUY 84 15574 14284
BUY 17 8817 6117
BUY 86 8893 21686
BUY 74 5075 11874
BUY 84 6607 11484
BUY 9 5944 14609
BUY 87 18938 25987
BUY 78 1285 23978
BUY 23 5775 20623
BUY 21 15781 18021
BUY 69 14484 8969
BUY 88 9024 6288
BUY 54 13297 22154
BUY 11 10948 11911
BUY 30 19530 6530
BUY 20 620 7420
BUY 13 3046 11513
BUY 9 12083 8509
BUY 67 2904 25767
BUY 8 13998 17908
BUY 47 17115 19447
BUY 5 16106 19305
BUY 51 14286 21551
BUY 64 2730 23564
BUY 77 18255 13177
BUY 34 9613 4934
BUY 13 9743 10313
BUY 45 127 11345
BUY 69 19602 12569
BUY 66 2779 13666
BUY 31 6718 3831
BUY 24 2833 19324
BUY 67 19903 13467
BUY 60 16309 16760
BUY 47 972 6447
BUY 11 11421 19211
BUY 30 3882 330
BUY 72 3923 23072
BUY 21 7831 25221
BUY 97 7914 17397
BUY 36 6634 22536
BUY 34 8598 18434
BUY 86 5296 13486
BUY 5 13146 12405
BUY 47 13170 11747
BUY 49 3867 13649
BUY 38 16234 6038
BUY 76 1322 25276
BUY 1 18998 19501
BUY 62 10421 22662
BUY 57 16709 4557
BUY 8 13493 5708
BUY 80 6595 18480
BUY 50 4019 15650
BUY 51 19781 1851
BUY 37 14984 21937
BUY 20 1678 1620
BUY 73 16078 13273
BUY 20 8192 25720
BUY 23 13948 15523
BUY 59 17522 25659
BUY 3 6525 16203
BUY 0 8363 25600
BUY 14 4663 16714
BUY 0 16188 10600
BUY 4 10580 6804
BUY 62 5657 1962
BUY 60 15962 23660
BUY 96 10979 14196
BUY 37 10762 15937
BUY 10 8874 20210
BUY 42 122 20042
BUY 96 4210 25696
BUY 15 5296 18815
BUY 29 17135 14729
BUY 13 6366 7013
BUY 55 4683 13455
BUY 32 6980 15132
BUY 21 16633 721
BUY 80 11380 1580
BUY 78 7757 3178
BUY 39 5657 11639
BUY 65 6279 10665
BUY 71 12898 15571
BUY 65 12262 16265
BUY 40 2866 5240
BUY 78 13146 2078
BUY 59 14461 10759
BUY 68 14484 12368
BUY 60 4060 6860
BUY 18 1531 22418
BUY 10 9250 6410
BUY 64 19600 24664
BUY 36 8952 17936
BUY 46 15071 12446
BUY 3 8598 15103
BUY 70 11343 8670
BUY 47 16401 11147
BUY 78 18209 1778
BUY 14 156 11414
BUY 71 18005 1171
BUY 20 8952 16120
BUY 65 16490 2365
BUY 58 12192 23158
BUY 97 1347 21397
BUY 96 4158 21696
BUY 21 17884 9021
BUY 51 5137 7251
BUY 62 15489 22762
BUY 68 19621 6968
BUY 13 5401 25213
BUY 23 15617 15223
BUY 87 10821 19987
BUY 96 16401 20496
BUY 47 12879 13347
BUY 22 12455 7122
BUY 3 7619 13003
BUY 61 8832 1961
BUY 41 11391 4641
BUY 37 8953 24937
BUY 54 11919 354
BUY 35 10094 13335
BUY 42 13842 12342
BUY 91 14114 18791
BUY 53 16374 13953
BUY 71 2214 15971
BUY 46 12588 246
BUY 11 13036 18011
BUY 9 14773 10809
BUY 41 3248 25441
BUY 27 14056 25627
BUY 14 1646 1614
BUY 5 2230 21805
BUY 67 10659 18467
BUY 87 5308 12987
BUY 7 17728 9207
BUY 39 4197 2939
BUY 54 13367 7454
BUY 34 12253 25134
BUY 47 18368 13247
BUY 37 8415 25737
BUY 25 4477 8325
BUY 69 55 5969
BUY 11 17069 20211
BUY 96 2892 2596
BUY 94 10519 19094
BUY 25 10239 17425
BUY 59 3244 1359
BUY 2 7148 20102
BUY 41 11497 13641
BUY 95 9844 9295
BUY 5 19903 1505
BUY 32 13545 19132
BUY 21 8470 21021
BUY 14 15867 11814
BUY 48 19221 3648
BUY 10 2392 11610
BUY 59 10603 24059
BUY 48 17789 16848
BUY 14 3046 14914
BUY 55 16121 2555
BUY 60 620 18260
BUY 66 17805 8366
BUY 70 5609 18370
BUY 40 2199 5640
BUY 20 12573 13420
BUY 79 9261 25579
BUY 55 221 14055
BUY 49 8662 17549
BUY 71 15591 9371
BUY 82 14076 17182
BUY 21 8252 1721
BUY 21 10286 3421
BUY 86 14182 10086
BUY 5 4916 23705
BUY 62 10323 6062
BUY 69 19901 15469
BUY 56 19740 22456
BUY 93 18562 16593
BUY 9 7162 13809
BUY 40 3009 14340
BUY 86 19804 19586
BUY 70 15399 10470
BUY 94 2583 19394
BUY 23 4929 923
BUY 27 13520 1627
BUY 13 19906 1913
BUY 99 19064 15399
BUY 2 17789 4702
BUY 96 4902 25096
BUY 31 4478 24731
BUY 43 16034 16643
BUY 6 7426 21706
BUY 75 5243 21575
BUY 15 10885 16015
BUY 60 898 7460
BUY 0 2933 15200
BUY 76 3637 17576
BUY 97 2893 897
BUY 21 7162 6021
BUY 80 11316 1280
BUY 36 6014 24936
BUY 66 12558 17166
BUY 84 5888 20984
BUY 60 15324 2460
BUY 89 11179 20289
BUY 23 17115 4223
BUY 74 9613 14474
BUY 82 2778 7582
BUY 47 18048 12247
BUY 41 8163 19041
BUY 60 9400 16860
BUY 94 8539 9294
BUY 48 4734 3948
BUY 33 18968 9233
BUY 40 15115 17740
BUY 27 2028 7927
BUY 92 12148 692
BUY 20 15545 1820
BUY 86 8803 6686
BUY 24 19764 7524
BUY 84 8878 5384
BUY 36 5075 18436
BUY 28 6504 23828
BUY 55 19408 3455
BUY 8 5219 24808
BUY 8 7478 15208
BUY 70 12567 9970
BUY 55 2933 17155
BUY 81 17435 381
BUY 45 12347 7945
BUY 75 9535 9975
BUY 12 17188 2112
BUY 33 19716 133
BUY 58 377 1558
BUY 26 16572 5726
BUY 95 14640 24295
BUY 19 621 5019
BUY 92 797 1892
BUY 46 14070 1046
BUY 2 6279 5202
BUY 70 7348 270
BUY 8 19882 19108
BUY 97 5043 23097
BUY 73 16256 25773
BUY 3 2058 19603
BUY 37 19320 14737
BUY 78 7100 21678
BUY 32 7373 2332
BUY 67 16568 14267
BUY 39 11143 19139
BUY 77 11967 8577
BUY 95 16114 7295
BUY 12 12148 11412
BUY 26 15711 2326
BUY 21 17394 14521
BUY 73 15350 11073
BUY 69 12083 12469
BUY 54 5260 24654
BUY 77 9743 11477
BUY 99 3882 10099
BUY 80 8182 5780
BUY 55 13426 13355
BUY 20 15807 24820
BUY 26 13170 17526
BUY 76 12762 25676
BUY 97 8416 21897
BUY 29 5296 16029
BUY 15 12826 15315
BUY 12 2214 11112
BUY 85 5533 20385
BUY 77 9548 6577
BUY 38 11421 738
BUY 87 12662 9287
BUY 58 18866 14658
BUY 37 13567 1137
BUY 24 7614 16224
BUY 71 2586 13071
BUY 5 16029 22305
BUY 84 972 16184
BUY 36 13146 20736
BUY 52 5800 12752
BUY 64 18255 8064
BUY 28 3698 19228
BUY 29 65 13729
BUY 59 16762 4159
BUY 68 10580 11768
BUY 97 11258 14797
BUY 47 2292 22547
BUY 74 4670 4574
BUY 98 14143 1798
BUY 64 1553 3264
BUY 11 17149 10611
BUY 77 13553 5177
BUY 61 4718 25461
BUY 77 2868 3577
BUY 57 12567 3257
BUY 19 13479 16419
BUY 9 7178 24909
BUY 52 12769 15452
BUY 77 1289 9777
BUY 95 12759 23495
BUY 80 3505 1180
BUY 39 18184 5839
BUY 61 16008 12261
BUY 84 11826 24284
BUY 67 17433 6267
BUY 41 5119 8041
BUY 13 19932 16313
BUY 19 11495 25019
BUY 44 664 19844
BUY 10 17884 10110
BUY 48 10879 10748
BUY 55 6607 3655
BUY 29 17810 11829
BUY 83 3185 2283
BUY 32 14471 15632
BUY 78 13735 18678
BUY 7 19761 20107
BUY 19 7686 23619
BUY 13 2839 23213
BUY 5 2043 405
BUY 50 19795 16550
BUY 37 12223 19937
BUY 61 7189 23461
BUY 33 1487 8233
BUY 55 11145 5155
BUY 19 865 2319
BUY 87 2583 10387
BUY 95 12378 13995
BUY 78 13842 19278
BUY 35 16028 8735
BUY 25 10243 9025
BUY 83 19653 12283
BUY 27 17115 5527
BUY 63 13015 12363
BUY 58 8132 2258
BUY 10 12562 17610
BUY 54 12046 21254
BUY 33 14890 1433
BUY 93 19479 2493
BUY 6 1997 21106
BUY 56 7226 25656
BUY 6 19795 8606
BUY 51 12044 11451
BUY 17 17884 4317
BUY 30 12173 23130
BUY 97 15265 2797
BUY 35 1862 22135
BUY 23 10170 22023
BUY 68 2514 21368
BUY 76 4950 18276
BUY 71 18223 1871
BUY 67 3569 22767
BUY 6 16246 13506
BUY 22 7035 12222
BUY 36 4527 14536
BUY 34 9535 3734
BUY 82 1289 3682
BUY 42 7177 7242
BUY 15 15617 3515
BUY 1 18329 21401
BUY 98 5308 15998
BUY 72 17060 3472
BUY 7 9315 2707
BUY 84 972 3984
BUY 6 16878 14106
BUY 93 7852 7193
BUY 11 15244 19911
BUY 27 1280 21027
BUY 37 2933 237
BUY 59 6414 11759
BUY 51 5815 15051
BUY 75 19903 7575
BUY 40 2583 18540
BUY 37 1321 6037
BUY 26 14366 25326
BUY 93 1468 2593
BUY 41 5265 21841
BUY 19 9336 2419
BUY 39 19866 20039
BUY 2 4197 9702
BUY 30 4482 14030
BUY 5 15319 23805
BUY 73 469 20973
BUY 62 15574 13562
BUY 33 19420 7533
BUY 35 4786 24635
BUY 22 2961 24822
BUY 14 4719 11514
BUY 9 16139 7409
BUY 95 55 1795
BUY 95 19736 195
BUY 65 1847 11565
BUY 77 7879 2977
BUY 61 9829 1161
BUY 26 5576 10626
BUY 6 15150 23206
BUY 5 14291 10305
BUY 67 17341 17267
BUY 94 15110 7294
BUY 70 11700 8470
BUY 10 13421 18910
BUY 18 11071 15918
BUY 38 1056 13938
BUY 13 11912 14513
BUY 89 18109 13889
BUY 76 16646 24876
BUY 41 16309 20341
BUY 89 16226 22989
BUY 12 4601 4912
BUY 86 5593 24686
BUY 19 2835 24119
BUY 61 13493 1361
BUY 59 11391 8959
BUY 51 2342 5751
BUY 52 3197 18352
BUY 24 9543 22624
BUY 78 14890 3678
BUY 59 967 1659
BUY 91 13001 25991
BUY 13 1379 1313
BUY 0 9955 16100
BUY 16 16034 14116
BUY 21 18562 20221
BUY 69 367 24669
BUY 76 2416 24976
BUY 91 8704 23191
BUY 21 8105 5921
BUY 60 1386 19960
BUY 54 16814 1754
BUY 84 1321 15284
BUY 47 9649 5847
BUY 88 18018 7088
BUY 85 5944 4485
BUY 15 14873 3815
BUY 86 2960 21186
BUY 55 12495 25755
BUY 88 12108 9688
BUY 12 19446 23412
BUY 40 14461 11140
BUY 86 18562 13286
BUY 2 4687 102
BUY 68 7087 6768
BUY 25 13563 3225
BUY 42 6218 7142
BUY 48 14811 18548
BUY 12 8222 17212
BUY 78 11181 5878
BUY 49 4123 17249
BUY 56 7658 2556
BUY 73 9693 24173
BUY 40 255 19440
BUY 0 5544 700
BUY 33 11369 7933
BUY 0 7301 19800
BUY 50 15886 21350
BUY 86 9024 15686
BUY 69 10909 8669
BUY 55 499 355
BUY 11 15029 2111
BUY 79 357 24179
BUY 44 19105 24644
BUY 57 10313 24757
BUY 50 3354 15550
BUY 50 2521 12650
BUY 6 441 3606
BUY 57 5918 12957
BUY 35 7511 10335
BUY 83 14471 17483
BUY 8 18215 17108
BUY 56 2149 18656
BUY 49 3505 2949
BUY 29 1388 23729
BUY 16 3636 16016
BUY 41 14511 22941
BUY 79 10076 9779
BUY 10 12567 4210
BUY 34 3674 25634
BUY 34 14271 1334
BUY 47 16028 12347
BUY 24 17275 1424
BUY 20 12278 2920
BUY 9 18162 14109
BUY 70 18841 1270
BUY 41 16576 25541
BUY 68 6973 7168
BUY 91 17605 18891
BUY 56 18471 8456
BUY 83 14802 483
BUY 41 15759 2541
BUY 47 13930 14947
BUY 11 11143 4211
BUY 59 12769 5359
BUY 7 3933 17607
BUY 38 19189 20638
BUY 14 11241 7114
BUY 13 12679 14213
BUY 41 13765 16141
BUY 59 12603 11059
BUY 89 17789 3689
BUY 91 10713 21491
BUY 21 3244 18421
BUY 8 16296 6308
BUY 42 3981 14042
BUY 40 13709 2740
BUY 24 12643 9124
BUY 67 1864 6767
BUY 7 8552 18707
BUY 9 17275 909
BUY 36 8290 3136
BUY 76 17266 20776
BUY 16 12211 22416
BUY 68 4229 8268
BUY 30 15407 17530
BUY 47 10959 5147
BUY 48 13845 12448
BUY 26 10902 13826
BUY 84 9432 22284
BUY 14 509 16614
BUY 92 11048 6392
BUY 55 18074 9855
BUY 43 14471 12943
BUY 64 11752 6264
BUY 1 1239 20801
BUY 67 10646 1367
BUY 67 10239 16067
BUY 21 2944 24221
BUY 7 12591 3407
BUY 23 11796 11323
BUY 10 4296 19110
BUY 31 16419 10931
BUY 98 13712 25898
BUY 66 7301 5566
BUY 61 2572 19361
BUY 94 17964 14594
BUY 82 2086 22582
BUY 64 5775 3964
BUY 81 2106 25081
BUY 37 18074 6637
BUY 98 8288 25798
BUY 82 6525 11582
BUY 16 10336 18416
BUY 31 2693 5031
BUY 16 12903 20716
BUY 2 16552 15002
BUY 83 6061 4083
BUY 83 10822 23883
BUY 12 11241 15612
BUY 36 1764 22236
BUY 30 5385 25830
BUY 55 14413 23955
BUY 72 5173 14872
BUY 4 7563 4
BUY 77 12679 1877
BUY 77 14034 21777
BUY 68 4687 17568
BUY 45 13032 21745
BUY 30 6007 17030
BUY 3 14503 22703
BUY 90 5226 23390
BUY 27 7094 18727
BUY 31 18533 3931
BUY 92 664 9592
BUY 25 19171 25825
BUY 2 2649 7802
BUY 45 4527 10845
BUY 17 16273 22517
BUY 42 3046 15142
BUY 93 14271 16793
BUY 96 8874 3496
BUY 54 7604 12654
BUY 36 5514 7536
BUY 41 11436 21641
BUY 0 8008 20800
BUY 19 17982 11419
BUY 68 797 12068
BUY 60 16890 8560
BUY 29 6506 7929
BUY 96 15689 13796
BUY 60 3698 11260
BUY 85 5451 25585
BUY 94 8539 18294
BUY 92 9014 1692
BUY 26 11548 326
BUY 73 11048 20673
BUY 42 12711 22342
BUY 91 7852 8091
BUY 79 10902 10779
BUY 88 9442 3188
BUY 85 8549 25385
BUY 10 16495 21110
BUY 98 1321 17098
BUY 16 16280 416
BUY 19 7604 19419
BUY 16 599 23016
BUY 33 6818 19333
BUY 70 7614 6570
BUY 14 11862 22814
BUY 67 11048 6367
BUY 7 6443 13307
BUY 11 19761 611
BUY 16 18471 5316
BUY 54 6600 21954
BUY 90 15500 5290
BUY 70 9602 2570
BUY 1 7249 16801
BUY 84 3226 16784
BUY 12 6312 1212
BUY 77 6862 7077
BUY 55 4734 9255
BUY 36 14326 15636
BUY 5 10304 1005
BUY 23 15806 17123
BUY 32 13185 5232
BUY 18 17984 1118
BUY 37 4114 12837
BUY 91 5115 8791
BUY 42 2400 18142
BUY 48 14086 3548
BUY 36 14307 2036
BUY 72 7148 13372
BUY 44 7436 24044
BUY 69 17097 13869
BUY 87 8182 15887
BUY 56 13642 11156
BUY 21 6862 13921
BUY 86 19866 10186
BUY 82 11391 6182
BUY 80 2422 16180
BUY 49 6911 8149
BUY 15 10473 21415
BUY 83 18562 2783
BUY 99 374 8399
BUY 65 3516 10065
BUY 22 14168 2022
BUY 41 5791 21441
BUY 97 1646 5197
BUY 38 5377 23238
BUY 84 2149 7284
BUY 27 17634 13927
BUY 69 16139 8469
BUY 83 5043 22083
BUY 22 11316 16522
BUY 56 11627 13656
BUY 94 9315 12694
BUY 85 8584 8385
BUY 44 8252 844
BUY 20 13596 18120
BUY 39 6218 5239
BUY 53 11651 6953
BUY 96 17578 12096
BUY 30 12113 16630
BUY 24 5847 21724
BUY 11 10336 11811
BUY 50 3990 20150
BUY 50 8552 4350
BUY 27 3505 14927
BUY 6 14168 9406
BUY 28 8163 20128
BUY 69 18562 5169
BUY 47 5657 19747
BUY 99 10094 19099
BUY 38 1574 25538
BUY 13 10948 5313
BUY 55 7738 11855
BUY 54 13842 20754
BUY 40 10722 24840
BUY 64 10363 14564
BUY 78 10972 19978
BUY 52 7301 12552
BUY 63 4454 8163
BUY 40 9955 13940
BUY 81 17686 22081
BUY 23 8739 21223
BUY 81 8781 3981
BUY 26 9400 13426
BUY 34 15591 9234
BUY 74 5815 8574
BUY 22 14877 8422
BUY 58 14438 2958
BUY 77 5514 6777
BUY 79 18584 1479
BUY 71 13735 12971
BUY 79 8574 24079
BUY 98 14285 13798
BUY 45 18584 10945
BUY 60 11919 11360
BUY 53 19505 22953
BUY 89 10163 23289
BUY 66 16572 17266
BUY 3 15245 3903
BUY 34 2349 10834
BUY 20 7400 8320
BUY 25 12541 12725
BUY 73 381 8273
BUY 85 2595 21185
BUY 94 17389 6194
BUY 41 16401 4041
BUY 11 15069 11611
BUY 48 8762 7148
BUY 89 319 7389
BUY 90 1792 10490
BUY 35 4114 14935
BUY 37 10931 19237
BUY 93 12541 3693
BUY 61 16572 14861
BUY 72 5533 3072
BUY 67 17605 13367
BUY 74 1560 24274
BUY 47 13596 9047
BUY 81 2649 1281
BUY 24 10044 14324
BUY 72 7241 15672
BUY 44 12113 244
BUY 20 11610 23720
BUY 26 19681 12626
BUY 18 11118 9718
BUY 32 101 15232
BUY 1 13493 3701
BUY 60 5369 25260
BUY 92 8222 3292
BUY 77 11842 25577
BUY 95 10295 21795
BUY 28 2953 5528
BUY 52 5815 20152
BUY 98 8123 14498
BUY 58 16782 2058
BUY 29 12924 21829
BUY 66 9610 3566
BUY 12 12697 8212
BUY 32 18009 21332
BUY 96 10009 11496
BUY 78 4286 18578
BUY 48 3505 9948
BUY 50 3597 25650
BUY 61 19937 9161
BUY 76 1217 18976
BUY 10 7177 14610
BUY 55 13765 13555
BUY 60 4986 24660
BUY 82 2968 21182
BUY 46 9196 8846
BUY 7 3728 22807
BUY 51 11681 5651
BUY 9 19653 12509
BUY 54 4687 14654
BUY 43 14335 24543
BUY 25 2778 7125
BUY 45 11152 8745
BUY 36 15500 14236
BUY 5 8755 10505
BUY 73 1487 6473
BUY 35 12044 10235
BUY 69 13962 769
BUY 77 14006 14077
BUY 74 2693 17674
BUY 18 2564 10718
BUY 20 18998 4420
BUY 42 17765 25442
BUY 53 18785 13753
BUY 61 7556 20961
BUY 22 6547 11522
BUY 5 14890 7305
BUY 88 2245 7288
BUY 4 9743 17904
BUY 96 3659 15296
BUY 34 13493 12234
BUY 44 7139 17144
BUY 7 13325 22107
BUY 41 19937 16941
BUY 54 4950 10254
BUY 48 1996 18848
BUY 95 5173 2795
BUY 64 5471 21764
BUY 68 8922 24768
BUY 79 17099 25079
BUY 1 19479 9601
BUY 81 11441 21981
BUY 22 14168 14422
BUY 45 13800 1745
BUY 91 16857 3391
BUY 82 4482 17482
BUY 4 13735 9704
BUY 91 7640 2891
BUY 53 18866 4553
BUY 28 3032 22728
BUY 92 6142 14292
BUY 58 9009 7558
BUY 25 7035 20425
BUY 6 14773 4606
BUY 43 14291 15143
BUY 5 14002 10005
BUY 57 14793 9757
BUY 85 4433 12185
BUY 80 8123 780
BUY 62 12558 1662
BUY 6 2400 7806
BUY 66 8383 13266
BUY 18 10306 25118
BUY 40 3046 10940
BUY 79 721 8979
BUY 66 8755 16866
BUY 86 13292 9486
BUY 1 1230 21001
BUY 93 8082 25793
BUY 20 7614 13820
BUY 13 13146 6313
BUY 52 14104 552
BUY 80 8672 20880
BUY 90 101 17290
BUY 89 11179 16989
BUY 41 15778 10641
BUY 67 5348 13667
BUY 54 4613 1654
BUY 83 16935 20583
BUY 23 4331 8823
BUY 55 2258 4755
BUY 92 15419 13992
BUY 39 4719 10939
BUY 69 5255 13069
BUY 93 10581 7693
BUY 10 1828 22810
BUY 77 18489 12477
BUY 7 3097 21407
BUY 99 9287 5499
BUY 78 4433 7078
BUY 50 972 5150
BUY 13 10452 24313
BUY 75 497 10775
BUY 46 18209 46
BUY 55 156 2755
BUY 35 19644 6235
BUY 80 5775 180
BUY 70 8383 12970
BUY 19 11398 20819
BUY 7 5510 19507
BUY 19 967 11519
BUY 56 4789 14356
BUY 12 18537 812
BUY 79 19148 19679
BUY 3 18223 19303
BUY 22 7293 25822
BUY 91 16371 21991
BUY 20 1841 6220
BUY 56 16978 25556
BUY 48 13449 4448
BUY 97 127 11097
BUY 17 11323 25117
BUY 88 18046 4088
BUY 29 15419 4029
BUY 99 7035 13799
BUY 66 5064 17966
BUY 29 18766 24629
BUY 4 5075 7104
BUY 58 15097 24258
BUY 1 5137 13601
BUY 65 17213 20065
BUY 87 1215 24187
BUY 43 10741 10943
BUY 35 16816 24135
BUY 21 7658 3821
BUY 60 15401 25560
BUY 17 15600 22217
BUY 30 19588 24630
BUY 80 5804 20180
BUY 72 3882 1472
BUY 40 8448 2940
BUY 10 14793 18510
BUY 79 7038 21279
BUY 48 1536 5048
BUY 13 9112 25413
BUY 85 8312 13585
BUY 56 3863 19456
BUY 77 621 5577
BUY 72 6348 24172
BUY 67 3244 16867
BUY 93 15574 8593
BUY 31 8843 21131
BUY 99 6744 17599
BUY 43 10703 22043
BUY 24 7223 9924
BUY 54 53 12254
BUY 42 6506 6842
BUY 74 4904 2674
BUY 26 2671 25526
BUY 14 7174 22114
BUY 85 2564 12785
BUY 46 906 14746
BUY 46 10336 1346
BUY 66 10979 19866
BUY 27 17305 5827
BUY 37 16088 20437
BUY 68 16494 9668
BUY 34 372 19534
BUY 93 9095 18793
BUY 68 1557 16568
BUY 46 4816 22846
BUY 58 9435 21358
BUY 26 1735 10926
BUY 22 13842 10822
BUY 74 17097 19474
BUY 93 15545 7293
BUY 83 12903 15883
BUY 18 17387 7018
BUY 66 9940 16966
BUY 17 15284 13417
BUY 17 137 11717
BUY 5 9014 5205
BUY 60 5521 25860
BUY 3 7511 16303
BUY 34 2422 3934
BUY 83 17293 3183
BUY 13 2554 23713
BUY 0 8162 17400
BUY 48 6312 9848
BUY 30 15306 14630
BUY 7 18105 7007
BUY 92 5055 19792
BUY 93 1116 8893
BUY 1 8812 11901
BUY 78 9602 11178
BUY 82 5798 13282
BUY 35 1557 535
BUY 90 2442 4090
BUY 10 14299 25410
BUY 36 18375 11636
BUY 20 16542 22820
BUY 59 10762 10159
BUY 72 24 9972
BUY 35 10239 15935
BUY 38 7757 16538
BUY 78 11179 10578
BUY 3 11400 19703
BUY 36 14915 7636
BUY 87 6375 13487
BUY 54 16992 9754
BUY 7 11343 8407
BUY 48 17563 19548
BUY 1 6744 17201
BUY 12 521 21712
BUY 13 12904 8113
BUY 54 19602 5054
BUY 70 622 5370
BUY 27 8395 23327
BUY 66 8598 18166
BUY 61 9278 20661
BUY 95 18768 22995
BUY 42 11912 16742
BUY 50 6635 22850
BUY 43 6709 20843
BUY 80 2785 21580
BUY 91 3894 6391
BUY 50 13447 18150
BUY 93 12954 7393
BUY 33 7179 22333
BUY 22 2403 14922
BUY 58 18527 22258
BUY 25 7911 3525
BUY 80 4392 13680
BUY 91 9284 22591
BUY 65 17150 23465
BUY 58 14987 24658
BUY 78 2204 10278
BUY 66 6183 21666
BUY 85 12898 12085
BUY 52 16088 2252
BUY 28 9630 20828
BUY 55 12773 4355
BUY 54 1864 4754
BUY 48 5392 8848
BUY 88 2184 19488
BUY 46 3511 7746
BUY 79 12138 9379
BUY 55 9548 17355
BUY 62 9278 2262
BUY 23 11802 17423
BUY 14 2674 12014
BUY 69 3990 1469
BUY 69 8518 4469
BUY 71 19408 12771
BUY 44 6103 25844
BUY 86 15306 8186
BUY 6 6007 8706
BUY 89 3637 11189
BUY 74 19017 7174
BUY 62 11421 11062
BUY 35 2649 1035
BUY 17 346 25417
BUY 83 15024 13983
BUY 21 11241 12121
BUY 73 18489 14273
BUY 9 15815 10209
BUY 24 9610 15124
BUY 91 6840 9191
BUY 67 5386 22267
BUY 67 7177 967
BUY 19 1457 24319
BUY 73 4782 24873
BUY 0 13834 16200
BUY 97 12781 7097
BUY 83 5296 383
BUY 65 6752 65
BUY 74 12898 11074
BUY 38 18492 3138
BUY 15 19493 10015
BUY 34 16103 25234
BUY 21 8726 24721
BUY 78 24 12978
BUY 63 2482 21563
BUY 4 6218 13804
BUY 22 8222 4522
BUY 13 3773 21313
BUY 92 9278 10292
BUY 98 3505 2098
BUY 9 7738 9409
BUY 13 14285 16013
BUY 45 19818 10545
BUY 82 12291 24382
BUY 69 5055 169
BUY 47 19664 8247
BUY 89 7792 4489
BUY 27 6936 8427
BUY 21 8874 19321
BUY 38 2866 8738
BUY 98 18162 12498
BUY 42 2583 7742
BUY 67 13520 11767
BUY 54 2193 25554
BUY 54 2869 24154
BUY 59 2392 11659
BUY 19 2199 6519
BUY 49 7278 9049
BUY 5 12378 4405
BUY 49 7223 17849
BUY 27 374 14227
BUY 78 18097 24078
BUY 63 12455 863
BUY 52 6983 2752
BUY 87 6936 12287
BUY 0 3636 18800
BUY 69 9004 23769
BUY 27 11938 527
BUY 45 19901 2045
BUY 41 232 23241
BUY 72 7563 4872
BUY 2 1792 14902
BUY 60 16541 3160
BUY 37 18841 937
BUY 36 19882 20236
BUY 68 10580 10768
BUY 3 13845 6103
BUY 79 8781 3679
BUY 86 6373 15086
BUY 56 2087 6256
BUY 32 15574 10032
BUY 95 12540 25295
BUY 31 7145 12931
BUY 97 17884 16897
BUY 66 12738 11466
BUY 78 2373 15278
BUY 86 14002 4486
BUY 91 9057 23491
BUY 6 5676 22906
BUY 26 8817 11326
BUY 94 7373 13094
BUY 76 10959 776
BUY 70 12637 18570
BUY 19 14498 6019
BUY 64 18089 20964
BUY 57 3636 1357
BUY 83 18332 23983
BUY 34 15399 11634
BUY 99 4670 5899
BUY 85 7614 19585
BUY 49 16320 2749
BUY 66 9548 666
BUY 94 13197 23494
BUY 25 19781 18625
BUY 10 3226 13110
BUY 55 5322 24955
BUY 99 16106 19199
BUY 82 14909 10482
BUY 42 17627 17942
BUY 4 6607 904
BUY 83 6472 9383
BUY 47 6443 11647
BUY 71 8547 25471
BUY 81 774 21481
BUY 47 7249 11247
BUY 42 14657 12042
BUY 71 17084 21871
BUY 52 12826 14452
BUY 10 7801 9710
BUY 35 15306 17235
BUY 57 830 10557
BUY 0 621 4800
BUY 92 17603 4492
BUY 51 14461 8551
BUY 54 19571 23854
BUY 98 15250 1198
BUY 77 926 6677
BUY 86 11772 18586
BUY 52 2382 20752
BUY 39 1792 5939
BUY 14 15277 22414
BUY 51 7385 15551
BUY 96 4719 3296
BUY 19 3018 11019
BUY 12 5544 14812
BUY 6 6646 19806
BUY 41 2692 21941
BUY 85 8299 16185
BUY 98 14793 198
BUY 11 4556 25311
BUY 76 16696 14276
BUY 12 1611 20612
BUY 62 12781 14262
BUY 97 16840 5797
BUY 25 16490 19025
BUY 3 13459 20103
BUY 51 11681 7351
BUY 90 155 19890
BUY 90 2816 1490
BUY 18 8764 22718
BUY 22 16128 20322
BUY 34 16078 20134
BUY 68 3349 21568
BUY 83 16857 11083
BUY 46 16740 22146
BUY 16 19866 8016
BUY 1 16984 11801
BUY 32 53 12732
BUY 94 1627 12994
BUY 99 4687 2899
BUY 60 2438 12960
BUY 80 13367 4580
BUY 95 17810 19195
BUY 15 15815 3415
BUY 1 7145 7601
BUY 92 11118 16992
BUY 14 14002 13514
BUY 85 5209 17385
BUY 54 16640 20254
BUY 35 16374 6935
BUY 16 12963 12916
BUY 76 3650 9376
BUY 48 1468 8448
BUY 50 6218 17550
BUY 14 4059 4914
BUY 23 17145 2123
BUY 48 8331 20748
BUY 49 9046 25149
BUY 73 2649 9573
BUY 53 14291 18253
BUY 86 4455 3486
BUY 33 16130 24133
BUY 17 13493 1617
BUY 75 15110 20075
BUY 50 15882 7950
BUY 53 13852 4853
BUY 91 18866 3291
BUY 19 6911 15119
BUY 22 19828 11222
BUY 11 17246 12611
BUY 74 4711 4774
BUY 0 6983 13300
BUY 90 2258 9690
BUY 45 10898 24545
BUY 85 2531 14185
BUY 82 7035 16082
BUY 98 15706 24598
BUY 72 16640 15572
BUY 44 13245 11844
BUY 95 6506 9895
BUY 64 14006 15164
BUY 99 18242 4499
BUY 80 16693 23780
BUY 58 6472 15858
BUY 60 704 20860
BUY 37 4711 18337
BUY 16 261 19316
BUY 36 13075 25936
BUY 75 7400 2475
BUY 71 13787 12471
BUY 56 4999 5656
BUY 45 8163 1545
BUY 87 7754 3787
BUY 56 12278 756
BUY 86 18223 19286
BUY 19 19179 22919
BUY 28 3732 25028
BUY 93 2058 8093
BUY 84 16696 7784
BUY 70 2149 8570
BUY 10 6218 3510
BUY 63 9336 5063
BUY 88 11152 16688
BUY 58 3158 21258
BUY 81 2501 10281
BUY 20 17467 7220
BUY 48 13561 22948
BUY 7 9613 4507
BUY 93 14915 4093
BUY 73 11851 7773
BUY 87 384 23387
BUY 86 497 12586
BUY 54 9327 16954
BUY 5 3867 5305
BUY 83 16309 5983
BUY 4 16028 6104
BUY 64 5725 10664
BUY 90 6818 4490
BUY 21 1103 19521
BUY 16 6813 21316
BUY 25 16802 14825
BUY 26 9866 7326
BUY 2 13953 14202
BUY 28 2866 9328
BUY 85 13642 11085
BUY 30 14143 16430
BUY 4 14798 14804
BUY 94 9176 8194
BUY 40 15560 14140
BUY 0 2584 25900
BUY 24 11258 14224
BUY 63 16958 8563
BUY 40 13834 11040
BUY 84 8812 8284
BUY 95 7249 8895
BUY 24 1127 2224
BUY 6 3863 13606
BUY 12 12826 8712
BUY 55 3867 755
BUY 85 18600 13985
BUY 11 14484 15011
BUY 55 16633 8355
BUY 27 11992 5127
BUY 68 1217 12868
BUY 84 1969 24484
BUY 69 16067 21869
BUY 75 16771 23275
BUY 44 7278 12944
BUY 12 3009 1112
BUY 1 12050 2501
BUY 93 441 9693
BUY 35 16802 15035
BUY 89 6876 9889
BUY 9 12250 18509
BUY 15 14373 11315
BUY 57 13448 15257
BUY 6 3990 4706
BUY 99 5459 4299
BUY 28 7249 5128
BUY 47 6525 14547
BUY 78 9743 19078
BUY 58 3185 9058
BUY 72 6823 16472
BUY 14 19239 19014
BUY 14 4683 2414
BUY 58 17435 18258
BUY 19 10315 21219
BUY 13 9287 8213
BUY 12 13765 9612
BUY 92 6769 292
BUY 72 9817 25672
BUY 64 3741 23964
BUY 38 14484 138
BUY 45 5119 6845
BUY 64 1978 17864
BUY 69 3489 5469
BUY 41 4229 17241
BUY 93 255 10293
BUY 86 6823 19086
BUY 10 4455 14010
BUY 13 4433 6413
BUY 61 9940 2861
BUY 41 9613 12641
BUY 0 14934 9600
BUY 40 9205 18740
BUY 64 13493 12464
BUY 53 17060 13353
BUY 50 10176 9150
BUY 49 7763 20949
BUY 53 8105 7353
BUY 43 3241 19843
BUY 37 11948 16637
BUY 85 17060 9085
BUY 77 19716 20477
BUY 98 7618 2998
BUY 11 8162 16511
BUY 31 17467 16031
BUY 24 19901 11724
BUY 14 5064 20714
BUY 57 12664 10857
BUY 64 12679 8664
BUY 87 11316 19187
BUY 93 8803 7493
BUY 24 5075 11524
BUY 79 11482 18279
BUY 3 6607 9503
BUY 55 11143 12355
BUY 34 4227 9834
BUY 54 17789 8954
BUY 15 19479 8915
BUY 11 9866 1311
BUY 28 6314 1928
BUY 14 13009 8414
BUY 4 17938 9104
BUY 66 10701 23366
BUY 71 1627 7671
BUY 29 7563 16629
BUY 63 17387 15463
BUY 44 18162 18944
BUY 88 16034 12388
BUY 30 15100 11830
BUY 27 15617 8827
BUY 73 12664 11273
BUY 22 2792 20522
BUY 48 5028 24048
BUY 62 4568 12662
BUY 31 16984 13631
BUY 39 19418 23139
BUY 88 16560 14288
BUY 86 10323 6986
BUY 30 17274 23330
BUY 81 16114 6581
BUY 28 5699 23528
BUY 8 10489 24908
BUY 90 1606 2190
BUY 5 10423 16605
BUY 74 18482 14274
BUY 6 12515 16506
BUY 93 18159 3893
BUY 51 240 17751
BUY 93 3388 22693
BUY 78 3516 1178
BUY 75 19201 4575
BUY 90 16419 12790
BUY 85 18018 4985
BUY 26 12643 10126
BUY 12 7604 14612
BUY 76 11004 3976
BUY 58 15406 12158
BUY 19 12573 6319
BUY 43 14811 8243
BUY 67 15752 8767
BUY 61 11919 12961
BUY 80 9997 8080
BUY 61 17115 561
BUY 72 2342 16372
BUY 49 14054 24749
BUY 40 3303 22040
BUY 53 17448 7253
BUY 58 18671 22758
BUY 52 4381 22952
BUY 94 13563 17994
BUY 78 5366 11078
BUY 89 19148 6089
BUY 59 15350 6559
BUY 50 13448 5350
BUY 75 14848 16975
BUY 75 9763 23375
BUY 14 13009 15914
BUY 99 19894 9199
BUY 35 18847 17535
BUY 13 2400 15913
BUY 8 5419 21808
BUY 74 6470 2374
BUY 25 17851 20825
BUY 61 5947 16761
BUY 15 10774 2315
BUY 38 16034 12638
BUY 17 15574 5717
BUY 31 18571 11231
BUY 65 17503 24565
BUY 79 9829 6579
BUY 86 15785 2786
BUY 46 15505 6146
BUY 72 2349 11472
BUY 18 1104 18
BUY 98 12272 8798
BUY 79 9576 5879
BUY 34 18864 4134
BUY 9 16940 25409
BUY 73 4306 473
BUY 93 1792 10893
BUY 14 19621 12314
BUY 64 15053 3464
BUY 40 2868 17540
BUY 39 7241 539
BUY 17 8222 18417
BUY 9 11912 16609
BUY 20 15053 20220
BUY 9 14291 19509
BUY 8 4745 3908
BUY 42 4286 19742
BUY 78 9014 12478
BUY 18 2655 10218
BUY 19 755 10919
BUY 3 18492 12403
BUY 96 1533 21096
BUY 81 2149 15181
BUY 45 13596 9245
BUY 39 11000 25639
BUY 90 8762 4890
BUY 49 16200 19349
BUY 40 15063 24040
BUY 5 4296 5105
BUY 8 2476 5608
BUY 50 12002 23550
BUY 38 8595 25238
BUY 21 14076 16721
BUY 37 8716 23937
BUY 46 4612 25146
BUY 64 16703 22464
BUY 65 3659 17965
BUY 71 5366 1971
BUY 34 5944 14234
BUY 37 11627 18837
BUY 22 11651 7022
BUY 80 16008 18880
BUY 42 14926 1042
BUY 61 17551 22061
BUY 13 9530 113
BUY 17 11482 6317
BUY 63 19772 9063
BUY 86 1563 23286
BUY 43 16619 11143
BUY 33 18407 3233
BUY 11 7754 16311
BUY 89 7278 7489
BUY 76 9610 10676
BUY 35 19781 14135
BUY 84 18167 22184
BUY 26 436 22526
BUY 39 4969 3939
BUY 79 3894 5079
BUY 0 16386 21100
BUY 70 3511 1070
BUY 48 17603 3148
BUY 52 18413 2852
BUY 75 17810 11175
BUY 77 19772 8477
BUY 31 11380 10631
BUY 70 19479 4070
BUY 6 381 11306
BUY 1 5679 21701
BUY 36 12272 8036
BUY 12 6261 18912
BUY 7 3226 207
BUY 56 4300 17956
BUY 84 17246 20584
BUY 17 15397 12617
BUY 29 14291 15929
BUY 78 14793 19478
BUY 7 14733 4807
BUY 49 15781 6249
BUY 79 17433 15779
BUY 29 7989 10429
BUY 24 3516 13824
BUY 74 12664 11474
BUY 83 13170 14983
BUY 11 11025 21111
BUY 80 898 8980
BUY 52 19644 13552
BUY 89 12831 11989
BUY 99 2868 19599
BUY 16 10885 13616
BUY 54 10009 16654
BUY 95 4455 13395
BUY 75 14915 4075
BUY 53 14500 8253
BUY 53 18288 2853
BUY 20 10336 10220
BUY 39 4357 20239
BUY 83 63 7183
BUY 14 2866 4314
BUY 28 10434 7728
BUY 53 10597 25553
BUY 93 10035 21293
BUY 46 7614 9446
BUY 45 368 22945
BUY 22 9613 7722
BUY 44 717 25344
BUY 58 19254 25358
BUY 42 4300 7942
BUY 62 16374 11962
BUY 5 15071 5905
BUY 52 4331 9852
BUY 42 7350 22042
BUY 43 7619 18443
BUY 41 14530 14941
BUY 31 16507 25331
BUY 83 1176 25483
BUY 58 8275 17258
BUY 74 137 18074
BUY 80 14508 12280
BUY 76 10909 20676
BUY 36 2288 12736
BUY 50 2833 3050
BUY 26 11409 21526
BUY 83 7400 15483
BUY 99 3636 4199
BUY 1 14815 20901
BUY 64 16106 13764
BUY 29 10243 11529
BUY 85 3218 22685
BUY 56 7785 22856
BUY 43 8539 16543
BUY 60 13520 1860
BUY 35 18184 13635
BUY 81 13756 16681
BUY 92 1116 7692
BUY 91 9352 5791
BUY 0 2892 1700
BUY 23 3466 5123
BUY 8 6668 25408
BUY 49 17647 5049
BUY 74 5522 22674
BUY 37 849 20937
BUY 52 14006 18752
BUY 28 6061 6228
BUY 4 13409 15404
BUY 77 12496 18777
BUY 41 9511 12241
BUY 84 11647 10184
BUY 16 7991 22516
BUY 67 2058 15167
BUY 16 9014 1016
BUY 46 12832 21546
BUY 16 17305 5416
BUY 7 12529 22507
BUY 36 9671 10536
BUY 17 621 1817
BUY 93 19839 22093
BUY 78 2521 4478
BUY 14 12323 25614
BUY 88 5338 1588
BUY 39 17389 9139
BUY 52 15371 25252
BUY 42 18444 18242
BUY 88 1990 15488
BUY 24 4683 4824
BUY 20 6923 25820
BUY 31 10774 9231
BUY 88 15752 3488
BUY 80 11391 10280
BUY 14 7087 17214
BUY 82 17356 7682
BUY 34 8892 22134
BUY 8 16541 7108
BUY 83 11690 11183
BUY 39 7989 16739
BUY 46 2392 7346
BUY 54 4331 7054
BUY 21 19436 10221
BUY 32 12541 32
BUY 59 4969 9659
BUY 93 10306 25693
BUY 91 14461 16791
BUY 93 4286 8493
BUY 65 17728 9865
BUY 88 9095 10988
BUY 48 3466 20448
BUY 48 4806 21448
BUY 96 14064 6096
BUY 51 876 25351
BUY 41 2392 3341
BUY 46 9611 3746
BUY 92 8157 25692
BUY 71 11391 14471
BUY 90 5935 19690
BUY 24 18413 7424
BUY 83 14104 7083
BUY 5 14438 16405
BUY 51 19602 19051
BUY 30 11912 12530
BUY 4 15284 14504
BUY 65 11938 6965
BUY 72 6279 16572
BUY 69 17467 7269
BUY 96 17336 23396
BUY 33 16139 19133
BUY 25 12781 18525
BUY 40 18112 14840
BUY 44 13015 11144
BUY 97 6141 22497
BUY 59 8052 18759
BUY 45 15867 8645
BUY 86 10885 17286
BUY 74 17984 19774
BUY 82 8552 4982
BUY 14 11681 15414
BUY 63 2953 9163
BUY 37 2792 7237
BUY 33 18581 23333
BUY 32 15784 22432
BUY 23 14508 18123
BUY 33 127 11233
BUY 73 14115 7573
BUY 19 7820 17219
BUY 40 4880 24440
BUY 80 13409 17580
BUY 95 2816 5295
BUY 75 14868 21975
BUY 46 16224 18546
BUY 55 4563 17755
BUY 2 3071 3602
BUY 60 13120 21460
BUY 49 898 12449
BUY 35 19980 19035
BUY 67 5510 13167
BUY 74 10580 9174
BUY 69 9796 22269
BUY 38 19778 6338
BUY 17 10009 20417
BUY 94 2674 18794
BUY 26 18444 11526
BUY 21 17188 7121
BUY 16 7146 25616
BUY 43 12963 16343
BUY 15 18866 17315
BUY 27 9327 12927
BUY 17 3498 23817
BUY 52 12262 19252
BUY 93 6973 8693
BUY 90 12044 14190
BUY 49 18998 15749
BUY 24 13930 3724
BUY 78 10844 1278
BUY 66 1943 16366
BUY 48 14438 14948
BUY 24 12431 9724
BUY 59 3863 10659
BUY 61 19320 16461
BUY 48 622 2448
BUY 46 17448 20746
BUY 93 1627 1993
BUY 59 16200 359
BUY 57 10519 14457
BUY 75 17145 5875
BUY 11 12467 21611
BUY 23 6372 6523
BUY 0 4306 14400
BUY 58 16490 4958
BUY 17 65 2417
BUY 77 18482 20777
BUY 73 13409 7073
BUY 56 9743 5456
BUY 23 10210 21923
BUY 30 15500 3330
BUY 75 2149 1875
BUY 63 3197 6663
BUY 16 13735 16916
BUY 41 17188 6441
BUY 33 19901 13233
BUY 45 9473 1945
BUY 88 5209 14488
BUY 87 1996 20687
BUY 8 11700 19008
BUY 54 11032 2354
BUY 6 17984 13106
BUY 64 19530 17764
BUY 51 4218 25951
BUY 32 10430 25332
BUY 52 14285 18952
BUY 8 2288 2608
BUY 51 1557 18651
BUY 75 2586 6075
BUY 94 11241 8094
BUY 49 12510 2349
BUY 62 14500 4362
BUY 10 12643 16310
BUY 12 13245 16112
BUY 73 3379 12973
BUY 87 18666 24887
BUY 29 19764 18229
BUY 57 5392 13457
BUY 35 4563 12235
BUY 20 823 12620
BUY 65 2476 5165
BUY 27 15399 14727
BUY 12 1990 1712
BUY 10 7884 13610
BUY 59 3016 25359
BUY 57 2768 257
BUY 21 17938 2721
BUY 9 10176 1209
BUY 74 4663 17274
BUY 74 6936 874
BUY 75 13015 11375
BUY 28 4477 6928
BUY 94 9025 23994
BUY 94 12331 22794
BUY 14 18562 6314
BUY 71 6007 5771
BUY 75 4296 17575
BUY 7 5855 23407
BUY 92 803 16492
BUY 62 15399 18162
BUY 32 2779 632
BUY 74 16802 4474
BUY 55 7517 22355
BUY 58 3466 10058
BUY 69 9095 4769
BUY 1 1104 13501
BUY 65 19656 17065
BUY 83 19064 7783
BUY 70 2288 570
BUY 97 11724 25697
BUY 93 11681 8793
BUY 34 6023 11234
BUY 25 14323 24425
BUY 50 8598 18550
BUY 89 14877 16889
BUY 48 2892 6048
BUY 94 6632 594
BUY 53 19732 7953
BUY 29 16088 13929
BUY 38 16984 19338
BUY 8 19168 408
BUY 64 10821 16864
BUY 71 3598 9571
BUY 93 2953 793
BUY 20 1611 11420
BUY 33 4918 23533
BUY 2 7496 24202
BUY 42 15688 24342
BUY 83 19391 3883
BUY 34 1646 17234
BUY 13 16878 3213
BUY 63 6862 18663
BUY 72 4568 1672
BUY 50 553 4550
BUY 6 16296 14906
BUY 83 11338 25083
BUY 58 4036 25658
BUY 78 12971 23778
BUY 13 4838 16113
BUY 77 4319 3377
BUY 4 255 15904
BUY 63 2655 14563
BUY 97 10580 13297
BUY 10 18386 21210
BUY 52 8448 10052
BUY 18 11967 16618
BUY 4 4747 22704
BUY 14 5984 22914
BUY 82 5909 22782
BUY 91 14388 23291
BUY 5 12541 20105
BUY 62 1127 6662
BUY 67 13852 13267
BUY 66 16114 2166
BUY 61 1643 11661
BUY 56 8539 14156
BUY 22 13074 6222
BUY 44 7658 14344
BUY 46 7282 25846
BUY 10 2442 1310
BUY 16 9352 216
BUY 58 15407 3558
BUY 85 18184 10285
BUY 98 19349 9498
BUY 85 18112 18685
BUY 69 6973 18969
BUY 30 3505 14430
BUY 28 2245 14028
BUY 71 4601 671
BUY 18 12781 7918
BUY 12 7139 1812
BUY 56 10363 18756
BUY 20 7177 5120
BUY 98 11369 14598
BUY 69 65 6669
BUY 64 1792 12364
BUY 38 13250 25138
BUY 19 15244 7919
BUY 36 13172 1136
BUY 93 5780 8293
BUY 52 7801 17752
BUY 18 10434 8018
BUY 49 18704 22849
BUY 72 18953 3572
BUY 98 18982 9398
BUY 41 19980 18241
BUY 76 8438 25876
BUY 48 10948 12548
BUY 85 18844 25185
BUY 52 18202 23952
BUY 19 6900 19319
BUY 32 6261 13432
BUY 87 17060 13087
BUY 33 19894 15933
BUY 43 18184 18143
BUY 52 8037 21852
BUY 81 9400 13281
BUY 63 5296 19963
BUY 66 6525 7366
BUY 73 16078 2373
BUY 58 6973 13658
BUY 22 19391 14322
BUY 83 17246 18083
BUY 71 11316 3371
BUY 29 2400 11929
BUY 42 509 8542
BUY 71 5311 25071
BUY 75 271 22675
BUY 93 11421 18093
BUY 17 255 2117
BUY 32 18286 25132
BUY 81 7139 10181
BUY 55 9377 1655
BUY 89 19177 25489
BUY 67 755 2667
BUY 53 4059 2653
BUY 98 13367 798
BUY 71 15806 9671
BUY 40 4821 21140
BUY 56 6734 13956
BUY 63 19937 20263
BUY 75 4357 275
BUY 23 7820 18723
BUY 75 16619 3375
BUY 91 15244 14991
BUY 17 11482 13917
BUY 21 3817 15321
BUY 17 14909 4817
BUY 0 7591 25300
BUY 69 11380 7769
BUY 86 18571 9386
BUY 65 13756 19065
BUY 36 17135 10636
BUY 31 12533 23131
BUY 0 16374 300
BUY 67 6375 14567
BUY 89 6823 5089
BUY 15 4510 24115
BUY 48 9511 12948
BUY 56 19932 256
BUY 74 17305 11774
BUY 16 8331 18916
BUY 26 7400 17826
BUY 57 11116 5057
BUY 85 1978 15885
BUY 51 7619 851
BUY 48 7884 8748
BUY 53 14230 25153
BUY 5 3933 3605
BUY 84 15652 15684
BUY 25 12541 6325
BUY 74 18074 1074
BUY 25 18375 12525
BUY 53 7084 7753
BUY 27 122 12727
BUY 94 9378 24594
BUY 3 15324 1203
BUY 22 16782 20622
BUY 53 19221 14953
BUY 66 17246 1266
BUY 40 19408 13640
BUY 36 17526 6236
BUY 85 19245 5185
BUY 74 2866 9474
BUY 52 10909 19852
BUY 25 11032 8625
BUY 10 11943 23710
BUY 12 2095 9412
BUY 0 830 16000
BUY 85 1358 24785
BUY 76 15419 1876
BUY 74 10437 23274
BUY 22 19965 22622
BUY 26 63 526
BUY 81 10227 13881
BUY 72 11133 24972
BUY 90 255 5990
BUY 53 11145 17153
BUY 68 19530 18268
BUY 7 13573 23507
BUY 1 7125 24501
BUY 41 6284 23941
BUY 65 3221 7965
BUY 15 4229 13415
BUY 77 10741 13677
BUY 8 5944 20308
BUY 0 17279 21800
BUY 12 8880 12912
BUY 48 19882 18748
BUY 98 11391 3298
BUY 5 6218 20705
BUY 37 14541 25037
BUY 72 6184 22572
BUY 11 5119 5011
BUY 10 4601 8210
BUY 90 8162 7190
BUY 71 9103 1571
BUY 48 10176 6548
BUY 34 6470 4334
BUY 6 16032 11706
BUY 16 1990 15416
BUY 96 5294 3196
BUY 78 8204 9978
BUY 50 3071 9350
BUY 78 6406 13178
BUY 64 13842 9964
BUY 63 7145 16463
BUY 98 6541 21498
BUY 71 3698 4671
BUY 56 14651 21356
BUY 88 9746 20888
BUY 59 15815 19559
BUY 42 18953 4342
BUY 7 11992 7307
BUY 93 5780 3293
BUY 11 3933 13811
BUY 2 15306 17202
BUY 76 620 17676
BUY 43 3516 9143
BUY 49 6876 14049
BUY 42 377 9342
BUY 52 19901 10452
BUY 4 14498 1804
BUY 58 15738 25558
BUY 35 8817 2035
BUY 13 12637 18813
BUY 14 261 12614
BUY 56 17387 15556
BUY 26 12586 15326
BUY 26 9743 17626
BUY 53 14848 14453
BUY 55 11666 1255
BUY 75 11179 20375
BUY 35 13852 9335
BUY 97 17305 18797
BUY 41 6342 22041
BUY 48 18430 1748
BUY 4 13852 14704
BUY 34 13953 19334
BUY 91 553 17791
BUY 61 11369 12061
BUY 9 3001 18709
BUY 48 14115 348
BUY 4 3226 6704
BUY 0 17395 21000
BUY 33 18492 8133
BUY 19 9844 4219
BUY 73 18105 16273
BUY 52 2525 24952
BUY 26 16694 6126
BUY 60 13217 23760
BUY 10 6623 21310
BUY 11 4276 6311
BUY 61 10931 18461
BUY 50 3379 8050
BUY 74 16857 19274
BUY 25 17404 7425
BUY 10 12586 7510
BUY 95 1103 3595
BUY 1 6525 7401
BUY 69 14373 5569
BUY 77 5944 19677
BUY 63 80 23863
BUY 40 2926 25740
BUY 73 17097 17773
BUY 18 13998 8618
BUY 53 18919 24953
BUY 83 11651 7383
BUY 14 17493 24214
BUY 32 5821 7332
BUY 55 13921 21155
BUY 72 3018 14572
BUY 40 4878 21740
BUY 13 13292 8913
BUY 85 5609 13485
BUY 51 3164 22651
BUY 42 16308 6442
BUY 1 10239 12301
BUY 58 6279 5458
BUY 50 5800 11650
BUY 44 11985 11544
BUY 94 17266 2894
BUY 99 3241 1999
BUY 94 12251 16194
BUY 36 155 5036
BUY 84 16728 15384
BUY 92 2586 18292
BUY 71 17246 2871
BUY 33 13205 25533
BUY 56 3894 17856
BUY 44 13479 11244
BUY 49 13596 18549
BUY 47 2678 24447
BUY 64 6470 14364
BUY 69 15244 16069
BUY 10 11548 4610
BUY 56 6279 18156
BUY 87 18533 9387
BUY 5 4568 10805
BUY 71 16479 22271
BUY 88 15479 23688
BUY 80 4564 23080
BUY 63 13157 5663
BUY 99 12250 12099
BUY 7 53 11307
BUY 98 16034 5098
BUY 37 13447 20737
BUY 94 934 17294
BUY 83 18732 20983
BUY 46 3241 3946
BUY 34 10044 14934
BUY 45 8559 24145
BUY 86 19245 17886
BUY 30 7989 8330
BUY 60 2881 22860
BUY 85 4331 18985
BUY 14 15024 1514
BUY 48 6911 18048
BUY 97 12332 12197
BUY 69 13852 15669
BUY 3 1553 14703
BUY 79 9707 21679
BUY 43 19736 10543
BUY 89 14086 2389
BUY 43 19906 8043
BUY 3 1544 14503
BUY 8 10243 7508
BUY 55 8448 17655
BUY 5 4197 14905
BUY 91 12431 17591
BUY 10 9272 25310
BUY 19 12250 19219
BUY 66 17341 6366
BUY 80 14461 9480
BUY 45 9743 9945
BUY 91 6279 9591
BUY 78 8832 878
BUY 35 12044 4535
BUY 0 9049 23400
BUY 32 10874 24732
BUY 13 2172 9813
BUY 36 2392 19436
BUY 34 8518 6734
BUY 69 17043 22669
BUY 46 17723 25046
BUY 98 2028 15598
BUY 79 12262 1579
BUY 96 7884 7896
BUY 59 11048 9159
BUY 58 261 10258
BUY 2 19804 20502
BUY 92 11881 16592
BUY 32 2826 16532
BUY 23 8052 13023
BUY 54 1847 14754
BUY 37 810 25937
BUY 59 10409 16559
BUY 59 823 12359
BUY 70 1326 23570
BUY 88 17266 6888
BUY 26 8398 22226
BUY 63 19789 8363
BUY 7 6930 21707
BUY 74 9613 4074
BUY 7 10394 6507
BUY 56 11143 14456
BUY 70 6926 24370
BUY 12 10902 19212
BUY 19 13367 1419
BUY 73 11048 14573
BUY 80 15867 1980
BUY 6 6973 20106
BUY 92 11071 16292
BUY 77 7114 23577
BUY 36 8216 6536
BUY 56 4838 3956
BUY 68 12073 23468
BUY 68 17838 16868
BUY 57 16078 17557
BUY 78 16802 15778
BUY 77 18660 23777
BUY 28 13493 15128
BUY 45 7035 6045
BUY 4 15785 6204
BUY 91 17578 4491
BUY 7 9287 5707
BUY 78 8331 8478
BUY 84 12496 15884
BUY 92 3388 21292
BUY 99 13245 3199
BUY 63 3659 15663
BUY 79 3909 24679
BUY 26 9671 20326
BUY 69 14923 13669
BUY 41 2087 14241
BUY 83 3505 1183
BUY 1 15029 10701
BUY 43 15806 13843
BUY 56 7989 15956
BUY 27 6876 16327
BUY 56 5918 20156
BUY 67 1847 67
BUY 84 2172 18784
BUY 45 6218 13845
BUY 63 18982 14363
BUY 34 19245 14734
BUY 97 4031 5697
BUY 50 2933 20750
BUY 40 8312 4340
BUY 53 16633 16853
BUY 49 4060 12349
BUY 43 3018 11843
BUY 31 18366 4431
BUY 97 5459 10497
BUY 97 16885 24597
BUY 2 11288 21702
BUY 6 15053 17606
BUY 34 12531 7634
BUY 6 8826 1006
BUY 11 3659 2011
BUY 98 14373 15098
BUY 69 8123 1769
BUY 55 17526 18855
BUY 57 11948 8357
BUY 92 3817 6192
BUY 37 2501 11737
BUY 7 4147 14007
BUY 97 372 15197
BUY 2 15566 25602
BUY 37 13998 16537
BUY 98 15478 24298
BUY 53 4454 19353
BUY 3 3803 21903
BUY 4 10176 8204
BUY 87 17603 2187
BUY 18 5029 24718
BUY 20 2792 8520
BUY 54 4159 23954
BUY 49 4929 5249
BUY 50 18255 1750
BUY 42 7977 23242
BUY 55 8817 13855
BUY 42 18720 23942
BUY 20 7084 20720
BUY 42 3629 11742
BUY 21 10645 5721
BUY 71 156 10771
BUY 47 15419 9147
BUY 79 2245 3579
BUY 13 7168 18413
BUY 7 13115 10407
BUY 99 4323 23599
BUY 96 2018 23296
BUY 63 17389 4463
BUY 70 15500 7170
BUY 62 1746 25262
BUY 21 18215 1821
BUY 61 15645 23561
BUY 48 12347 5648
BUY 51 553 12351
BUY 9 3284 809
BUY 56 6632 5256
BUY 56 1977 17556
BUY 18 11037 15618
BUY 43 4492 22643
BUY 34 4392 6134
BUY 91 16640 7091
BUY 4 19038 25804
BUY 20 14182 12520
BUY 85 6973 7085
BUY 32 11816 24632
BUY 2 6744 302
BUY 1 12044 16301
BUY 92 19932 11192
BUY 21 5797 10521
BUY 60 14728 23560
BUY 64 4174 25964
BUY 67 4969 19567
BUY 20 16234 16720
BUY 89 1051 21389
BUY 52 8414 7452
BUY 44 622 10544
BUY 86 4529 20886
BUY 24 2583 124
BUY 57 12587 21757
BUY 85 2851 685
BUY 71 8952 20371
BUY 88 5815 17888
BUY 33 1849 24533
BUY 40 14168 3040
BUY 59 13930 4359
BUY 95 6547 16495
BUY 34 12896 22034
BUY 72 9602 11372
BUY 82 3701 21682
BUY 34 11048 5734
BUY 81 16106 20781
BUY 91 12083 6491
BUY 51 15822 19951
BUY 75 6414 9475
BUY 94 13596 6494
BUY 82 2342 3282
BUY 25 17647 5525
BUY 84 1127 2384
BUY 75 12744 4175
BUY 75 11145 6375
BUY 49 4356 25749
BUY 48 13834 548
BUY 52 5904 23452
BUY 56 12086 23956
BUY 23 7478 10823
BUY 77 12637 6177
BUY 32 13930 4532
BUY 75 4197 9575
BUY 85 10821 585
BUY 3 1746 23003
BUY 8 19778 6208
BUY 44 15024 1444
BUY 7 10645 807
BUY 78 4744 25478
BUY 25 7754 12425
BUY 85 17802 2485
BUY 20 19452 14120
BUY 16 8598 5916
BUY 37 906 5037
BUY 31 4527 4131
BUY 86 15505 11186
BUY 73 13930 18173
BUY 94 4838 2594
BUY 84 17627 13184
BUY 40 9315 10540
BUY 94 876 25994
BUY 55 15432 25955
BUY 54 8252 16254
BUY 31 19644 16231
BUY 90 10741 6590
BUY 75 7718 22275
BUY 55 1229 19155
BUY 34 8584 3434
BUY 14 13642 16814
BUY 93 3538 25193
BUY 13 9785 15613
BUY 41 13596 8641
BUY 69 5900 21069
BUY 93 6414 1693
BUY 59 17404 5559
BUY 8 7754 4908
BUY 72 7618 16672
BUY 62 13642 13162
BUY 81 12904 7181
BUY 55 11690 6455
BUY 80 6312 10880
BUY 47 6437 21847
BUY 99 19772 17499
BUY 52 8383 11952
BUY 56 17341 13356
BUY 0 11755 1200
BUY 49 553 2449
BUY 54 9576 1954
BUY 69 19980 11669
BUY 95 4840 21295
BUY 31 19201 11331
BUY 39 4599 24339
BUY 7 10323 19907
BUY 3 11465 22803
BUY 30 4476 25630
BUY 83 18131 5283
BUY 83 19251 18183
BUY 67 17627 18367
BUY 42 11032 12942
BUY 58 2476 19358
BUY 0 865 10200
BUY 73 19071 16673
BUY 4 12455 12604
BUY 45 19320 18945
BUY 96 7128 22096
BUY 95 8697 16595
BUY 53 16078 12153
BUY 78 8414 13078
BUY 71 17305 11071
BUY 95 16419 10495
BUY 85 16782 1485
BUY 63 12697 8663
BUY 48 4123 13848
BUY 26 11627 1626
BUY 60 15032 21360
BUY 58 12662 18958
BUY 37 13845 3137
BUY 88 4019 10588
BUY 84 14657 1484
BUY 19 17534 21719
BUY 17 5725 10417
BUY 11 16840 7611
BUY 47 17627 2847
BUY 17 5576 18017
BUY 58 13735 13958
BUY 82 5947 13382
BUY 93 11293 13893
BUY 26 9024 9726
BUY 52 4711 8052
BUY 13 4734 1013
BUY 7 17727 9307
BUY 44 8144 25444
BUY 25 377 18325
BUY 27 934 19527
BUY 10 4482 11010
BUY 7 13087 24207
BUY 44 19006 22344
BUY 93 11159 22793
BUY 7 967 8607
BUY 96 12710 20596
BUY 59 19391 20559
BUY 25 8046 13025
BUY 65 14763 5865
BUY 81 15024 781
BUY 71 17341 1371
BUY 91 14989 25091
BUY 38 8222 19238
BUY 46 14530 8346
BUY 79 12541 9579
BUY 59 7348 19459
BUY 57 18584 13357
BUY 61 18375 5961
BUY 0 11037 1100
BUY 72 2043 4072
BUY 54 13948 11054
BUY 16 12935 24816
BUY 92 1792 2892
BUY 6 16127 5906
BUY 3 17275 6203
BUY 94 14285 13694
BUY 18 7168 19718
BUY 48 9176 848
BUY 3 1508 21503
BUY 45 16992 3545
BUY 54 15115 454
BUY 56 16280 12356
BUY 19 14471 15819
BUY 20 15087 3820
BUY 95 2899 25495
BUY 68 4392 1868
BUY 88 18353 21288
BUY 6 18162 19106
BUY 81 17387 2981
BUY 40 15779 25040
BUY 91 13479 8391
BUY 40 13015 9340
BUY 48 17387 18248
BUY 34 13449 4234
BUY 67 13292 20267
BUY 96 221 6996
BUY 97 15711 16797
BUY 51 6478 1251
BUY 31 12531 2431
BUY 24 1103 624
BUY 92 16728 12692
BUY 18 5815 14118
BUY 64 8598 19664
BUY 63 11241 3863
BUY 41 11118 8541
BUY 8 18160 2208
BUY 17 13513 23217
BUY 9 15306 11009
BUY 0 10365 23900
BUY 31 10255 9731
BUY 6 17504 7106
BUY 47 12710 20047
BUY 20 13452 24920
BUY 45 3121 6945
BUY 95 15785 13695
BUY 90 497 1890
BUY 40 5716 24640
BUY 48 11500 22348
BUY 46 18953 16346
BUY 73 19221 12873
BUY 65 16034 6865
BUY 43 8414 11743
BUY 64 10581 11564
BUY 90 6607 14290
BUY 33 18105 4233
BUY 70 7754 20470
BUY 95 15560 3295
BUY 93 2933 6293
BUY 36 7911 3636
BUY 17 2833 12317
BUY 33 18444 4533
BUY 16 12588 19616
BUY 2 13185 13602
BUY 24 11343 20724
BUY 57 9844 18657
BUY 52 11592 24852
BUY 31 457 6531
BUY 94 8331 2194
BUY 92 10902 11592
BUY 5 11540 4505
BUY 1 8781 10101
BUY 0 7139 7700
BUY 91 17703 21191
BUY 98 7385 5198
BUY 19 15505 17119
BUY 68 16802 1968
BUY 21 16568 1221
BUY 64 18492 19364
BUY 88 5366 14588
BUY 34 12108 10734
BUY 91 3892 25291
BUY 4 6632 4104
BUY 89 15419 16089
BUY 46 3933 8646
BUY 48 10948 14648
BUY 56 14626 3356
BUY 55 5333 23855
BUY 68 4147 8568
BUY 38 2674 2338
BUY 90 16078 19290
BUY 21 3286 23621
BUY 36 9940 2536
BUY 8 11802 10808
BUY 10 1606 1410
BUY 88 14657 11888
BUY 47 8926 947
BUY 88 1804 25788
BUY 2 13448 6902
BUY 22 5483 24322
BUY 49 9103 5549
BUY 25 3682 11425
BUY 47 19080 24347
BUY 97 12050 4697
BUY 7 18179 22407
BUY 91 16114 13791
BUY 16 9205 15016
BUY 73 16308 11173
BUY 61 15024 5061
BUY 73 18369 21273
BUY 2 513 22002
BUY 32 17938 13732
BUY 82 2764 25782
BUY 74 6142 13274
BUY 91 15111 24991
BUY 56 15815 856
BUY 34 11881 13634
BUY 95 19903 18095
BUY 74 11300 21974
BUY 9 3882 8409
BUY 98 14848 16598
BUY 32 19906 15432
BUY 34 13839 13834
BUY 35 18998 18735
BUY 57 2297 21557
BUY 91 6366 14791
BUY 70 9629 23770
BUY 79 17984 8579
BUY 44 14373 7544
BUY 30 4501 21630
BUY 42 12250 17442
BUY 9 14737 24309
BUY 55 7911 9655
BUY 1 1943 11201
BUY 50 13960 4850
BUY 48 9955 19048
BUY 83 16128 14483
BUY 2 13853 23102
BUY 65 3698 9465
BUY 26 7989 15026
BUY 49 13447 9749
BUY 61 6823 5861
BUY 33 16935 10933
BUY 27 9045 22827
BUY 51 967 8151
BUY 74 11482 8274
BUY 57 2541 24057
BUY 35 14811 8535
BUY 29 11666 14429
BUY 62 14115 9062
BUY 48 10959 5448
BUY 40 13845 15840
BUY 88 14129 23588
BUY 67 6312 19067
BUY 24 17439 21924
BUY 73 19391 673
BUY 47 8634 21147
BUY 99 8222 10699
BUY 62 2959 9762
BUY 89 2769 24989
BUY 1 16127 6001
BUY 35 4719 3935
BUY 33 9214 25833
BUY 62 16640 3762
BUY 38 8762 11638
BUY 5 13940 23905
BUY 30 19732 12730
BUY 6 4599 23606
BUY 91 17504 2991
BUY 52 6718 13952
BUY 55 19761 12155
BUY 58 19071 4658
BUY 11 18541 24111
BUY 48 14657 20648
BUY 70 14092 18470
BUY 93 19653 6593
BUY 71 19429 21371
BUY 30 17344 20330
BUY 7 5223 22307
BUY 52 11369 15152
BUY 49 11152 9249
BUY 68 8448 15368
BUY 56 7533 21656
BUY 17 2214 20717
BUY 85 11316 14485
BUY 3 17943 5103
BUY 92 4687 11892
BUY 23 3241 6323
BUY 50 2031 23850
BUY 16 11181 10416
BUY 97 19454 22797
BUY 84 16419 15584
BUY 57 13015 17957
BUY 26 12223 2226
BUY 82 1733 24182
BUY 29 11032 9929
BUY 26 17415 23226
BUY 84 53 12684
BUY 77 2095 4777
BUY 27 2792 6227
BUY 22 5055 10322
BUY 85 9262 7385
BUY 89 131 25789
BUY 39 12044 139
BUY 84 8762 1884
BUY 44 10289 7444
BUY 48 16078 9348
BUY 77 1088 22077
BUY 5 3018 13705
BUY 28 9986 14228
BUY 41 15406 10841
BUY 98 12431 10798
BUY 44 11627 6444
BUY 40 1611 17040
BUY 1 9095 7701
BUY 12 12496 19512
BUY 28 8584 7028
BUY 70 8052 9270
BUY 75 5459 19075
BUY 19 13237 22619
BUY 77 13980 3277
BUY 27 15350 6427
BUY 24 12998 22924
BUY 99 16947 25099
BUY 9 11540 10909
BUY 9 9257 24509
BUY 17 6261 15917
BUY 14 2655 16414
BUY 24 11143 4024
BUY 43 19716 10843
BUY 49 19621 2049
BUY 23 16997 19023
BUY 8 19718 23308
BUY 52 14115 19452
BUY 56 269 25356
BUY 80 7035 6080
BUY 6 19800 24206
BUY 7 6299 20907
BUY 81 2852 24881
BUY 4 6373 3204
BUY 17 15591 817
BUY 22 13960 4822
BUY 29 2085 22029
BUY 22 14307 17722
BUY 77 122 2277
BUY 61 3046 6861
BUY 11 2179 24911
BUY 92 17125 25092
BUY 20 4904 9120
BUY 20 13962 6720
BUY 15 9315 17615
BUY 59 17058 6059
BUY 8 3888 8708
BUY 34 6607 17434
BUY 28 10741 12028
BUY 19 15156 25319
BUY 57 2779 20757
BUY 2 8926 9002
BUY 46 898 14446
BUY 21 4745 10421
BUY 89 10581 2689
BUY 40 4059 17140
BUY 76 13414 24776
BUY 91 5157 21791
BUY 26 10227 14926
BUY 45 11369 13345
BUY 88 1104 488
BUY 2 2982 25002
BUY 47 7168 18547
BUY 44 16026 23544
BUY 31 15100 5331
BUY 90 551 25390
BUY 0 19887 10800
BUY 3 2893 503
BUY 54 8251 8754
BUY 21 18109 21
BUY 44 12108 44
BUY 7 6973 14707
BUY 89 7162 15589
BUY 12 2172 16812
BUY 57 7563 12357
BUY 84 17407 21584
BUY 24 1104 15424
BUY 53 15815 11253
BUY 44 11734 11744
BUY 89 7660 25989
BUY 71 14114 19371
BUY 13 13292 3113
BUY 14 830 1214
BUY 30 14763 11630
BUY 34 14006 12834
BUY 2 15250 14602
BUY 62 8552 4962
BUY 69 7757 14969
BUY 98 3817 298
BUY 72 18866 5872
BUY 99 11032 5199
BUY 9 16668 23009
BUY 77 8539 13477
BUY 1 1735 10501
BUY 72 10423 7872
BUY 71 12903 8971
BUY 50 9844 6250
BUY 27 2372 25527
BUY 97 14438 5397
BUY 79 19221 4279
BUY 75 11626 25275
BUY 59 255 13059
BUY 36 16034 16836
BUY 10 12963 8110
BUY 90 1289 190
BUY 57 18998 16957
BUY 52 7754 11152
BUY 90 11373 21990
BUY 26 2392 2426
BUY 65 17802 6565
BUY 71 3598 14171
BUY 50 15419 17350
BUY 4 19148 18404
BUY 51 2373 2251
BUY 76 2095 18776
BUY 94 5366 16394
BUY 45 8697 6345
BUY 33 13765 9133
BUY 74 18242 9274
BUY 88 6903 22188
BUY 20 17467 5220
BUY 97 6372 17297
BUY 82 18937 10182
BUY 43 11316 14443
BUY 51 5119 651
BUY 84 11484 14084
BUY 74 11466 21374
BUY 29 18373 24029
BUY 25 4454 6425
BUY 96 18431 9096
BUY 59 934 12759
BUY 52 2073 21152
BUY 52 6525 15852
BUY 96 2693 12196
BUY 45 12781 9645
BUY 9 9196 9109
BUY 75 8163 8075
BUY 36 1468 10136
BUY 49 5008 25449
BUY 21 4956 24621
BUY 88 18018 2788
BUY 39 12455 5539
BUY 12 7473 14512
BUY 57 2501 18457
BUY 4 13409 12404
BUY 10 3636 13210
BUY 20 6769 3020
BUY 11 3981 9111
BUY 77 127 16377
BUY 62 18584 19462
BUY 57 934 16057
BUY 34 18562 12734
BUY 80 2199 2780
BUY 77 18982 8377
BUY 31 5092 22831
BUY 7 634 22207
BUY 80 13709 12380
BUY 93 17938 1093
BUY 78 16078 5278
BUY 18 16717 11518
BUY 70 1644 19370
BUY 77 11343 1177
BUY 5 15727 14105
BUY 98 261 18398
BUY 98 65 1998
BUY 30 19293 22230
BUY 14 15860 25714
BUY 40 17675 7440
BUY 88 8088 12988
BUY 91 17435 17691
BUY 99 1487 9799
BUY 78 967 2578
BUY 71 9602 2971
BUY 17 5343 24217
BUY 5 155 2905
BUY 61 13426 2461
BUY 28 6023 17928
BUY 10 10076 10910
BUY 12 11596 23512
BUY 97 14578 23897
BUY 56 17842 22956
BUY 99 7094 17399
BUY 80 1644 7380
BUY 64 19653 9164
BUY 72 18492 4772
BUY 15 6632 6915
BUY 66 8662 17766
BUY 36 10018 22136
BUY 41 14798 1441
BUY 69 8252 9469
BUY 71 10972 5071
BUY 85 15071 3385
BUY 90 8926 8290
BUY 92 12251 12292
BUY 10 3659 6810
BUY 11 745 22111
BUY 54 6785 25654
BUY 80 2373 8680
BUY 13 18159 3813
BUY 81 7820 16381
BUY 1 5392 3301
BUY 97 10227 7697
BUY 29 19479 2529
BUY 6 55 6406
BUY 58 5935 14858
BUY 49 17065 21749
BUY 12 9352 18612
BUY 13 15778 2813
BUY 11 19681 12311
BUY 41 10902 3241
BUY 24 13930 12324
BUY 58 1553 12758
BUY 92 255 9992
BUY 71 9789 21771
BUY 39 10959 17839
BUY 22 14848 19722
BUY 86 10979 14386
BUY 21 12515 17021
BUY 92 16127 19192
BUY 95 4527 995
BUY 32 12769 3832
BUY 63 11651 9263
BUY 4 13036 3404
BUY 2 8024 23402
BUY 69 11690 11269
BUY 10 11796 19410
BUY 45 7177 15845
BUY 5 8473 22705
BUY 94 7998 21394
BUY 83 14811 14883
BUY 85 2258 16085
BUY 24 19530 424
BUY 4 9753 24304
BUY 49 2866 5449
BUY 43 5800 2643
BUY 76 15485 24176
BUY 31 16863 22231
BUY 21 18046 19621
BUY 24 18215 13424
BUY 96 16117 20996
BUY 65 9400 12565
BUY 64 17467 13064
BUY 0 12515 16800
BUY 59 4601 17759
BUY 60 1386 19560
BUY 42 6958 21742
BUY 57 2066 11457
BUY 8 11061 9108
BUY 44 17109 21344
BUY 17 5770 25317
BUY 43 12250 2343
BUY 33 4613 11433
BUY 13 2516 25513
BUY 2 14926 13902
BUY 93 16552 12593
BUY 89 2826 4989
BUY 42 16769 23542
BUY 99 6689 3599
BUY 83 9898 20883
BUY 63 6823 3363
BUY 27 14461 9027
BUY 9 10346 11309
BUY 63 12588 18463
BUY 7 6639 21507
BUY 0 19818 4700
BUY 1 1553 1
BUY 38 6980 10738
BUY 10 15069 710
BUY 35 13834 4735
BUY 49 13917 24049
BUY 47 5780 17547
BUY 31 12142 20931
BUY 93 457 493
BUY 93 18018 1793
BUY 98 13760 1598
BUY 25 11525 17325
BUY 20 14877 19820
BUY 14 11116 8914
BUY 58 2476 9458
BUY 1 17097 4501
BUY 85 441 19485
BUY 92 7148 16392
BUY 40 967 1140
BUY 57 12887 23057
BUY 52 5576 15052
BUY 42 2521 5642
BUY 23 5115 20123
BUY 55 1557 15955
BUY 43 11879 21543
BUY 43 18134 24243
BUY 74 13245 1274
BUY 67 17266 20467
BUY 7 11116 17207
BUY 94 261 4894
BUY 44 8123 744
BUY 13 1462 23913
BUY 49 9450 23749
BUY 2 17802 4302
BUY 93 4904 16293
BUY 73 240 15773
BUY 22 11037 12422
BUY 35 16568 12935
BUY 5 2583 11405
BUY 55 15071 7655
BUY 79 10379 22979
BUY 12 18484 23712
BUY 72 4534 20872
BUY 43 14326 7443
BUY 78 16376 24478
BUY 78 16552 14978
BUY 66 4789 6266
BUY 87 6752 6387
BUY 74 8629 3074
BUY 56 19251 56
BUY 26 8088 4026
BUY 48 7883 23348
BUY 6 17579 17106
BUY 94 16034 20494
BUY 14 926 5114
BUY 79 10553 12379
BUY 54 16127 10054
BUY 87 11369 17187
BUY 99 12904 14199
BUY 78 1468 16578
BUY 46 1977 14046
BUY 26 7852 11126
BUY 79 14793 17079
BUY 7 5332 25207
BUY 15 16527 24915
BUY 45 8132 7245
BUY 58 14353 3358
BUY 79 9024 16879
BUY 45 19017 5845
BUY 38 19573 25038
BUY 31 302 25431
BUY 42 14461 9642
BUY 47 8817 8047
BUY 54 4969 6554
BUY 31 3888 19131
BUY 98 4306 18298
BUY 7 19656 6807
BUY 41 2245 14741
BUY 32 13839 5132
BUY 54 11034 24954
BUY 61 6261 18361
BUY 93 16984 2393
BUY 60 13925 13260
BUY 93 6823 9193
BUY 58 11004 18158
BUY 73 867 8473
BUY 84 13709 1284
BUY 49 12377 8649
BUY 44 12379 3444
BUY 25 4563 14625
BUY 65 53 20465
BUY 43 4482 6443
BUY 48 13036 13548
BUY 69 13036 14069
BUY 92 15080 25992
BUY 31 8163 15531
BUY 17 13292 15117
BUY 38 14168 16238
BUY 82 5780 4082
BUY 37 12664 5737
BUY 80 12148 4280
BUY 47 7852 6747
BUY 44 14212 23844
BUY 13 15505 11013
BUY 20 5055 16920
BUY 77 11700 2077
BUY 25 19681 7025
BUY 56 10706 25256
BUY 69 14650 17669
BUY 20 1069 22120
BUY 64 374 16164
BUY 29 4227 5329
BUY 93 8325 23993
BUY 97 2803 4197
BUY 92 16419 10892
BUY 58 4950 17958
BUY 4 11919 13604
BUY 82 1606 11882
BUY 75 17305 11875
BUY 22 898 622
BUY 93 16374 3793
BUY 98 19398 25198
BUY 89 19621 2989
BUY 74 16560 7774
BUY 25 2400 15025
BUY 46 3018 8746
BUY 27 18482 16827
BUY 76 7385 16776
BUY 7 10044 3007
BUY 56 18562 13856
BUY 15 17272 11015
BUY 9 9511 8609
BUY 78 8331 2378
BUY 85 259 25985
BUY 19 14790 22119
BUY 69 5800 15869
BUY 47 14024 2047
BUY 11 9205 2711
BUY 24 4520 22124
BUY 28 12113 9028
BUY 30 9196 14830
BUY 55 3354 10155
BUY 88 8697 3788
BUY 82 10646 10882
BUY 55 3663 23455
BUY 9 5134 21409
BUY 87 2610 1287
BUY 8 2308 108
BUY 39 12541 13639
BUY 10 13157 8710
BUY 84 10134 19484
BUY 57 18562 14157
BUY 6 11048 5406
BUY 39 11755 16439
BUY 80 101 15980
BUY 58 9610 3758
BUY 58 261 5158
BUY 30 11032 3930
BUY 58 10289 2358
BUY 45 4302 20345
BUY 27 15895 24627
BUY 88 7754 19988
BUY 43 15245 14343
BUY 93 19778 5693
BUY 82 4170 21082
BUY 23 3390 25523
BUY 41 4392 18841
BUY 81 1386 10681
BUY 5 5255 2605
BUY 21 9560 22721
BUY 4 2649 2404
BUY 42 1536 11642
BUY 33 13292 9033
BUY 0 18431 10000
BUY 41 18059 13441
BUY 37 2933 12937
BUY 82 4114 14482
BUY 5 5804 13805
BUY 99 15790 20899
BUY 85 17069 6485
BUY 83 16032 1583
BUY 66 1935 22666
BUY 39 13998 9539
BUY 88 7223 13588
BUY 11 6604 25911
BUY 51 4838 10751
BUY 10 13115 2110
BUY 11 10966 3911
BUY 4 7303 24004
BUY 25 10079 25625
BUY 87 11760 22787
BUY 93 7139 18293
BUY 14 18477 10214
BUY 77 7914 15377
BUY 48 690 14848
BUY 23 6023 123
BUY 22 7989 2622
BUY 76 19320 20476
BUY 8 10966 808
BUY 0 12217 24700
BUY 86 7223 8486
BUY 53 799 23853
BUY 59 1791 159
BUY 82 17344 4282
BUY 10 450 22410
BUY 2 1396 21002
BUY 68 2214 10568
BUY 50 1978 3550
BUY 77 7852 20677
BUY 42 13074 16242
BUY 77 12374 22877
BUY 36 19656 11736
BUY 56 11482 6356
BUY 50 19015 21150
BUY 37 2507 25837
BUY 47 5308 10447
BUY 26 4568 2926
BUY 94 4019 20694
BUY 68 926 15168
BUY 9 14773 16809
BUY 6 5506 24906
BUY 9 4929 8909
BUY 64 10044 16764
BUY 36 13852 11836
BUY 75 3383 20975
BUY 39 2718 21639
BUY 24 1379 12724
BUY 64 2905 25364
BUY 75 221 14375
BUY 20 16709 13320
BUY 78 1606 11878
BUY 42 1468 8642
BUY 83 2893 16783
BUY 69 4789 6369
BUY 21 19064 8821
BUY 64 12398 14164
BUY 60 1533 21760
BUY 49 9955 11749
BUY 81 7820 14881
BUY 47 7094 5947
BUY 62 3001 14762
BUY 72 16633 13672
BUY 48 16728 4948
BUY 95 14530 895
BUY 6 12591 18306
BUY 32 16830 24032
BUY 82 1558 22982
BUY 60 392 9960
BUY 57 8163 9957
BUY 22 8105 9422
BUY 70 9940 12670
BUY 73 12541 2573
BUY 68 1977 19468
BUY 12 18556 21612
BUY 92 18059 16192
BUY 93 16633 17593
BUY 12 8299 13412
BUY 60 8926 12060
BUY 12 12510 10712
BUY 28 3354 12928
BUY 39 10176 11139
BUY 91 5296 3991
BUY 20 5495 15120
BUY 33 19332 21633
BUY 18 12959 20718
BUY 86 14326 13686
BUY 73 6939 23573
BUY 38 17058 1938
BUY 17 15674 8817
BUY 17 18215 9617
BUY 23 16691 22723
BUY 30 8163 9730
BUY 46 17394 1746
BUY 30 8812 18030
BUY 75 13638 24675
BUY 78 16878 19178
BUY 43 122 16743
BUY 53 6414 16453
BUY 60 6622 23860
BUY 8 19851 23208
BUY 74 14501 6974
BUY 56 14471 3656
BUY 31 16419 14331
BUY 8 8287 8608
BUY 66 3141 3466
BUY 72 12738 2272
BUY 42 8163 13842
BUY 10 5294 310
BUY 70 11118 9770
BUY 87 17135 14287
BUY 45 11796 15445
BUY 57 18752 25057
BUY 25 3466 25
BUY 94 9024 18194
BUY 51 12380 22451
BUY 90 137 18290
BUY 56 9785 16456
BUY 94 12963 14194
BUY 67 8606 25567
BUY 89 3493 23089
BUY 1 19732 17901
BUY 39 14508 7339
BUY 25 6862 8025
BUY 49 3888 11349
BUY 44 2058 14444
BUY 45 12662 8545
BUY 6 17984 14806
BUY 12 11433 22412
BUY 28 17810 20028
BUY 81 5609 3781
BUY 32 831 24232
BUY 63 1332 23963
BUY 91 18048 18591
BUY 83 14002 7883
BUY 84 867 1084
BUY 1 5255 5101
BUY 5 2803 20605
BUY 60 620 17460
BUY 1 16407 24601
BUY 75 10979 16375
BUY 69 13980 2469
BUY 97 7177 2197
BUY 3 8046 13103
BUY 57 18018 5957
BUY 54 15652 14354
BUY 19 5115 7719
BUY 69 9940 20469
BUY 4 16127 14204
BUY 32 4147 16032
BUY 26 2087 10326
BUY 81 13709 17181
BUY 59 2564 17359
BUY 55 16694 18055
BUY 16 972 20616
BUY 29 8052 4229
BUY 29 2403 12229
BUY 86 8013 21586
BUY 54 2566 23254
BUY 15 10979 15615
BUY 39 14793 1839
BUY 73 10972 20573
BUY 64 3226 5464
BUY 14 14626 5614
BUY 57 7922 25257
BUY 86 11638 22286
BUY 22 4227 18422
BUY 67 1649 19767
BUY 80 9782 22180
BUY 38 10423 1538
BUY 59 16374 9559
BUY 69 5366 17969
BUY 40 1321 12340
BUY 34 18288 1234
BUY 98 9069 22098
BUY 2 2868 2102
BUY 6 16382 23706
BUY 22 13842 8722
BUY 91 17387 20191
BUY 4 9103 12704
BUY 81 2184 1981
BUY 63 15781 8763
BUY 42 13170 13742
BUY 37 14585 3737
BUY 48 14695 24348
BUY 98 16840 2898
BUY 60 13160 24060
BUY 14 6506 9414
BUY 39 5173 13539
BUY 62 2199 10662
BUY 50 2501 14350
BUY 80 8144 25280
BUY 67 6230 21467
BUY 52 6312 3252
BUY 82 12962 21982
BUY 52 9961 20852
BUY 75 16534 22475
BUY 36 2403 19236
BUY 74 18074 19874
BUY 23 15822 1823
BUY 59 4864 22359
BUY 82 2826 2982
BUY 31 16619 20731
BUY 38 17656 25638
BUY 73 5296 15973
BUY 8 14443 21608
BUY 78 3226 7578
BUY 56 5238 12856
BUY 89 3354 8989
BUY 20 11081 16220
BUY 4 18492 7504
BUY 56 6506 6456
BUY 15 12603 15115
BUY 63 18184 4763
BUY 77 9262 19977
BUY 65 6472 19565
BUY 92 14182 5992
BUY 39 18184 13939
BUY 80 15071 980
BUY 18 2833 9318
BUY 74 6632 8174
BUY 56 1977 5056
BUY 64 13842 19464
BUY 27 753 6127
BUY 58 9548 12458
BUY 6 16231 18506
BUY 41 4455 2841
BUY 60 19391 2260
BUY 41 3489 9941
BUY 6 10605 25106
BUY 33 17628 20833
BUY 41 7256 22541
BUY 71 9957 23471
BUY 88 16935 13488
BUY 97 15505 5597
BUY 81 7820 4481
BUY 95 8826 1495
BUY 22 18074 7822
BUY 87 646 21387
BUY 31 1217 18731
BUY 22 18407 5822
BUY 10 13005 9610
BUY 85 12963 1585
BUY 52 10325 22852
BUY 37 17938 7337
BUY 40 8629 6240
BUY 54 16702 25954
BUY 71 13172 7571
BUY 46 13479 646
BUY 49 7162 3049
BUY 23 9743 13223
BUY 49 8673 25949
BUY 68 9784 25168
BUY 91 10519 10291
BUY 69 16320 6769
BUY 18 10741 13018
BUY 97 14092 14697
BUY 68 7618 2868
BUY 97 2352 21697
BUY 2 15752 8902
BUY 85 10972 14785
BUY 70 17389 15070
BUY 52 7640 152
BUY 13 12347 4713
BUY 68 14038 23068
BUY 89 15674 689
BUY 46 15250 12246
BUY 65 6314 19965
BUY 37 19320 5937
BUY 89 16928 11389
BUY 69 497 5869
BUY 13 2422 2613
BUY 42 18123 1142
BUY 9 3247 22609
BUY 63 12431 10063
BUY 71 2629 22471
BUY 6 2403 10206
BUY 6 8448 11506
BUY 41 11071 16841
BUY 90 8414 1090
BUY 96 11881 1696
BUY 88 127 8388
BUY 47 7301 7947
BUY 7 12544 21207
BUY 60 1153 22360
BUY 11 16717 10011
BUY 68 664 13268
BUY 73 14793 1773
BUY 84 11772 1384
BUY 51 2953 9151
BUY 68 10553 5768
BUY 39 3614 22139
BUY 51 3981 10151
BUY 92 15591 15992
BUY 48 2066 19948
BUY 37 3185 13537
BUY 32 16694 18232
BUY 97 11392 397
BUY 60 9511 5960
BUY 52 9311 25652
BUY 17 3379 11117
BUY 30 13760 5230
BUY 69 3888 11469
BUY 49 10094 15249
BUY 12 2572 10512
BUY 42 3470 22242
BUY 43 16234 11343
BUY 1 14070 14201
BUY 9 4477 9
BUY 39 16200 939
BUY 84 19017 14584
BUY 23 8875 23923
BUY 16 10089 3116
BUY 27 6632 13627
BUY 15 11681 6215
BUY 69 6646 14569
BUY 15 14733 5915
BUY 63 15419 15763
BUY 80 7734 380
BUY 64 12279 23064
BUY 26 12826 3426
BUY 35 18584 20435
BUY 88 4123 5788
BUY 80 10227 7980
BUY 78 5780 15478
BUY 82 12993 25182
BUY 49 1791 7649
BUY 88 13889 24988
BUY 91 5544 3491
BUY 15 18571 9315
BUY 47 15778 14647
BUY 85 11145 11185
BUY 89 7563 5289
BUY 73 18123 10873
BUY 48 19656 13948
BUY 68 5287 24168
BUY 59 977 22859
BUY 9 12769 15709
BUY 89 11177 21289
BUY 42 13930 17842
BUY 38 4788 24838
BUY 23 7177 6223
BUY 97 4950 8397
BUY 60 12431 4160
BUY 62 14438 6862
BUY 3 14086 14003
BUY 75 12588 17275
BUY 26 8182 3226
BUY 81 3379 12381
BUY 3 5115 6003
BUY 37 16088 4437
BUY 70 5657 4470
BUY 78 4147 17578
BUY 16 17266 18716
BUY 29 15290 23029
BUY 66 9024 17866
BUY 95 16490 2695
BUY 60 16958 4060
BUY 61 16340 21761
BUY 10 2245 19910
BUY 14 15069 1714
BUY 7 12879 12307
BUY 81 10089 20081
BUY 32 6983 8332
BUY 18 56 25818
BUY 24 13185 2824
BUY 57 4276 15857
BUY 51 3505 14951
BUY 88 5495 11288
BUY 64 14915 15964
BUY 1 10844 20601
BUY 41 16494 11841
BUY 86 2373 11786
BUY 33 12261 21733
BUY 53 14915 11853
BUY 89 8629 12589
BUY 0 19239 12800
BUY 15 4244 16815
BUY 84 15324 14984
BUY 9 664 3309
BUY 43 6840 4343
BUY 92 9103 2792
BUY 83 7177 6683
BUY 29 122 18129
BUY 19 13845 13019
BUY 26 13735 9526
BUY 7 11666 11107
BUY 89 10821 11589
BUY 43 19859 22343
BUY 77 17213 14577
BUY 41 1557 20541
BUY 22 6007 2222
BUY 84 9630 21484
BUY 37 18492 19137
BUY 96 1782 20896
BUY 90 2674 13390
BUY 92 10313 22392
BUY 65 11112 23965
BUY 49 11967 19649
BUY 76 4309 22276
BUY 44 2787 5644
BUY 34 17943 12134
BUY 83 18255 18983
BUY 66 4244 17566
BUY 68 4227 10068
BUY 12 5064 17312
BUY 88 8252 18088
BUY 49 1646 7749
BUY 24 15399 11224
BUY 81 155 4281
BUY 64 16696 16964
BUY 76 13765 17776
BUY 25 14438 2225
BUY 97 11048 15497
BUY 24 1735 16024
BUY 97 11241 14197
BUY 67 10044 2167
BUY 42 9557 23042
BUY 52 17293 52
BUY 48 11143 1848
BUY 54 7301 16554
BUY 17 6752 3817
BUY 69 17341 3069
BUY 18 12785 25218
BUY 54 5735 21654
BUY 4 13735 10604
BUY 30 5348 2330
BUY 61 10409 16261
BUY 75 16490 3175
BUY 14 1977 19114
BUY 39 14271 1939
BUY 94 1978 3494
BUY 0 15571 21900
BUY 77 16560 17777
BUY 82 2803 20182
BUY 91 11391 191
BUY 30 14923 7630
BUY 0 12710 13400
BUY 4 17097 18104
BUY 70 11316 20170
BUY 60 671 22660
BUY 61 17246 17261
BUY 70 3743 2770
BUY 74 12959 1974
BUY 88 18012 23088
BUY 6 11622 22106
BUY 53 11851 5153
BUY 56 4114 6056
BUY 56 6406 18856
BUY 54 16332 13154
BUY 55 12138 4955
BUY 9 12637 20509
BUY 59 898 17059
BUY 54 583 21454
BUY 30 8299 15030
BUY 39 5055 11239
BUY 66 13036 3366
BUY 81 2421 20881
BUY 14 15250 19614
BUY 26 4969 14526
BUY 23 10805 25823
BUY 25 12044 9225
BUY 54 4455 11454
BUY 6 2860 23906
BUY 50 12713 23350
BUY 21 6506 421
BUY 89 2325 23189
BUY 66 6525 10266
BUY 62 6366 18562
BUY 31 16200 4931
BUY 15 2403 19115
BUY 70 5392 6670
BUY 68 11032 19268
BUY 62 3682 10062
BUY 86 10821 786
BUY 40 13185 8440
BUY 21 8762 921
BUY 47 10979 13047
BUY 10 11482 9310
BUY 40 620 4040
BUY 65 18285 25365
BUY 70 1792 14670
BUY 34 374 20634
BUY 44 7614 19344
BUY 63 13948 19763
BUY 66 5775 13066
BUY 99 3637 3999
BUY 40 14104 13740
BUY 25 16858 23825
BUY 62 5209 15062
BUY 99 19906 18999
BUY 87 1557 11887
BUY 62 18162 6162
BUY 74 18785 474
BUY 11 2524 22311
BUY 99 2649 14799
BUY 73 10662 24273
BUY 71 17789 9471
BUY 69 17394 9769
BUY 89 6646 8889
BUY 95 1536 4495
BUY 36 13642 12936
BUY 28 5918 10628
BUY 6 11293 19706
BUY 59 9278 9259
BUY 98 19509 9598
BUY 35 695 20935
BUY 95 11627 13295
BUY 0 7820 8000
BUY 38 17627 6538
BUY 86 2649 4686
BUY 33 13567 13033
BUY 71 19509 871
BUY 26 15069 12026
BUY 75 17675 11075
BUY 55 10796 25655
BUY 29 10409 11429
BUY 69 14064 20769
BUY 20 10810 21020
BUY 9 19530 6609
BUY 4 14763 8104
BUY 4 8812 8504
BUY 15 6547 14815
BUY 88 17579 19688
BUY 2 127 3702
BUY 9 664 16109
BUY 84 18112 10784
BUY 99 5780 6499
BUY 21 2586 6121
BUY 47 1386 20547
BUY 62 11179 6462
BUY 19 17675 12819
BUY 54 2916 24054
BUY 47 12541 16247
BUY 5 15542 21305
BUY 67 9196 19367
BUY 65 13545 17265
BUY 94 9262 5694
BUY 64 3743 15564
BUY 15 10289 16715
BUY 16 3241 19816
BUY 86 2521 7986
BUY 9 6840 509
BUY 93 916 23893
BUY 54 13115 19754
BUY 46 11061 18346
BUY 48 13449 6948
BUY 38 7914 11738
BUY 71 18847 9071
BUY 51 55 2351
BUY 18 8584 18918
BUY 91 13146 9491
BUY 61 15751 21161
BUY 44 10659 13744
BUY 73 5348 5573
BUY 60 18571 560
BUY 45 5209 18145
BUY 78 16246 978
BUY 55 10948 20055
BUY 11 19509 5711
BUY 2 17675 5602
BUY 87 10979 10587
BUY 70 13634 24470
BUY 27 19147 22127
BUY 80 10979 8580
BUY 73 16971 25273
BUY 16 8778 23916
BUY 12 11985 19012
BUY 49 12831 5949
BUY 32 16119 21032
BUY 74 12710 11574
BUY 85 6008 24885
BUY 58 1060 23458
BUY 23 1456 23323
BUY 54 19017 14254
BUY 31 13479 131
BUY 79 19980 11179
BUY 97 3743 997
BUY 83 10612 22183
BUY 27 7146 21527
BUY 20 12986 3120
BUY 70 5987 21970
BUY 11 12223 20611
BUY 44 19530 17944
BUY 30 2693 19130
BUY 78 9336 15578
BUY 8 15617 11108
BUY 72 17341 14472
BUY 9 9228 24809
BUY 43 8448 9343
BUY 56 13787 14656
BUY 7 16348 24707
BUY 82 10659 11382
BUY 2 1634 23702
BUY 61 10762 3261
BUY 72 15024 9472
BUY 73 6368 17873
BUY 82 3480 16182
BUY 60 7348 1260
BUY 10 14438 16610
BUY 8 3882 3608
BUY 34 3046 4734
BUY 44 3682 13244
BUY 57 9511 9557
BUY 33 7490 21033
BUY 14 10394 18514
BUY 79 13596 3479
BUY 58 898 6958
BUY 28 4568 328
BUY 8 16928 308
BUY 74 13036 5574
BUY 44 16935 10244
BUY 74 3659 4974
BUY 38 1487 19438
BUY 70 7911 20770
BUY 96 6626 25196
BUY 51 18366 9051
BUY 15 19906 9215
BUY 56 3516 12456
BUY 37 1606 17037
BUY 64 19769 3664
BUY 72 18492 15172
BUY 18 6769 2118
BUY 36 19168 14436
BUY 9 11506 22809
BUY 0 16139 8800
BUY 84 11802 13384
BUY 24 5173 10424
BUY 36 3162 23936
BUY 5 17404 1805
BUY 75 5821 975
BUY 67 18982 6467
BUY 99 11967 3799
BUY 41 4745 9141
BUY 78 4468 25778
BUY 10 18847 2710
BUY 14 9473 6914
BUY 35 9602 16535
BUY 66 6934 21166
BUY 54 5775 2454
BUY 57 3888 16757
BUY 98 14046 23198
BUY 63 12904 18563
BUY 19 1127 15719
BUY 94 6595 5094
BUY 48 1156 23948
BUY 58 19901 11258
BUY 98 11482 16698
BUY 10 11984 2510
BUY 92 755 2292
BUY 79 19408 1279
BUY 38 17805 18738
BUY 43 5804 1643
BUY 18 17727 20518
BUY 65 11421 17565
BUY 66 11651 14466
BUY 90 11380 990
BUY 6 16857 18706
BUY 28 8312 8528
BUY 4 14975 23104
BUY 79 6372 8679
BUY 2 10081 9502
BUY 76 5255 14876
BUY 77 53 1277
BUY 95 17272 14095
BUY 79 18431 6479
BUY 11 12986 11
BUY 61 6506 10061
BUY 33 9176 10233
BUY 95 10879 11695
BUY 76 14114 7276
BUY 43 830 17243
BUY 39 13965 22539
BUY 15 7388 24615
BUY 27 7614 18027
BUY 87 4838 12587
BUY 27 4385 25827
BUY 94 9829 10994
BUY 51 1298 21451
BUY 55 16696 7855
BUY 78 12455 10078
BUY 6 11081 2506
BUY 94 2674 11694
BUY 39 3625 21539
BUY 33 8586 22533
BUY 4 14939 21204
BUY 58 2778 258
BUY 62 1841 12462
BUY 43 18785 743
BUY 12 15087 20012
BUY 42 7139 9442
BUY 94 55 1794
BUY 58 18866 19458
BUY 30 13756 9330
BUY 36 15560 3436
BUY 79 12379 14679
BUY 0 1201 25400
BUY 77 4331 9977
BUY 4 5278 22204
BUY 85 4123 9885
BUY 50 18162 10350
BUY 39 16572 10239
BUY 96 15024 12396
BUY 11 11497 1511
BUY 17 13869 22317
BUY 33 3916 9433
BUY 93 15828 24893
BUY 95 16224 7795
BUY 49 18431 13849
BUY 74 10434 13674
BUY 61 13567 19561
BUY 71 12262 2471
BUY 97 16001 24197
BUY 59 13756 12559
BUY 29 13845 7829
BUY 45 12773 14645
BUY 61 9844 7661
BUY 82 1990 10582
BUY 57 6876 4757
BUY 44 7618 1344
BUY 22 6147 25122
BUY 29 3046 6429
BUY 34 14773 6834
BUY 48 5296 19648
BUY 28 10786 24028
BUY 13 19017 913
BUY 27 17467 16427
BUY 28 18366 7528
BUY 36 6818 12836
BUY 87 11845 19687
BUY 32 10434 13032
BUY 12 9602 6412
BUY 76 14373 2176
BUY 33 12702 22033
BUY 1 7911 18801
BUY 72 5706 23872
BUY 72 6911 2372
BUY 50 5947 7750
BUY 3 19653 3803
BUY 15 8132 18715
BUY 95 13009 2495
BUY 28 9278 9928
BUY 84 3873 23584
BUY 86 15674 8686
BUY 88 19221 688
BUY 93 1656 24093
BUY 65 3516 20665
BUY 85 12567 1085
BUY 49 12849 24449
BUY 19 17647 19619
BUY 0 13697 14300
BUY 92 10470 20992
BUY 68 18847 12168
BUY 31 13170 18931
BUY 75 19508 1575
BUY 39 17912 25739
BUY 77 4197 18877
BUY 88 5935 12088
BUY 23 13962 2023
BUY 46 16997 1446
BUY 15 9602 20515
BUY 86 12989 25886
BUY 77 5797 9877
BUY 30 13765 7830
BUY 95 7437 19595
BUY 1 11152 14401
BUY 93 8581 24293
BUY 79 16296 10179
BUY 62 17275 19162
BUY 90 15647 20990
BUY 77 2564 17577
BUY 98 5533 10998
BUY 52 18014 22652
BUY 92 13842 12392
BUY 43 4527 15243
BUY 18 11400 3318
BUY 67 2839 25867
BUY 34 9176 8734
BUY 4 11540 5004
BUY 90 14070 8090
BUY 34 11734 7834
BUY 64 12272 9364
BUY 73 12901 25373
BUY 81 8826 19681
BUY 81 5392 3381
BUY 7 14036 25307
BUY 42 18606 25942
BUY 97 3197 3197
BUY 56 15591 18956
BUY 28 10381 25428
BUY 83 15822 4683
BUY 47 15315 22347
BUY 87 19142 25387
BUY 24 14530 11024
BUY 5 13401 25505
BUY 47 12831 15047
BUY 71 12831 11171
BUY 17 934 20617
BUY 10 5610 22610
BUY 36 9134 22936
BUY 4 3046 15104
BUY 45 4433 15045
BUY 61 17675 6461
BUY 6 14189 22706
BUY 72 1239 24472
BUY 30 17394 20730
BUY 65 7852 2865
BUY 32 1847 5532
BUY 82 12223 5782
BUY 73 13845 12773
BUY 17 17526 3217
BUY 18 18537 6618
BUY 54 17634 17654
BUY 14 10227 16214
BUY 21 18123 13321
BUY 78 3817 4778
BUY 52 17145 10352
BUY 92 14915 20292
BUY 1 9176 8201
BUY 11 4568 5811
BUY 1 19423 20701
BUY 54 1735 9354
BUY 72 12826 18272
BUY 21 11752 13221
BUY 28 6023 8628
BUY 11 17634 1211
BUY 8 12332 10208
BUY 6 2245 15206
BUY 31 10659 17231
BUY 37 2851 6737
BUY 35 10094 16635
BUY 35 3244 5035
BUY 40 4729 19540
BUY 33 11421 7133
BUY 27 18209 3027
BUY 89 10394 18289
BUY 44 1791 4844
BUY 78 10424 23078
BUY 60 4371 15160
BUY 88 18159 8788
BUY 52 10094 11552
BUY 57 2438 3657
BUY 24 12759 24124
BUY 42 12148 6542
BUY 84 7604 4184
BUY 19 12562 12419
BUY 80 16028 7080
BUY 4 10346 3004
BUY 88 5576 5088
BUY 78 497 7978
BUY 59 12762 23459
BUY 70 8046 170
BUY 8 11004 4108
BUY 2 5544 2802
BUY 46 10346 14546
BUY 67 5238 8067
BUY 84 14877 20384
BUY 27 15109 727
BUY 97 13521 25397
BUY 79 3932 23379
BUY 9 18866 18609
BUY 22 5034 25422
BUY 67 18375 12867
BUY 53 11548 12553
BUY 62 11948 14962
BUY 52 9533 25552
BUY 26 8235 22026
BUY 37 7911 437
BUY 78 4734 17178
BUY 57 12963 11157
BUY 77 3359 21277
BUY 90 2893 17090
BUY 35 1217 12735
BUY 88 12664 5188
BUY 83 2851 10083
BUY 76 3149 21676
BUY 77 15617 19177
BUY 77 1127 15777
BUY 0 12008 23500
BUY 67 17414 24267
BUY 70 2442 8770
BUY 73 19804 873
BUY 33 10323 3633
BUY 85 8584 9585
BUY 84 11258 17084
BUY 13 8754 24513
BUY 26 16866 21426
BUY 64 4789 20264
BUY 59 4838 2159
BUY 85 5795 22085
BUY 32 13962 15732
BUY 12 221 17012
BUY 22 1217 6922
BUY 73 690 7873
BUY 25 10409 2925
BUY 40 13930 15940
BUY 72 17964 3372
BUY 99 17314 11899
BUY 78 4404 20978
BUY 31 14104 2831
BUY 69 12662 4969
BUY 88 9649 14188
BUY 75 12108 12875
BUY 65 17145 665
BUY 97 10026 24297
BUY 36 101 736
BUY 91 14733 12191
BUY 4 15100 8004
BUY 18 622 12818
BUY 13 19687 23613
BUY 16 13448 14416
BUY 28 16139 12128
BUY 22 5041 22322
BUY 52 753 2452
BUY 8 13842 17808
BUY 82 17846 22682
BUY 55 6495 23055
BUY 99 10762 16599
BUY 68 15822 9768
BUY 35 553 5435
BUY 87 15910 24787
BUY 33 9490 19433
BUY 45 10041 25145
BUY 14 8874 10614
BUY 16 17387 8516
BUY 68 13146 18368
BUY 62 11612 24662
BUY 54 5544 5154
BUY 89 11258 12489
BUY 24 14326 13724
BUY 86 10926 21486
BUY 68 14160 25268
BUY 80 18998 580
BUY 24 4950 15224
BUY 14 4244 8014
BUY 63 15689 63
BUY 84 12398 2884
BUY 90 1379 12390
BUY 50 4687 1450
BUY 76 3598 3476
BUY 16 2288 10816
BUY 30 13709 2630
BUY 40 13207 740
BUY 34 18648 22334
BUY 15 16234 2115
BUY 21 19907 25321
BUY 48 16490 748
BUY 40 9095 14940
BUY 59 16308 15459
BUY 8 8045 3708
BUY 46 553 19146
BUY 72 9400 19272
BUY 33 11802 13933
BUY 92 14641 21492
BUY 7 9535 7707
BUY 63 8612 22963
BUY 80 9315 6480
BUY 93 5821 11093
BUY 15 15711 16615
BUY 65 2028 11965
BUY 51 7373 8251
BUY 41 12251 9541
BUY 50 19887 19750
BUY 59 8603 20959
BUY 61 19493 20561
BUY 66 1791 1766
BUY 67 17535 10767
BUY 34 3379 8934
BUY 28 18431 3628
BUY 89 8448 20089
BUY 30 1953 24030
BUY 28 11948 12328
BUY 36 9473 19736
BUY 46 16840 20346
BUY 6 5514 12006
BUY 31 10272 24131
BUY 3 1611 9303
BUY 92 15545 492
BUY 61 7278 3761
BUY 45 16309 17445
BUY 58 17149 15158
BUY 17 3916 9117
BUY 40 5711 22340
BUY 3 1116 8403
BUY 86 17504 10486
BUY 90 17812 21190
BUY 74 14781 21674
BUY 18 13172 5818
BUY 10 8312 5910
BUY 28 7396 9428
BUY 12 18841 3612
BUY 45 10243 3945
BUY 3 19452 2503
BUY 63 19251 15263
BUY 72 12413 24872
BUY 71 16857 19871
BUY 79 1606 19379
BUY 43 12573 11943
BUY 96 7914 15396
BUY 56 13697 1456
BUY 27 7879 10227
BUY 71 18159 19071
BUY 30 10409 10230
BUY 86 967 11486
BUY 39 2816 9739
BUY 26 16694 2026
BUY 75 5209 18675
BUY 75 13185 11275
BUY 28 9602 5728
BUY 39 3465 23439
BUY 98 5137 9998
BUY 49 12744 9549
BUY 65 5609 18365
BUY 65 11037 11065
BUY 63 5775 16363
BUY 74 14733 3474
BUY 96 9905 23796
BUY 16 8088 17616
BUY 54 19479 2854
BUY 15 6437 25115
BUY 42 2438 20742
BUY 62 2184 7662
BUY 49 1847 12849
BUY 53 17305 17253
BUY 88 10134 1488
BUY 30 15759 19930
BUY 52 17932 24252
BUY 91 4296 19791
BUY 47 8501 16747
BUY 61 12933 22461
BUY 34 372 7034
BUY 81 7032 21281
BUY 7 14500 10607
BUY 62 13553 962
BUY 49 865 11949
BUY 65 12173 24965
BUY 64 2787 13964
BUY 55 19408 11155
BUY 36 18978 24436
BUY 79 3511 8879
BUY 17 3342 317
BUY 60 11400 17860
BUY 51 9009 15951
BUY 54 14182 18354
BUY 58 17838 15058
BUY 41 14285 18441
BUY 87 55 12487
BUY 9 10519 7109
BUY 91 6261 14591
BUY 69 16088 11569
BUY 95 11152 16695
BUY 96 15110 9796
BUY 20 10409 4720
BUY 52 16008 2552
BUY 69 11796 19269
BUY 17 13760 8017
BUY 36 14877 6036
BUY 62 4563 4862
BUY 57 17789 7157
BUY 74 1735 18174
BUY 33 17149 933
BUY 66 19071 8766
BUY 80 11791 25480
BUY 42 13292 9942
BUY 78 18184 11778
BUY 86 5117 22586
BUY 91 9997 4191
BUY 75 9535 15575
BUY 34 2953 12934
BUY 42 19668 21042
BUY 89 8832 1889
BUY 28 4454 18828
BUY 64 9262 8564
BUY 95 9613 11595
BUY 17 14585 117
BUY 22 2610 15822
BUY 42 15441 25842
BUY 73 2349 13973
BUY 6 3018 1106
BUY 73 620 373
BUY 67 15500 19867
BUY 4 9205 2704
BUY 87 5804 7387
BUY 94 13134 24794
BUY 2 15250 11602
BUY 92 2127 22092
BUY 64 4228 21564
BUY 61 13948 8061
BUY 4 9315 19704
BUY 58 221 1258
BUY 45 2477 21045
BUY 4 12542 12504
BUY 75 8532 25875
BUY 22 12781 1522
BUY 71 9866 2071
BUY 53 18937 4253
BUY 75 10009 17975
BUY 48 3882 10148
BUY 73 13735 10573
BUY 45 6368 1845
BUY 76 13773 24676
BUY 99 3060 10299
BUY 2 7878 21402
BUY 32 19866 6932
BUY 71 3698 12871
BUY 37 7564 20837
BUY 42 2403 11942
BUY 5 8598 20505
BUY 95 11772 20095
BUY 75 3629 16775
BUY 1 19391 13001
BUY 36 10979 436
BUY 12 17634 15212
BUY 2 4060 10602
BUY 20 10965 25520
BUY 0 3629 6000
BUY 44 10553 4444
BUY 48 12903 17348
BUY 18 17380 23418
BUY 18 12662 3418
BUY 78 2400 5378
BUY 34 16188 14634
BUY 80 19887 18080
BUY 82 3629 8782
BUY 72 11919 12072
BUY 47 2214 7147
BUY 35 14326 7635
BUY 6 2833 5106
BUY 15 18109 5115
BUY 69 3516 1069
BUY 21 4173 22821
BUY 2 11671 7502
BUY 38 3197 17238
BUY 0 15184 21400
BUY 7 12588 20207
BUY 26 1791 7026
BUY 5 10081 15405
BUY 56 15022 25956
BUY 45 2778 2245
BUY 76 13367 376
BUY 48 10485 22248
BUY 76 6366 9176
BUY 92 4229 92
BUY 76 12044 14176
BUY 51 16377 24451
BUY 22 11734 11822
BUY 74 8880 16174
BUY 76 12658 22976
BUY 86 7278 15586
BUY 83 16717 14783
BUY 54 19168 5854
BUY 10 15574 9110
BUY 81 12138 8781
BUY 35 19452 20135
BUY 18 1540 22318
BUY 79 7801 7879
BUY 63 221 1063
BUY 1 553 17601
BUY 27 18492 19027
BUY 80 12567 3380
BUY 31 1538 22731
BUY 90 16840 6390
BUY 40 10699 23540
BUY 39 17246 11839
BUY 12 15419 20412
BUY 82 55 7282
BUY 92 19017 7292
BUY 65 3261 20865
BUY 6 16188 10906
BUY 75 7168 13275
BUY 13 2066 15513
BUY 51 6973 551
BUY 7 12885 22607
BUY 24 14944 25824
BUY 91 13409 5291
BUY 34 19479 9934
BUY 90 14877 1190
BUY 78 19221 6078
BUY 60 11912 16160
BUY 38 7879 3338
BUY 76 3489 19976
BUY 16 381 19116
BUY 27 6718 127
BUY 33 7446 21433
BUY 10 8662 16210
BUY 65 1229 12765
BUY 73 2572 17173
BUY 23 18018 17723
BUY 92 1379 10492
BUY 77 620 11077
BUY 65 4224 21965
BUY 44 9986 8044
BUY 22 17810 3122
BUY 21 17827 21721
BUY 61 13448 6761
BUY 0 14848 18100
BUY 90 11734 12490
BUY 36 9473 11136
BUY 64 11525 6064
BUY 18 7480 25718
BUY 66 4527 16466
BUY 1 18959 18201
BUY 56 15867 9256
BUY 75 13642 16075
BUY 33 3933 17633
BUY 90 6031 25890
BUY 60 15397 7060
BUY 2 15364 24302
BUY 36 865 7136
BUY 88 10741 17788
BUY 89 3743 11889
BUY 30 13013 24830
BUY 51 2501 19251
BUY 55 4147 18155
BUY 23 11369 11923
BUY 42 967 15642
BUY 48 2422 2248
BUY 4 19436 5204
BUY 85 2581 23085
BUY 48 12573 15848
BUY 7 6218 3207
BUY 33 17805 4433
BUY 58 2779 12558
BUY 86 12262 12286
BUY 34 15746 23534
BUY 43 12148 5543
BUY 1 5209 10401
BUY 5 13642 11105
BUY 99 19736 7899
BUY 45 53 11445
BUY 40 12283 23940
BUY 96 12219 18796
BUY 99 11725 24699
BUY 4 1255 22104
BUY 72 10252 25272
BUY 79 14326 7479
BUY 80 14326 15380
BUY 89 13245 5689
BUY 17 12291 21517
BUY 2 19452 18502
BUY 87 2833 15287
BUY 37 14530 12537
BUY 44 4838 5444
BUY 85 872 22585
BUY 42 17578 3842
BUY 58 14348 1658
BUY 42 2826 15742
BUY 62 16419 5362
BUY 39 4969 17739
BUY 12 9864 24712
BUY 95 14070 9595
BUY 4 19656 4304
BUY 48 18571 11448
BUY 53 4147 14353
BUY 63 19932 3663
BUY 79 9377 3879
BUY 97 18125 24497
BUY 10 14353 11210
BUY 76 18215 10276
BUY 48 14143 14548
BUY 25 10304 2525
BUY 13 15109 6113
BUY 31 156 14831
BUY 33 16814 33
BUY 4 5725 14304
BUY 11 8105 3611
BUY 18 8287 14618
BUY 27 6823 2327
BUY 92 9804 23892
BUY 59 13925 1759
BUY 69 499 14869
BUY 99 2868 5299
BUY 64 6876 7964
BUY 74 17745 22374
BUY 43 10009 9243
BUY 37 1064 25437
BUY 89 14585 1989
BUY 81 1978 15681
BUY 10 1289 19610
BUY 2 15115 6202
BUY 17 18255 417
BUY 57 13270 23357
BUY 46 8629 20446
BUY 65 3990 765
BUY 71 10081 17071
BUY 10 11671 4410
BUY 70 18223 12370
BUY 58 12573 2558
BUY 99 16296 17899
BUY 21 1163 23021
BUY 81 17242 24981
BUY 69 19901 869
BUY 4 2501 2104
BUY 11 19410 21411
BUY 86 17467 1686
BUY 3 1139 24003
BUY 59 2674 7359
BUY 28 16034 1028
BUY 91 3071 11991
BUY 38 12586 38
BUY 89 8162 16689
BUY 65 16782 12265
BUY 90 17534 24090
BUY 97 12781 10397
BUY 62 10349 13262
BUY 41 8287 6141
BUY 0 19349 4600
BUY 44 6862 1944
BUY 9 5821 16409
BUY 9 8331 18909
BUY 41 4319 641
BUY 67 10089 9667
BUY 49 3882 15649
BUY 36 3221 11536
BUY 47 14115 6047
BUY 41 17433 15041
BUY 71 19903 14871
BUY 7 12223 14107
BUY 0 2521 8500
BUY 62 1611 17562
BUY 56 3698 13056
BUY 91 12662 17391
BUY 38 19221 12238
BUY 74 11700 9074
BUY 3 3185 3
BUY 44 549 22644
BUY 44 16763 24344
BUY 79 3141 1979
BUY 82 19560 23582
BUY 40 18395 25940
BUY 57 16997 17157
BUY 40 8832 17640
BUY 47 10239 17747
BUY 91 12083 591
BUY 44 15711 16244
BUY 69 4729 12269
BUY 65 8629 20765
BUY 58 17115 1858
BUY 24 18160 2624
BUY 84 15652 11384
BUY 90 10255 19390
BUY 77 4244 5477
BUY 4 10774 19004
BUY 83 3009 19583
BUY 48 13656 22848
BUY 57 11627 15457
BUY 12 2767 25912
BUY 4 11666 8804
BUY 31 16139 1631
BUY 31 7162 6431
BUY 16 9103 1816
BUY 7 7769 22907
BUY 94 5115 8494
BUY 24 7811 20124
BUY 35 11734 15835
BUY 29 13834 4629
BUY 98 3046 20198
BUY 40 6577 17340
BUY 3 19732 15303
BUY 73 8204 9273
BUY 25 926 1725
BUY 25 14471 20625
BUY 68 19804 9568
BUY 56 18584 11856
BUY 96 2501 2196
BUY 50 2693 15050
BUY 70 14890 20270
BUY 59 8455 22559
BUY 63 13852 363
BUY 2 16971 25802
BUY 55 5459 20755
BUY 92 11179 18692
BUY 25 8952 10125
BUY 35 17389 2535
BUY 91 12664 3591
BUY 62 19231 24962
BUY 54 9398 22354
BUY 91 4642 22991
BUY 6 10081 306
BUY 83 9024 20183
BUY 19 7841 1519
BUY 65 18413 5765
BUY 13 19778 15113
BUY 31 7619 8531
BUY 30 16857 14530
BUY 9 3704 22909
BUY 12 18509 21312
BUY 51 6368 2551
BUY 33 1104 4033
BUY 96 10239 16796
BUY 20 4276 18520
BUY 13 9303 5713
BUY 9 10519 20109
BUY 12 6750 21112
BUY 39 18112 12539
BUY 43 13842 4143
BUY 31 3505 3331
BUY 56 14847 23256
BUY 90 11497 16190
BUY 37 2595 25637
BUY 9 4357 17409
BUY 93 1627 14793
BUY 81 8880 6681
BUY 31 1847 14731
BUY 7 13709 16107
BUY 91 14585 4891
BUY 65 11392 12165
BUY 96 19645 23196
BUY 24 9473 824
BUY 78 2744 21978
BUY 97 7360 20797
BUY 1 13185 11301
BUY 8 7820 13108
BUY 27 16840 4927
BUY 10 2868 14410
BUY 28 8952 10128
BUY 81 9442 9981
BUY 23 18937 18523
BUY 37 14115 3637
BUY 90 2204 6990
BUY 17 6375 9917
BUY 0 14923 12300
BUY 31 17505 22531
BUY 59 775 21359
BUY 39 17145 7539
BUY 6 8252 1806
BUY 2 55 12302
BUY 33 18482 12933
BUY 30 2491 19330
BUY 98 9844 11898
BUY 50 11293 10450
BUY 41 6368 18741
BUY 66 12791 21266
BUY 27 14328 23927
BUY 45 1678 18345
BUY 0 16535 25500
BUY 45 11690 9845
BUY 87 3516 15987
BUY 85 15087 14085
BUY 73 15306 8373
BUY 62 12963 4062
BUY 36 13579 23436
BUY 32 19828 8932
BUY 22 53 10522
BUY 37 19122 25537
BUY 1 13902 21801
BUY 53 10844 7053
BUY 86 4397 23186
BUY 39 12637 11539
BUY 43 6087 24643
BUY 57 6406 12657
BUY 51 6023 18451
BUY 82 10979 10682
BUY 15 12271 25515
BUY 93 12904 12093
BUY 24 14388 25724
BUY 78 17603 17878
BUY 83 621 9483
BUY 6 10482 22406
BUY 20 10774 11620
BUY 85 16188 15485
BUY 96 17272 7996
BUY 45 5804 15345
BUY 99 10644 21299
BUY 14 2826 2714
BUY 34 4296 8234
BUY 14 19243 23614
BUY 69 2342 12169
BUY 98 18998 19198
BUY 49 16997 1749
BUY 47 7820 11547
BUY 37 8123 8037
BUY 10 4482 7610
BUY 30 261 11330
BUY 95 17387 8595
BUY 29 19602 8329
BUY 78 11580 25978
BUY 96 6875 24196
BUY 47 14373 20347
BUY 38 15024 7638
BUY 29 17884 7029
BUY 48 11145 12248
BUY 92 17435 15592
BUY 68 13845 17268
BUY 12 3060 13212
BUY 29 14934 16829
BUY 34 10553 11534
BUY 1 10972 8601
BUY 38 16235 21438
BUY 42 8885 25642
BUY 7 2013 25707
BUY 48 2400 16448
BUY 27 10423 9427
BUY 49 621 7449
BUY 65 18841 11365
BUY 63 17605 13463
BUY 75 3001 11775
BUY 50 17647 15750
BUY 5 9576 14505
BUY 76 5797 10976
BUY 45 13292 8145
BUY 16 9571 25916
BUY 70 7820 12770
BUY 92 2308 14892
BUY 99 18349 25299
BUY 71 18956 23271
BUY 37 967 8637
BUY 66 1557 5366
BUY 57 17913 24257
BUY 78 664 16278
BUY 34 16935 334
BUY 40 1321 3940
BUY 70 867 1170
BUY 14 11116 16314
BUY 58 13395 21058
BUY 36 6453 25536
BUY 29 12455 15329
BUY 24 18074 4624
BUY 7 15752 8307
BUY 73 13610 24073
BUY 56 11734 10656
BUY 17 11723 21417
BUY 66 14471 8666
BUY 89 8584 3089
BUY 62 19789 16462
BUY 42 9699 24142
BUY 63 4670 11763
BUY 66 11343 1966
BUY 11 19087 20811
BUY 74 11179 16574
BUY 38 14657 1638
BUY 55 9785 4455
BUY 68 12541 14668
BUY 44 8803 16544
BUY 86 7373 11586
BUY 7 17293 16407
BUY 51 11321 21051
BUY 49 15350 1649
BUY 92 15071 20392
BUY 80 4711 17680
BUY 10 18600 15910
BUY 3 4227 17503
BUY 50 11152 7850
BUY 69 19980 4869
BUY 17 198 24917
BUY 96 17213 17396
BUY 88 3063 22988
BUY 49 4719 16249
BUY 97 2572 3397
BUY 54 6372 17354
BUY 38 17467 15438
BUY 30 18477 2930
BUY 74 17938 1874
BUY 9 19644 6309
BUY 37 16547 24437
BUY 81 17817 25481
BUY 22 11071 722
BUY 79 2043 8779
BUY 20 3360 24420
BUY 10 14291 2010
BUY 26 12898 17726
BUY 70 18595 25170
BUY 84 1658 21384
BUY 55 4563 15355
BUY 12 7195 22912
BUY 34 3284 7434
BUY 49 2087 3849
BUY 14 12431 1814
BUY 75 8800 21275
BUY 24 18537 19424
BUY 74 18584 8874
BUY 37 8584 6837
BUY 83 1386 19183
BUY 68 9024 12968
BUY 29 8287 13629
BUY 52 19756 21552
BUY 23 5294 18023
BUY 44 12769 7244
BUY 93 10286 14893
BUY 7 2776 21907
BUY 42 12954 11342
BUY 56 14484 8956
BUY 29 1370 25029
BUY 25 7914 3625
BUY 7 17344 14307
BUY 59 14822 25159
BUY 64 18887 24564
BUY 65 10434 4065
BUY 49 9014 20349
BUY 49 11451 24549
BUY 56 6973 16256
BUY 53 19189 453
BUY 74 19843 23374
BUY 2 1864 17102
BUY 48 19866 17548
BUY 7 4392 1707
BUY 74 18223 9374
BUY 43 16696 13543
BUY 6 9602 106
BUY 91 2984 13891
BUY 73 17627 15873
BUY 72 11188 21672
BUY 87 10705 24387
BUY 91 13005 19291
BUY 85 13709 14685
BUY 55 1792 12055
BUY 30 3379 5630
BUY 66 17097 10066
BUY 58 9785 11858
BUY 75 10741 18075
BUY 75 4487 21075
BUY 97 9743 19597
BUY 38 19408 15838
BUY 46 14076 10646
BUY 49 17166 17649
BUY 51 12515 19551
BUY 64 14114 12164
BUY 92 9196 19892
BUY 1 3698 9501
BUY 96 3867 18996
BUY 59 1321 14759
BUY 91 7636 21891
BUY 66 6660 23566
BUY 36 664 3036
BUY 90 12781 15590
BUY 54 8623 22554
BUY 25 7914 13925
BUY 85 2422 3285
BUY 13 65 2913
BUY 44 10044 8144
BUY 47 2999 21047
BUY 23 11484 1123
BUY 0 16281 23800
BUY 38 16234 8438
BUY 99 15350 13599
BUY 50 3823 23150
BUY 29 17884 9629
BUY 51 3622 4151
BUY 22 8182 14522
BUY 26 5137 1526
BUY 46 240 8946
BUY 54 5935 9854
BUY 17 17188 19817
BUY 52 1553 10852
BUY 56 5918 7756
BUY 90 5821 8890
BUY 97 13596 19297
BUY 96 4031 996
BUY 34 5366 3134
BUY 89 19906 17889
BUY 3 4729 7103
BUY 30 17578 6930
BUY 46 7437 10346
BUY 99 6312 2199
BUY 59 3046 18959
BUY 20 15560 6320
BUY 25 19221 4125
BUY 93 14076 9993
BUY 83 1735 3783
BUY 78 11700 18778
BUY 38 11145 10438
BUY 46 15867 18846
BUY 69 15820 24969
BUY 86 12904 13586
BUY 33 9217 21133
BUY 48 16419 7048
BUY 91 12455 11091
BUY 16 14802 4216
BUY 30 10423 13530
BUY 10 2422 13010
BUY 60 1230 22160
BUY 1 2768 19001
BUY 48 13009 1348
BUY 52 4837 25152
BUY 0 11392 9700
BUY 55 15545 2255
BUY 68 3863 5268
BUY 27 9709 23727
BUY 13 10581 7813
BUY 87 19906 9587
BUY 43 9576 2243
BUY 99 9176 11599
BUY 35 10094 1535
BUY 79 4719 15379
BUY 73 19452 6973
BUY 18 14923 10318
BUY 31 6996 22331
BUY 1 1646 20101
BUY 28 17536 15928
BUY 33 13761 25733
BUY 48 11948 14348
BUY 27 17605 427
BUY 18 14793 10618
BUY 1 11796 1601
BUY 33 10645 5433
BUY 46 17188 2246
BUY 18 9009 15118
BUY 5 12831 15305
BUY 92 14438 17592
BUY 97 13563 12497
BUY 99 13980 4999
BUY 32 9093 23532
BUY 1 14104 15901
BUY 26 19716 15126
BUY 60 4031 1760
BUY 61 2655 6261
BUY 85 8275 11985
BUY 67 12250 7967
BUY 95 4687 7395
BUY 28 16717 1228
BUY 8 19508 908
BUY 57 3967 22057
BUY 81 6823 11281
BUY 88 12515 8188
BUY 58 8539 17058
BUY 25 14811 5325
BUY 47 10505 25947
BUY 67 10323 867
BUY 17 13735 3417
BUY 20 16935 1920
BUY 94 6279 8794
BUY 75 7139 2775
BUY 10 10187 23610
BUY 30 494 21130
BUY 13 7619 613
BUY 82 7035 4382
BUY 43 8124 22143
BUY 68 19148 20568
BUY 6 13960 10806
BUY 83 3241 5583
BUY 35 6470 6335
BUY 49 8878 3749
BUY 11 9844 6611
BUY 52 4325 24452
BUY 98 9262 998
BUY 39 4392 9439
BUY 22 10520 23822
BUY 40 5366 4740
BUY 6 19221 606
BUY 16 18959 20516
BUY 93 15844 24593
BUY 80 14811 6380
BUY 31 6862 11631
BUY 10 4455 16710
BUY 8 11985 6008
BUY 41 14375 23041
BUY 41 4306 6841
BUY 13 5821 16913
BUY 74 7348 13174
BUY 69 16008 69
BUY 73 17627 13373
BUY 93 9511 19093
BUY 95 13421 10995
BUY 1 8222 3601
BUY 78 8453 22978
BUY 54 1321 9454
BUY 83 17727 2083
BUY 26 11032 9426
BUY 90 10959 2690
BUY 42 13839 10042
BUY 66 11048 566
BUY 73 3009 17073
BUY 93 10774 20193
BUY 44 1487 16944
BUY 66 5308 14566
BUY 43 5238 15543
BUY 51 5725 3251
BUY 88 10336 7188
BUY 34 15110 19834
BUY 23 18413 9623
BUY 56 1925 24256
BUY 81 14064 13681
BUY 6 4084 22006
BUY 78 18537 378
BUY 50 19761 11250
BUY 56 865 20756
BUY 83 11317 16283
BUY 47 2199 14447
BUY 73 5800 5373
BUY 38 7089 23938
BUY 65 16530 11865
BUY 30 13787 13630
BUY 69 18005 3669
BUY 43 16694 9943
BUY 47 16717 547
BUY 65 11344 24665
BUY 77 12963 12077
BUY 14 5944 114
BUY 7 14373 17807
BUY 27 11548 9527
BUY 2 16139 2
BUY 72 1943 18472
BUY 34 6261 15734
BUY 87 6689 87
BUY 87 18816 22387
BUY 91 12898 17491
BUY 99 487 21899
BUY 64 4059 264
BUY 57 8758 24857
BUY 5 18562 3205
BUY 45 13630 5345
BUY 75 12563 22075
BUY 16 17266 16516
BUY 38 2199 7238
BUY 99 11061 4399
BUY 39 16935 6739
BUY 2 5255 3502
BUY 18 2552 24618
BUY 10 8878 14810
BUY 72 11690 20672
BUY 78 3622 14578
BUY 96 6061 15896
BUY 73 2491 12173
BUY 79 6701 24879
BUY 43 1847 13643
BUY 21 17578 18521
BUY 43 19828 14643
BUY 4 19795 20504
BUY 58 12558 12058
BUY 88 3071 13888
BUY 16 15399 7716
BUY 88 2572 3688
BUY 7 13553 4007
BUY 84 3888 10584
BUY 26 1943 4826
BUY 27 16802 4727
BUY 27 122 3427
BUY 99 9205 14599
BUY 3 8793 25203
BUY 90 17435 15790
BUY 98 8926 2698
BUY 51 6372 13251
BUY 74 19239 1174
BUY 60 3354 3760
BUY 53 6084 21553
BUY 11 14225 1411
BUY 1 4563 16901
BUY 55 9602 11955
BUY 10 6752 20310
BUY 0 14873 3900
BUY 69 521 23069
BUY 25 7734 9925
BUY 1 12250 3001
BUY 94 19436 18694
BUY 2 16332 10702
BUY 29 16127 6929
BUY 54 4178 21754
BUY 3 7604 15003
BUY 18 10948 17718
BUY 57 5514 3857
BUY 83 9262 10283
BUY 9 10286 14209
BUY 90 17786 23790
BUY 18 12496 2518
BUY 62 15069 3062
BUY 5 16709 4005
BUY 78 16857 19778
BUY 3 9352 9003
BUY 86 2787 18786
BUY 20 7123 25120
BUY 80 17938 6880
BUY 38 19245 4738
BUY 15 15338 19715
BUY 17 6414 11217
BUY 14 19656 9714
BUY 93 9336 18893
BUY 43 9327 18643
BUY 25 4300 15625
BUY 82 17982 13082
BUY 19 13960 7519
BUY 74 6547 974
BUY 69 11482 13469
BUY 96 16401 15796
BUY 13 3480 12113
BUY 62 5238 12262
BUY 62 2982 24362
BUY 94 10774 1294
BUY 64 18492 17464
BUY 76 16728 20376
BUY 8 8432 23408
BUY 63 11391 6863
BUY 7 18255 14607
BUY 51 13146 14251
BUY 95 2422 20195
BUY 54 3811 24454
BUY 15 18019 21815
BUY 87 5815 8387
BUY 7 18072 23207
BUY 38 972 5938
BUY 24 16728 3824
BUY 78 12586 5178
BUY 21 926 5221
BUY 63 16200 15363
BUY 96 4454 3996
BUY 13 16330 21013
BUY 3 15823 25103
BUY 19 13826 23019
BUY 90 15759 5690
BUY 89 4516 24389
BUY 18 441 13218
BUY 23 6607 2923
BUY 42 12108 5542
BUY 25 15752 725
BUY 79 1728 22279
BUY 16 3284 15516
BUY 39 2779 9939
BUY 96 4745 18596
BUY 23 1104 11723
BUY 37 18584 837
BUY 24 9205 17124
BUY 24 13953 10124
BUY 43 15050 22243
BUY 3 11857 23603
BUY 60 4789 4260
BUY 67 18998 15467
BUY 36 8745 21436
BUY 25 12744 12025
BUY 4 9585 23504
BUY 73 19144 21173
BUY 86 2403 14186
BUY 44 3018 20544
BUY 31 13246 23931
BUY 75 8817 14675
BUY 24 3981 15624
BUY 95 17675 15795
BUY 11 19598 16611
BUY 47 2894 20847
BUY 47 17314 15947
BUY 39 19168 13739
BUY 16 10927 23616
BUY 59 6261 1059
BUY 8 16490 20608
BUY 5 13074 1405
BUY 0 17802 18900
BUY 66 7162 13966
BUY 60 18363 25760
BUY 63 10176 17163
BUY 76 14923 1376
BUY 28 2349 8128
BUY 31 12709 21431
BUY 74 6577 15074
BUY 93 8952 16393
BUY 93 4999 293
BUY 64 6595 10164
BUY 25 12379 17025
BUY 33 8361 23233
BUY 64 9844 14964
BUY 93 5064 3193
BUY 57 19598 18057
BUY 54 17149 13054
BUY 39 5209 18739
BUY 75 9336 16175
BUY 16 7734 5816
BUY 38 934 9238
BUY 30 16106 18830
BUY 18 12219 12018
BUY 61 3637 20461
BUY 61 10243 9361
BUY 56 12679 11756
BUY 79 8222 11979
BUY 18 3894 17218
BUY 42 10419 20842
BUY 45 17910 23445
BUY 99 2826 5999
BUY 34 13434 24634
BUY 32 12007 7232
BUY 94 17838 394
BUY 41 14461 2141
BUY 50 4031 12150
BUY 28 13192 23928
BUY 47 4331 15247
BUY 91 12744 15991
BUY 62 15069 13962
BUY 64 101 2064
BUY 54 19071 554
BUY 85 967 13085
BUY 61 2204 14461
BUY 40 15711 6040
BUY 20 18482 5920
BUY 98 1229 17598
BUY 3 16200 4203
BUY 21 16121 14421
BUY 74 2994 24574
BUY 38 11845 10838
BUY 17 774 22717
BUY 64 10336 16064
BUY 59 14793 6659
BUY 49 8163 4849
BUY 15 3650 17215
BUY 99 4858 25699
BUY 30 15505 6730
BUY 5 5096 7705
BUY 51 2204 15751
BUY 28 16126 22228
BUY 43 4457 22843
BUY 12 11671 2812
BUY 45 1108 21445
BUY 76 8383 6876
BUY 56 8880 4656
BUY 55 2349 5455
BUY 83 10741 13583
BUY 59 13760 759
BUY 87 10176 4587
BUY 21 6247 22321
BUY 78 16717 9178
BUY 29 8539 9229
BUY 16 12113 11216
BUY 55 865 19255
BUY 53 9327 3653
BUY 64 7177 18264
BUY 54 9315 7254
BUY 18 14273 21018
BUY 12 12637 2312
BUY 93 18160 16693
BUY 43 17394 18943
BUY 30 5775 16930
BUY 1 11525 13301
BUY 24 11984 18924
BUY 77 12798 22377
BUY 35 10423 8335
BUY 72 14735 23772
BUY 72 11181 16872
BUY 76 6443 18376
BUY 43 16246 1443
BUY 60 14626 1360
BUY 75 14326 18775
BUY 26 13800 726
BUY 41 19166 22641
BUY 50 9671 18250
BUY 18 11295 23318
BUY 98 122 6798
BUY 15 12567 17415
BUY 89 6261 20589
BUY 52 8448 20652
BUY 51 16824 21151
BUY 49 261 1249
BUY 38 14773 8238
BUY 5 5348 11305
BUY 10 122 810
BUY 99 5767 22799
BUY 95 18968 5795
BUY 63 374 11163
BUY 27 7139 5227
BUY 32 16401 15832
BUY 99 9303 299
BUY 89 1678 2189
BUY 69 14498 17069
BUY 78 2572 4178
BUY 94 553 294
BUY 81 8105 11981
BUY 16 5797 9716
BUY 42 10346 20342
BUY 13 10009 1213
BUY 77 13735 9177
BUY 44 11802 8544
BUY 15 8539 5815
BUY 37 12898 37
BUY 75 830 7075
BUY 79 4331 2979
BUY 64 441 764
BUY 83 6470 20383
BUY 61 14811 19161
BUY 17 15547 24817
BUY 18 372 12318
BUY 18 10646 6118
BUY 79 6142 11379
BUY 51 13367 2851
BUY 23 621 6723
BUY 86 3983 22086
BUY 44 2959 18244
BUY 89 17467 17789
BUY 31 18959 14431
BUY 78 10363 1378
BUY 27 19968 23627
BUY 58 2204 2858
BUY 48 4276 11948
BUY 33 2572 533
BUY 78 8584 13778
BUY 34 9743 17334
BUY 74 3629 15274
BUY 39 13367 15639
BUY 89 972 18689
BUY 20 392 1220
BUY 67 19071 10067
BUY 53 14311 23053
BUY 46 8826 15046
BUY 31 10918 24831
BUY 62 19320 15162
BUY 47 18407 4847
BUY 23 3121 14123
BUY 34 1386 5834
BUY 41 19887 19141
BUY 8 5288 24208
BUY 50 6866 24850
BUY 3 15203 24203
BUY 43 1468 14943
BUY 35 14225 4835
BUY 92 6689 17792
BUY 18 15088 21818
BUY 8 15895 21408
BUY 35 2779 9435
BUY 55 16512 23355
BUY 73 5392 4673
BUY 75 2610 13075
BUY 59 17605 10859
BUY 85 7820 6285
BUY 89 2342 18789
BUY 26 13545 15526
BUY 51 11630 25051
BUY 50 4276 450
BUY 88 13998 5588
BUY 8 9498 22408
BUY 93 5670 23693
BUY 3 2043 1303
BUY 30 6911 18730
BUY 91 12769 791
BUY 15 8501 1715
BUY 38 14331 16438
BUY 55 18695 23255
BUY 18 8052 17818
BUY 65 7311 25065
BUY 24 3867 3024
BUY 57 12773 14257
BUY 63 17596 25063
BUY 38 19795 11338
BUY 20 5440 25920
BUY 58 15882 8358
BUY 3 7084 19003
BUY 6 7373 16306
BUY 1 8252 18601
BUY 15 5821 1315
BUY 70 7834 20970
BUY 91 2803 14891
BUY 9 17964 8009
BUY 67 4456 24067
BUY 74 12637 16274
BUY 4 9638 23604
BUY 93 6375 8193
BUY 94 4114 1494
BUY 89 18251 25589
BUY 83 6838 25183
BUY 88 2637 23788
BUY 40 11690 17440
BUY 23 8290 2423
BUY 35 5797 19435
BUY 92 14890 18892
BUY 79 5064 11779
BUY 10 11985 8610
BUY 18 11126 21118
BUY 68 6980 1168
BUY 48 9287 5148
BUY 19 9009 6419
BUY 41 4244 1841
BUY 71 15806 3871
BUY 70 17220 23170
BUY 63 5800 17963
BUY 73 2531 6373
BUY 71 14082 24971
BUY 19 16374 15419
BUY 29 4059 629
BUY 67 19736 2767
BUY 81 4059 17981
BUY 16 7437 8316
BUY 48 1792 17648
BUY 79 17448 19279
BUY 68 7548 25968
BUY 91 19349 7691
BUY 23 14657 19223
BUY 5 2095 9005
BUY 51 2199 12951
BUY 84 17394 15084
BUY 66 760 25266
BUY 70 9576 13970
BUY 58 10645 558
BUY 42 19997 22742
BUY 63 11317 6363
BUY 67 14006 6967
BUY 35 3284 1235
BUY 83 967 14083
BUY 12 14006 6112
BUY 29 18101 23129
BUY 99 4789 19799
BUY 27 18959 7827
BUY 44 6023 17744
BUY 7 1103 5507
BUY 70 16280 11570
BUY 50 11411 21950
BUY 15 5283 25215
BUY 14 18471 14514
BUY 94 18584 19694
BUY 18 2403 12718
BUY 41 14909 11441
BUY 35 19420 2735
BUY 90 14115 290
BUY 68 18209 7368
BUY 91 13953 16991
BUY 71 14733 7071
BUY 90 11032 2490
BUY 34 9907 24434
BUY 43 3185 8443
BUY 5 12347 6305
BUY 19 8162 2219
BUY 29 3354 7229
BUY 69 3936 25769
BUY 93 4671 24493
BUY 29 4994 24429
BUY 47 10519 11847
BUY 60 17838 14060
BUY 39 13009 14639
BUY 96 13245 9896
BUY 93 2184 19993
BUY 88 4197 9288
BUY 80 15172 22780
BUY 95 7511 6295
BUY 71 7658 11371
BUY 99 16231 6999
BUY 9 3060 609
BUY 29 1736 24829
BUY 77 9706 8677
BUY 76 16234 16076
BUY 25 16814 14425
BUY 14 457 7314
BUY 40 4929 1940
BUY 25 4306 19125
BUY 60 53 18960
BUY 84 12573 18384
BUY 74 9303 9574
BUY 96 13697 7696
BUY 27 12219 13527
BUY 36 5064 19536
BUY 40 1136 23240
BUY 92 13207 13292
BUY 87 13221 21687
BUY 50 18690 21450
BUY 79 4033 6179
BUY 19 1649 3119
BUY 70 9327 11670
BUY 88 5935 11988
BUY 80 1386 11580
BUY 32 10240 23232
BUY 83 11881 17083
BUY 36 2226 24136
BUY 25 10741 15325
BUY 95 2989 23795
BUY 77 18109 7577
BUY 11 9352 17311
BUY 14 7640 5714
BUY 25 17526 14125
BUY 40 753 5840
BUY 34 16761 25434
BUY 43 16528 24143
BUY 46 13214 25646
BUY 50 10363 350
BUY 70 17843 23370
BUY 46 6921 25246
BUY 69 10423 1369
BUY 35 1116 10835
BUY 96 18600 18396
BUY 88 2258 19088
BUY 91 6577 13991
BUY 17 6595 18717
BUY 36 14585 16636
BUY 6 7614 4506
BUY 9 4477 5809
BUY 48 5238 9548
BUY 87 18882 21087
BUY 46 19795 13446
BUY 80 7223 20280
BUY 43 6744 12043
BUY 23 17982 7723
BUY 44 1646 6744
BUY 20 9940 15020
BUY 34 12679 8534
BUY 40 14650 3140
BUY 24 12662 24
BUY 72 1536 5672
BUY 58 16352 25258
BUY 20 319 15520
BUY 10 16032 20410
BUY 43 2438 14743
BUY 92 12586 9692
BUY 57 12347 18357
BUY 12 8633 24912
BUY 89 1536 12189
BUY 52 14811 8452
BUY 21 7045 21921
BUY 52 14626 13252
BUY 21 14182 4521
BUY 47 8448 5747
BUY 4 377 2204
BUY 42 18534 25542
BUY 28 12044 6728
BUY 10 12278 18410
BUY 66 14848 11166
BUY 93 5137 17193
BUY 36 553 6936
BUY 59 15069 9759
BUY 81 3833 22181
BUY 47 16332 2747
BUY 79 16709 7779
BUY 36 7373 1636
BUY 88 11450 22788
BUY 56 11067 20956
BUY 75 10346 1375
BUY 83 6314 6883
BUY 39 2476 10339
BUY 15 13170 14115
BUY 79 17578 13179
BUY 69 18105 3269
BUY 57 19621 12857
BUY 56 12904 6956
BUY 80 3743 17080
BUY 81 17135 12081
BUY 88 4060 20488
BUY 98 15397 12798
BUY 77 9613 2577
BUY 84 13962 19684
BUY 1 10081 6801
BUY 97 1643 12797
BUY 66 6607 19366
BUY 94 10821 13894
BUY 81 497 2181
BUY 53 13005 1753
BUY 29 15245 6129
BUY 65 18413 13465
BUY 20 5815 8420
BUY 35 13409 9835
BUY 21 6368 15521
BUY 92 13736 9892
BUY 61 6911 12861
BUY 58 2095 958
BUY 59 664 17259
BUY 0 9262 900
BUY 26 2199 9226
BUY 34 7148 5534
BUY 76 11145 20076
BUY 41 9585 24741
BUY 0 19818 7100
BUY 83 10879 7983
BUY 33 19781 6233
BUY 16 9725 24516
BUY 5 3698 11905
BUY 48 16728 2048
BUY 45 15545 1145
BUY 48 12347 948
BUY 23 1792 17323
BUY 45 1519 25345
BUY 6 2572 12606
BUY 76 4789 15576
BUY 95 19251 1695
BUY 97 6372 1297
BUY 34 6312 2534
BUY 9 7437 7609
BUY 67 4467 22667
BUY 52 2792 3352
BUY 87 4197 5287
BUY 71 2779 9771
BUY 47 13479 4047
BUY 41 3678 20941
BUY 23 17943 11123
BUY 27 10323 20427
BUY 14 1682 22314
BUY 53 10423 853
BUY 53 5495 2053
BUY 44 18215 6244
BUY 8 1678 2808
BUY 28 8880 17628
BUY 60 17272 4960
BUY 46 11802 9946
BUY 54 4734 54
BUY 55 17526 6155
BUY 58 16541 4458
BUY 88 13207 10088
BUY 19 1061 23519
BUY 77 11938 20277
BUY 43 12332 943
BUY 3 17943 9403
BUY 15 6368 3315
BUY 3 19189 1103
BUY 56 3867 7356
BUY 47 3483 23947
BUY 90 17353 23890
BUY 14 7241 10514
BUY 80 2476 15480
BUY 8 2586 9308
BUY 47 13157 17947
BUY 90 19071 20790
BUY 0 3659 20700
BUY 99 15806 11199
BUY 2 9530 602
BUY 59 5238 18559
BUY 88 15505 16488
BUY 16 10879 19716
BUY 35 13448 15135
BUY 47 19508 16847
BUY 19 14877 8519
BUY 5 4940 22505
BUY 64 1536 5164
BUY 87 19201 11587
BUY 87 17058 10887
BUY 13 12830 24913
BUY 97 17055 24997
BUY 49 9144 23049
BUY 64 19017 13464
BUY 72 12382 24072
BUY 72 10821 572
BUY 9 14024 19909
BUY 71 15259 22971
BUY 28 10081 13428
BUY 0 2531 4300
BUY 66 13642 12666
BUY 31 14438 831
BUY 56 13980 5356
BUY 52 4563 17452
BUY 84 7473 19584
BUY 55 3489 20355
BUY 29 2087 10329
BUY 14 620 9114
BUY 76 7504 21476
BUY 99 12664 11099
BUY 14 3071 17414
BUY 17 15306 18217
BUY 35 6375 1835
BUY 79 7640 10679
BUY 53 2400 8353
BUY 18 4472 22018
BUY 7 14114 1507
BUY 94 13172 4594
BUY 0 6900 2600
BUY 48 13115 2348
BUY 40 19887 40
BUY 2 12278 20302
BUY 73 13998 9073
BUY 91 14291 391
BUY 14 4729 14414
BUY 11 9377 14511
BUY 8 16857 6608
BUY 49 6983 18149
BUY 10 14890 11710
BUY 61 15087 14961
BUY 36 19251 2136
BUY 33 5797 12533
BUY 57 15071 4857
BUY 74 16280 12574
BUY 35 14530 4035
BUY 29 18937 19829
BUY 49 9785 4249
BUY 42 7662 21642
BUY 14 9473 3514
BUY 79 2583 11479
BUY 96 14733 396
BUY 72 5780 18872
BUY 79 17539 25879
BUY 71 755 5971
BUY 10 10089 7410
BUY 26 7658 20426
BUY 27 8812 11327
BUY 13 17964 2113
BUY 26 11258 18926
BUY 15 19221 12015
BUY 8 127 16408
BUY 37 6734 14437
BUY 36 11938 13936
BUY 75 9627 22375
BUY 96 19401 24696
BUY 9 14909 409
BUY 28 13115 19428
BUY 39 9974 21939
BUY 5 14723 25905
BUY 55 18159 16055
BUY 26 12679 8326
BUY 46 4433 3246
BUY 88 9530 13688
BUY 42 932 25042
BUY 5 867 2805
BUY 66 4568 14966
BUY 41 5294 14041
BUY 2 3933 2702
BUY 65 14002 865
BUY 79 6769 20779
BUY 60 17389 3260
BUY 35 8368 20835
BUY 19 10966 619
BUY 62 6752 9262
BUY 13 9352 5413
BUY 50 3214 19650
BUY 52 9840 22352
BUY 67 19477 23767
BUY 29 2778 20729
BUY 87 319 13187
BUY 66 8662 15766
BUY 91 6312 7591
BUY 16 5609 3216
BUY 23 6218 13123
BUY 62 10467 24762
BUY 17 14355 25017
BUY 97 7614 7197
BUY 58 3160 24758
BUY 19 11258 519
BUY 74 14471 6774
BUY 88 12531 17288
BUY 62 7023 21962
BUY 24 16109 25624
BUY 19 9490 9319
BUY 82 16694 19582
BUY 35 1649 9235
BUY 53 4019 5753
BUY 21 15591 5321
BUY 97 4443 22197
BUY 68 1379 7568
BUY 92 13245 4792
BUY 27 2953 17527
BUY 58 11651 15958
BUY 3 15538 25903
BUY 6 7604 4406
BUY 72 13756 17872
BUY 64 13074 13264
BUY 21 17817 21221
BUY 82 17943 2582
BUY 38 1468 15938
BUY 52 11369 9652
BUY 29 17536 7729
BUY 20 16782 8120
BUY 35 2098 24435
BUY 5 17504 9905
BUY 83 10580 8183
BUY 19 19781 9819
BUY 76 6823 13976
BUY 25 10272 24625
BUY 29 9511 5729
BUY 18 5238 2418
BUY 55 261 2055
BUY 57 4277 23557
BUY 91 16114 5191
BUY 26 2373 7726
BUY 69 11143 17869
BUY 50 11938 7550
BUY 26 19223 23126
BUY 6 10821 15906
BUY 30 6991 21330
BUY 57 17938 20057
BUY 40 12697 20740
BUY 92 12903 18592
BUY 65 13756 3965
BUY 68 15388 21068
BUY 98 14169 22298
BUY 72 441 1772
BUY 66 18347 24466
BUY 86 15087 2286
BUY 15 5459 6815
BUY 5 6689 16905
BUY 95 3197 14995
BUY 18 16359 24818
BUY 23 17526 16923
BUY 96 10239 1996
BUY 77 1990 17377
BUY 15 13806 21915
BUY 9 2851 20609
BUY 9 4477 17009
BUY 69 15617 4669
BUY 23 16309 9923
BUY 82 12332 3982
BUY 14 17259 25514
BUY 32 11048 16832
BUY 9 17502 21709
BUY 5 19297 25205
BUY 65 17938 9665
BUY 99 10440 23299
BUY 99 5120 24599
BUY 76 18594 23676
BUY 54 16928 20454
BUY 17 823 1217
BUY 7 12562 18207
BUY 32 13596 11832
BUY 25 16008 16125
BUY 24 14168 8424
BUY 45 1056 45
BUY 16 3081 25416
BUY 85 11071 1985
BUY 31 17344 13231
BUY 66 830 1466
BUY 31 16782 7831
BUY 58 16560 7658
BUY 74 4601 2274
BUY 47 5064 247
BUY 50 18562 2050
BUY 13 457 12913
BUY 95 15346 21995
BUY 91 6818 7191
BUY 21 1544 2321
BUY 48 8501 10948
BUY 71 972 20671
BUY 45 5366 12545
BUY 84 18074 19384
BUY 13 18046 5113
BUY 22 9176 19022
BUY 89 13735 9389
BUY 81 15029 15981
BUY 19 7162 8119
BUY 71 11938 8871
BUY 29 4454 11329
BUY 71 1229 17471
BUY 54 13426 11854
BUY 28 5804 16528
BUY 37 12982 21037
BUY 50 20 21850
BUY 89 4306 1589
BUY 82 16633 4882
BUY 80 16332 2080
BUY 23 2028 2823
BUY 97 14848 6797
BUY 27 5553 24527
BUY 55 3622 10255
BUY 59 19764 9059
BUY 62 15100 13062
BUY 17 2258 20217
BUY 59 14384 25059
BUY 10 16032 18210
BUY 58 9473 4558
BUY 52 5955 22452
BUY 65 8448 16165
BUY 63 6607 10263
BUY 73 13170 9473
BUY 60 622 8060
BUY 22 18537 18522
BUY 15 4123 16315
BUY 66 18255 8566
BUY 86 18131 11986
BUY 99 5075 14099
BUY 93 14030 20893
BUY 88 12738 2688
BUY 73 2365 23073
BUY 89 12510 9289
BUY 97 19795 15797
BUY 83 4729 5183
BUY 66 13409 6966
BUY 73 9205 5673
BUY 46 6632 13346
BUY 87 15100 1587
BUY 0 18866 13000
BUY 2 14301 24002
BUY 68 8216 5568
BUY 84 1072 23384
BUY 93 12637 5893
BUY 81 3284 4781
BUY 10 5725 3010
BUY 40 2476 18140
BUY 35 16320 2335
BUY 44 19894 8944
BUY 72 18489 10872
BUY 68 122 15468
BUY 95 11802 9495
BUY 71 19710 25771
BUY 6 4734 17906
BUY 42 7177 4242
BUY 37 2442 9237
BUY 63 5392 16663
BUY 26 823 12526
BUY 32 5255 4032
BUY 61 14553 22561
BUY 37 18444 7637
BUY 68 17467 4768
BUY 54 7801 14854
BUY 76 19866 4776
BUY 61 755 5461
BUY 25 18982 825
BUY 3 9240 25803
BUY 35 6768 24035
BUY 95 502 22695
BUY 59 19420 10059
BUY 51 12769 6551
BUY 31 7241 5231
BUY 44 11140 24444
BUY 51 12250 19351
BUY 96 11796 11296
BUY 32 2564 17632
BUY 86 6862 8386
BUY 7 8445 24807
BUY 16 8346 10216
BUY 76 3214 576
BUY 70 7604 2370
BUY 2 14767 21202
BUY 40 13258 25840
BUY 84 7348 8884
BUY 31 2389 24631
BUY 62 6196 24562
BUY 65 318 21765
BUY 84 3284 14184
BUY 80 926 11280
BUY 79 1121 22479
BUY 83 8762 16183
BUY 67 16845 24767
BUY 66 15350 4666
BUY 40 12431 7340
BUY 74 14371 23774
BUY 19 6236 20919
BUY 63 10645 19263
BUY 3 4019 2903
BUY 53 4147 15953
BUY 63 6443 17863
BUY 36 5040 25636
BUY 73 934 3373
BUY 31 9442 12531
BUY 34 7301 8634
BUY 44 1611 19944
BUY 76 18968 14776
BUY 13 15785 5613
BUY 73 10044 173
BUY 75 509 1275
BUY 52 13852 3852
BUY 17 19001 25917
BUY 32 5935 14832
BUY 68 10016 23768
BUY 66 14104 14066
BUY 27 3121 19127
BUY 42 13787 3342
BUY 19 13161 21519
BUY 24 5296 9824
BUY 3 9735 24803
BUY 3 12455 3203
BUY 65 8832 465
BUY 66 16114 1066
BUY 51 9866 8051
BUY 14 6373 6614
BUY 3 16034 11503
BUY 36 815 20936
BUY 18 6279 3518
BUY 96 2768 17496
BUY 96 3226 9296
BUY 70 19769 19970
BUY 36 14236 21136
BUY 41 18489 8241
BUY 33 9741 23033
BUY 98 6047 24898
BUY 83 14024 11883
BUY 2 12879 1102
BUY 14 18059 20014
BUY 16 17729 25216
BUY 45 14168 11845
BUY 63 14657 763
BUY 6 19621 19006
BUY 4 4123 15304
BUY 22 16901 23722
BUY 24 854 24824
BUY 90 14877 18790
BUY 23 8255 23623
BUY 87 12251 10787
BUY 6 15069 13406
BUY 82 5510 582
BUY 51 19894 2151
BUY 12 242 24812
BUY 27 7640 17227
BUY 63 14484 2063
BUY 62 18123 11462
BUY 63 19598 10763
BUY 25 2382 1025
BUY 82 18160 682
BUY 47 15621 21447
BUY 19 14353 20419
BUY 74 9613 3574
BUY 23 10741 2723
BUY 96 6818 19796
BUY 11 3994 21211
BUY 63 17209 20963
BUY 39 16572 19039
BUY 23 2308 12223
BUY 32 6443 20532
BUY 3 622 4103
BUY 22 3324 24022
BUY 54 17188 10754
BUY 94 3001 5594
BUY 20 3933 13720
BUY 79 13834 15679
BUY 7 4319 6907
BUY 34 17008 21134
BUY 52 4156 24352
BUY 23 2476 523
BUY 38 9576 11938
BUY 92 4286 8092
BUY 89 1103 14589
BUY 34 14733 634
BUY 18 15505 9218
BUY 30 9278 30
BUY 99 8880 1899
BUY 18 18982 13418
BUY 79 4996 22379
BUY 37 12332 11637
BUY 15 7658 19315
BUY 76 14086 14376
BUY 6 10423 11206
BUY 34 3197 3834
BUY 0 499 6200
BUY 10 10289 8810
BUY 65 5294 4365
BUY 28 18375 18028
BUY 4 12135 24204
BUY 81 10844 18681
BUY 1 15053 101
BUY 57 16530 857
BUY 92 13842 8392
BUY 9 3888 17509
BUY 24 13009 7924
BUY 40 11647 13240
BUY 14 10694 25814
BUY 95 865 595
BUY 97 2693 12397
BUY 81 12826 15381
BUY 49 19772 9449
BUY 5 7868 21405
BUY 65 14182 18665
BUY 17 17435 6017
BUY 82 13697 13882
BUY 97 8701 21297
BUY 69 5338 11969
BUY 35 3016 25035
BUY 46 8331 8246
BUY 19 7301 16819
BUY 19 19866 4319
BUY 56 1990 13556
BUY 99 16487 25199
BUY 93 16419 11793
BUY 2 622 3302
BUY 90 16835 24990
BUY 16 13563 13916
BUY 42 137 11242
BUY 42 6312 2442
BUY 79 1644 2279
BUY 56 11869 22356
BUY 56 5797 19756
BUY 61 12542 12461
BUY 48 19795 16048
BUY 43 4197 1543
BUY 63 1604 25363
BUY 77 5800 10277
BUY 81 13567 18981
BUY 60 3436 25660
BUY 5 8690 24005
BUY 70 3916 9070
BUY 20 16401 4620
BUY 8 11118 12308
BUY 79 14092 18479
BUY 31 13963 22631
BUY 44 9631 23744
BUY 90 2803 9590
BUY 37 8331 2537
BUY 4 1116 4004
BUY 86 18444 9986
BUY 81 6414 18281
BUY 1 8697 15701
BUY 34 7233 24834
BUY 13 12148 1513
BUY 84 2043 11684
BUY 15 12344 25915
BUY 58 16128 5758
BUY 56 457 12956
BUY 86 10094 686
BUY 57 2382 19257
BUY 27 2476 2627
BUY 8 7385 10108
BUY 51 3894 3651
BUY 32 14064 13232
BUY 41 11601 23541
BUY 38 11700 4938
BUY 43 11317 8643
BUY 87 865 2987
BUY 96 1536 5796
BUY 63 2297 22363
BUY 90 10956 25290
BUY 33 14006 17233
BUY 95 372 12495
BUY 51 16992 1051
BUY 0 14811 15800
BUY 16 622 316
BUY 47 2610 15847
BUY 20 7464 24520
BUY 32 14498 19332
BUY 7 13709 18807
BUY 60 1029 20960
BUY 71 18866 13671
BUY 79 6096 23079
BUY 75 3121 13575
BUY 5 1206 21705
BUY 40 4420 22540
BUY 93 10581 14693
BUY 18 15197 24418
BUY 96 19887 16896
BUY 4 6061 19804
BUY 33 7891 24233
BUY 72 63 15072
BUY 33 12044 19533
BUY 21 7884 14221
BUY 54 11484 15954
BUY 73 6862 1273
BUY 33 853 22633
BUY 78 2893 6278
BUY 90 9613 19490
BUY 3 4527 12803
BUY 39 12903 7239
BUY 53 12986 14553
BUY 45 16958 945
BUY 46 13146 12946
BUY 33 19894 16433
BUY 97 9205 13697
BUY 23 3480 10123
BUY 15 14585 615
BUY 60 1646 15260
BUY 22 2199 322
BUY 26 19602 7826
BUY 45 3916 17945
BUY 97 13449 2297
BUY 33 19818 7433
BUY 98 1450 24498
BUY 32 9014 10732
BUY 10 13553 12310
BUY 38 4227 10238
BUY 3 1217 11603
BUY 31 2288 7931
BUY 86 1379 5686
BUY 65 18074 7065
BUY 1 2501 17701
BUY 36 823 15736
BUY 31 16890 20431
BUY 35 12573 13735
BUY 23 9126 19623
BUY 54 15383 25454
BUY 70 17639 22170
BUY 72 19623 25572
BUY 24 13172 7624
BUY 26 2043 1726
BUY 22 10931 9522
BUY 16 4300 3716
BUY 21 4969 8521
BUY 18 5576 13518
BUY 38 6911 18938
BUY 11 8662 15811
BUY 75 457 15475
BUY 15 12347 11615
BUY 30 10821 19030
BUY 52 16840 12352
BUY 0 18864 3700
BUY 78 11145 18078
BUY 51 19789 1451
BUY 20 2792 15720
BUY 70 19251 18170
BUY 45 18112 15645
BUY 30 8755 15230
BUY 53 11314 23353
BUY 96 9251 23696
BUY 85 13567 11685
BUY 36 12050 9636
BUY 15 13115 10915
BUY 9 11647 8109
BUY 24 8216 18124
BUY 74 7177 19374
BUY 52 12625 24652
BUY 97 9602 10197
BUY 24 4919 24224
BUY 76 17433 16476
BUY 31 6273 21531
BUY 61 19828 4661
BUY 4 10728 21704
BUY 44 10286 14044
BUY 79 18046 14179
BUY 7 12591 15107
BUY 29 16114 13029
BUY 94 7202 23094
BUY 83 2058 17883
BUY 11 7754 1911
BUY 39 6312 2239
BUY 30 5901 21530
BUY 57 12573 8457
BUY 53 6900 20753
BUY 48 17647 1148
BUY 67 19644 6667
BUY 27 3354 5927
BUY 97 12603 197
BUY 8 9535 9008
BUY 6 9473 12206
BUY 64 16200 2264
BUY 23 2087 12423
BUY 74 11704 24374
BUY 86 12378 886
BUY 32 3779 23832
BUY 53 4302 7153
BUY 70 4527 14370
BUY 53 8218 20853
BUY 24 906 18824
BUY 64 12431 16364
BUY 78 221 6478
BUY 86 10181 21986
BUY 38 8290 538
BUY 23 12679 9823
BUY 97 18336 25597
BUY 15 1289 5415
BUY 93 341 23393
BUY 11 2708 24011
BUY 69 9205 3869
BUY 90 3049 22290
BUY 58 664 5358
BUY 81 13891 23681
BUY 87 16857 16587
BUY 61 10434 19461
BUY 16 8163 9116
BUY 84 15069 9884
BUY 31 8598 2631
BUY 36 14114 3836
BUY 70 14508 5470
BUY 96 8832 896
BUY 59 1468 3159
BUY 8 7640 14908
BUY 66 14890 1866
BUY 91 2205 23991
BUY 21 5514 16821
BUY 8 14461 10608
BUY 36 906 11236
BUY 38 10243 11238
BUY 39 16374 5739
BUY 3 6936 17903
BUY 49 14585 4049
BUY 3 13479 11903
BUY 47 19779 24847
BUY 69 18048 4569
BUY 97 1127 11897
BUY 28 10979 2528
BUY 2 16696 802
BUY 60 4371 20760
BUY 12 19882 3012
BUY 69 7989 16569
BUY 98 3141 3098
BUY 3 8163 14903
BUY 9 18957 20809
BUY 81 17293 11381
BUY 62 13545 462
BUY 98 11392 20598
BUY 0 15350 9000
BUY 3 17219 21703
BUY 89 19903 7989
BUY 80 12986 14980
BUY 55 19804 14455
BUY 31 17293 3731
BUY 74 15674 11274
BUY 76 19804 5276
BUY 11 16128 7911
BUY 26 17177 25826
BUY 22 13736 18222
BUY 99 16200 17799
BUY 30 14331 5730
BUY 51 13005 13551
BUY 50 8539 16450
BUY 95 18413 9995
BUY 42 6646 542
BUY 60 19828 2760
BUY 1 17943 4101
BUY 80 15399 16580
BUY 87 4670 14387
BUY 72 6372 11872
BUY 73 15024 12473
BUY 40 7145 15040
BUY 76 14980 24376
BUY 92 15350 14092
BUY 45 4929 13045
BUY 14 6689 9614
BUY 37 8252 11537
BUY 65 9054 24265
BUY 17 8162 517
BUY 42 11369 12542
BUY 39 17964 339
BUY 32 6166 3132
BUY 55 497 5255
BUY 52 6525 9552
BUY 31 19761 15331
BUY 8 53 15308
BUY 91 9997 3891
BUY 54 10675 22254
BUY 22 7168 16722
BUY 28 18866 13228
BUY 39 803 5439
BUY 28 6752 7328
BUY 47 10931 16047
BUY 27 17801 22927
BUY 58 10009 3858
BUY 12 17166 15112
BUY 51 11681 9651
BUY 88 13157 4488
BUY 9 3867 10109
BUY 7 19795 17007
BUY 12 12898 17512
BUY 18 17115 8118
BUY 62 6577 18462
BUY 79 16760 22879
BUY 47 2342 347
BUY 28 497 10728
BUY 79 19653 13379
BUY 18 18074 18018
BUY 62 14798 17962
BUY 24 9400 8524
BUY 93 17387 20693
BUY 71 10322 24171
BUY 44 392 3144
BUY 19 15698 22219
BUY 11 7911 17711
BUY 8 12542 5508
BUY 84 3916 9084
BUY 32 15306 15032
BUY 14 9014 714
BUY 68 5459 6368
BUY 45 9649 545
BUY 72 4734 17472
BUY 85 5366 9785
BUY 91 11497 14291
BUY 64 16619 20464
BUY 56 14373 10256
BUY 92 1643 10092
BUY 32 13596 16932
BUY 97 18953 11197
BUY 35 10885 7035
BUY 10 7348 110
BUY 47 16762 18347
BUY 42 3505 5842
BUY 76 18005 11876
BUY 60 18431 860
BUY 64 2892 1564
BUY 61 17943 4761
BUY 59 13925 15959
BUY 4 3060 4504
BUY 52 5625 21652
BUY 41 16709 17641
BUY 90 15265 16990
BUY 57 14373 757
BUY 27 12591 7227
BUY 75 7046 25375
BUY 84 14763 7984
BUY 0 16127 19500
BUY 81 14498 5181
BUY 48 17344 15348
BUY 47 4060 13547
BUY 70 10645 16370
BUY 22 10346 7422
BUY 61 18600 3661
BUY 29 19018 25429
BUY 12 14070 19612
BUY 46 10323 14946
BUY 33 6414 1233
BUY 98 16890 8598
BUY 39 15266 24539
BUY 64 17581 22064
BUY 56 2476 11456
BUY 69 18074 10569
BUY 26 8252 20226
BUY 68 19356 21668
BUY 24 3342 16324
BUY 58 7658 2158
BUY 22 8216 15422
BUY 50 14626 15450
BUY 44 2564 5044
BUY 44 11548 6544
BUY 49 6401 22749
BUY 65 4031 3065
BUY 80 8331 880
BUY 84 17838 15184
BUY 17 3327 22017
BUY 57 4276 15557
BUY 67 18413 17967
BUY 62 13094 22962
BUY 5 3197 6205
BUY 9 17982 11609
BUY 81 4223 25181
BUY 58 11181 15358
BUY 24 12643 12124
BUY 63 5804 18363
BUY 94 19245 16794
BUY 78 1861 25178
BUY 53 5775 1153
BUY 57 255 8057
BUY 56 18407 956
BUY 56 8812 3156
BUY 31 9262 11931
BUY 86 2778 5486
BUY 97 6983 5997
BUY 6 19769 14506
BUY 48 16640 11048
BUY 1 2491 12901
BUY 54 13765 12054
BUY 98 16046 22698
BUY 38 5064 19038
BUY 6 12679 12306
BUY 19 5495 6919
BUY 64 13630 5564
BUY 68 15324 168
BUY 4 17053 21004
BUY 99 7168 6099
BUY 31 8826 10431
BUY 6 7177 15406
BUY 25 16028 19225
BUY 89 11992 8289
BUY 17 3916 10317
BUY 52 2172 20052
BUY 11 1943 9411
BUY 25 11116 10725
BUY 14 12050 17514
BUY 5 6577 5
BUY 16 6911 13716
BUY 24 509 2924
BUY 46 17982 15446
BUY 23 2914 21023
BUY 28 5338 14628
BUY 14 1027 23014
BUY 67 13015 14967
BUY 44 13697 3544
BUY 13 18431 13213
BUY 17 10885 7917
BUY 66 756 25866
BUY 84 5200 22884
BUY 41 13925 18141
BUY 79 17675 8379
BUY 1 15463 21501
BUY 49 7094 19249
BUY 80 5514 10180
BUY 57 19621 1957
BUY 77 4921 21177
BUY 88 10289 7888
BUY 52 906 6052
BUY 11 17675 15211
BUY 93 19493 10393
BUY 22 12672 20822
BUY 57 11071 2557
BUY 51 7619 7751
BUY 86 1666 23086
BUY 79 8222 10979
BUY 84 2382 19784
BUY 13 55 12713
BUY 98 16432 24998
BUY 42 4331 16842
BUY 63 17188 9563
BUY 10 7640 6310
BUY 72 10610 21872
BUY 26 7738 4526
BUY 57 7792 2857
BUY 67 17296 23067
BUY 69 3888 18169
BUY 45 7658 19045
BUY 10 10972 1710
BUY 65 14589 22565
BUY 53 14890 12853
BUY 1 2792 8901
BUY 94 2984 10394
BUY 24 17097 19924
BUY 82 3659 8982
BUY 27 19423 17827
BUY 98 18382 25098
BUY 29 6506 18329
BUY 73 10336 8073
BUY 76 8222 12876
BUY 70 2353 25070
BUY 96 17982 19096
BUY 68 1386 20768
BUY 18 392 14018
BUY 12 18489 16512
BUY 18 17394 5118
BUY 84 18697 25384
BUY 65 11299 20965
BUY 63 2491 11263
BUY 49 14425 21849
BUY 5 16246 2505
BUY 39 2696 23339
BUY 92 2674 19692
BUY 21 9706 14921
BUY 37 14626 17737
BUY 5 19906 18405
BUY 22 15284 7522
BUY 17 19245 3517
BUY 87 10094 5887
BUY 62 15752 17662
BUY 87 19764 18287
BUY 93 15201 22993
BUY 77 8755 14177
BUY 13 17536 12813
BUY 9 18288 18009
BUY 72 7852 7672
BUY 42 8222 9742
BUY 38 17219 24238
BUY 1 12377 8001
BUY 55 16280 2855
BUY 99 926 6599
BUY 21 6973 8721
BUY 15 2787 11515
BUY 58 5947 5058
BUY 71 14923 4171
BUY 70 4708 24870
BUY 29 509 17229
BUY 34 7348 3534
BUY 37 16572 9437
BUY 73 2953 1473
BUY 67 11564 25467
BUY 12 7599 21912
BUY 15 3894 15015
BUY 21 4276 19021
BUY 29 8824 23429
BUY 62 5141 22162
BUY 86 19653 3286
BUY 67 15245 4567
BUY 11 13015 8611
BUY 88 8874 6988
BUY 36 6577 15036
BUY 0 17166 19000
BUY 95 6368 1195
BUY 13 16188 8613
BUY 24 8552 17024
BUY 92 2778 3892
BUY 66 972 2566
BUY 29 19452 3829
BUY 97 7811 17597
BUY 0 12573 9200
BUY 27 19641 23527
BUY 64 2933 11664
BUY 16 11081 1516
BUY 59 5173 7959
BUY 75 6876 4875
BUY 46 16200 15746
BUY 85 13421 19185
BUY 72 19761 20772
BUY 85 4197 13785
BUY 53 11037 12653
BUY 2 11392 2202
BUY 81 16572 5681
BUY 48 14353 11248
BUY 78 10363 20278
BUY 60 10959 19860
BUY 7 15110 2907
BUY 99 17603 5099
BUY 57 5918 17757
BUY 2 12826 1402
BUY 16 18005 14816
BUY 68 5780 9868
BUY 61 18209 9261
BUY 72 2214 5772
BUY 47 8697 9347
BUY 66 11627 3766
BUY 8 11989 25908
BUY 5 4433 13005
BUY 8 6936 12108
BUY 75 1104 19375
BUY 87 10581 18087
BUY 44 7754 13544
BUY 48 4433 13448
BUY 21 14773 16521
BUY 37 11851 16437
BUY 53 10389 21353
BUY 70 18432 23270
BUY 21 4331 20421
BUY 32 13009 7532
BUY 16 19804 13516
BUY 95 17938 4895
BUY 9 7478 1409
BUY 49 8088 3449
BUY 0 6312 15700
BUY 91 7618 491
BUY 11 14284 23911
BUY 67 19245 667
BUY 75 17293 5675
BUY 89 13036 14889
BUY 84 12597 23784
BUY 84 17789 11784
BUY 69 2422 2869
BUY 3 17727 16803
BUY 85 2610 20485
BUY 52 13172 1852
BUY 39 3659 5139
BUY 42 1978 11142
BUY 80 5514 15080
BUY 70 18162 5270
BUY 69 17516 20969
BUY 82 6689 12182
BUY 81 13115 8981
BUY 56 1127 9856
BUY 61 15752 7861
BUY 15 13036 4215
BUY 9 457 4009
BUY 14 18555 23114
BUY 82 18968 9982
BUY 9 13426 16209
BUY 80 5392 8780
BUY 10 12954 4510
BUY 44 12531 18344
BUY 41 11525 7041
BUY 20 5999 23120
BUY 98 11627 19098
BUY 19 1627 3719
BUY 92 13702 22192
BUY 39 14585 20539
BUY 88 13009 18788
BUY 2 15399 1602
BUY 44 13787 944
BUY 52 3622 16852
BUY 28 8880 14328
BUY 79 2150 22179
BUY 96 13447 14596
BUY 3 721 12903
BUY 53 9668 22153
BUY 1 4823 22601
BUY 49 3046 9649
BUY 47 14168 447
BUY 33 11845 18033
BUY 25 12510 10325
BUY 64 19493 11064
BUY 21 10659 12521
BUY 86 19857 24586
BUY 53 12591 6353
BUY 70 5075 6870
BUY 27 19598 15527
BUY 76 4720 25076
BUY 99 17810 16799
BUY 50 4455 3750
BUY 10 9940 16410
BUY 17 3384 24617
BUY 87 12388 25287
BUY 69 13172 20669
BUY 92 13839 3992
BUY 96 14307 3396
BUY 51 1943 11351
BUY 99 2989 22599
BUY 22 1649 11622
BUY 68 9430 22768
BUY 31 8123 13331
BUY 21 16717 20621
BUY 50 16401 8550
BUY 38 2959 7138
BUY 60 6061 14660
BUY 11 14225 4611
BUY 68 7241 11468
BUY 91 18162 14091
BUY 24 3060 15324
BUY 94 10434 3894
BUY 97 3141 17197
BUY 9 11670 25809
BUY 11 17305 12511
BUY 68 2308 6068
BUY 15 19887 3715
BUY 99 7035 999
BUY 6 5510 806
BUY 32 16188 11932
BUY 39 10081 8839
BUY 50 8803 15150
BUY 64 6279 16464
BUY 66 16200 19666
BUY 77 10081 19077
BUY 88 13449 13988
BUY 94 15778 3394
BUY 34 6595 2034
BUY 2 13245 11502
BUY 17 4229 4917
BUY 67 12347 5367
BUY 36 2572 14936
BUY 46 7241 6346
BUY 98 19894 5698
BUY 73 865 5473
BUY 9 19602 5009
BUY 50 2245 11950
BUY 60 9997 19660
BUY 43 12262 18743
BUY 15 13520 18115
BUY 69 1483 25869
BUY 84 1996 4384
BUY 84 797 18084
BUY 4 2087 19304
BUY 85 2604 25685
BUY 57 9602 11357
BUY 90 1544 11790
BUY 61 15284 15461
BUY 53 14873 4353
BUY 91 4433 6791
BUY 60 17504 18460
BUY 38 17433 4238
BUY 25 16308 17125
BUY 39 13596 6939
BUY 96 3817 11996
BUY 52 8123 15952
BUY 41 16992 10341
BUY 61 9511 761
BUY 56 11772 456
BUY 38 103 21138
BUY 53 6983 16753
BUY 96 9176 7796
BUY 67 19162 22467
BUY 41 2744 25341
BUY 27 4300 5627
BUY 40 17435 18340
BUY 65 8926 18465
BUY 78 15822 15678
BUY 83 2778 5083
BUY 84 12378 5484
BUY 71 18959 4571
BUY 58 8880 9658
BUY 68 14890 12668
BUY 32 15867 16432
BUY 11 3214 3011
BUY 0 4999 11400
BUY 9 17563 11909
BUY 19 13115 13419
BUY 64 15024 16264
BUY 45 10409 13645
BUY 43 1247 24743
BUY 89 2897 25189
BUY 95 2693 5395
BUY 20 18482 12220
BUY 89 17603 4689
BUY 48 12262 5548
BUY 71 12668 21971
BUY 24 11845 2124
BUY 69 19071 1169
BUY 96 6900 2696
BUY 52 5308 11752
BUY 94 9610 13394
BUY 88 10617 24188
BUY 15 10323 19915
BUY 77 4359 25277
BUY 5 2531 3505
BUY 38 9743 14438
BUY 8 8539 13708
BUY 76 9009 10776
BUY 44 19795 3744
BUY 68 9613 8968
BUY 63 13925 12063
BUY 9 11250 22709
BUY 6 4365 25406
BUY 66 11867 20966
BUY 64 8584 4364
BUY 34 15778 16334
BUY 88 14926 5288
BUY 4 13800 10904
BUY 66 17275 18066
BUY 54 2866 7854
BUY 22 2565 24422
BUY 76 19189 12776
BUY 0 4296 19200
BUY 65 6335 25765
BUY 29 15556 8029
BUY 11 6218 11011
BUY 74 16572 9974
BUY 52 830 13352
BUY 23 5533 14223
BUY 89 15752 14989
BUY 64 4687 10864
BUY 9 12664 5209
BUY 88 823 4888
BUY 99 4567 23399
BUY 6 5294 4806
BUY 31 2918 25131
BUY 76 14498 8276
BUY 20 17404 5520
BUY 54 19038 20854
BUY 2 11380 18402
BUY 85 2308 16985
BUY 41 9785 41
BUY 53 14168 3953
BUY 84 8826 4884
BUY 5 10413 20805
BUY 94 17058 5494
BUY 36 156 17136
BUY 55 19586 18955
BUY 84 11037 884
BUY 17 67 23017
BUY 62 2476 7762
BUY 14 13417 21314
BUY 19 8874 12519
BUY 86 19148 10386
BUY 68 13409 5468
BUY 28 2491 9828
BUY 38 9103 20238
BUY 79 9671 2179
BUY 83 18968 1883
BUY 56 19828 6656
BUY 22 17293 4022
BUY 78 620 4878
BUY 64 2572 9564
BUY 91 967 9891
BUY 39 16034 3039
BUY 74 1847 3874
BUY 13 15674 1713
BUY 99 18375 7199
BUY 84 2816 16884
BUY 52 16928 19652
BUY 90 3561 22590
BUY 20 13096 24320
BUY 50 8331 2350
BUY 39 11380 13439
BUY 44 4563 5744
BUY 55 11145 15455
BUY 10 7148 11910
BUY 1 9331 22101
BUY 87 2816 1187
BUY 80 3244 13580
BUY 42 449 21142
BUY 73 14006 10773
BUY 48 12744 8348
BUY 26 14909 7926
BUY 25 653 25325
BUY 47 3629 16347
BUY 94 4302 3994
BUY 39 19420 9039
BUY 77 13449 18077
BUY 80 8680 24380
BUY 53 19732 7553
BUY 41 8769 21241
BUY 91 10176 12891
BUY 59 1996 14159
BUY 63 4789 17563
BUY 42 17647 10142
BUY 77 4830 24477
BUY 88 11143 15088
BUY 26 16028 6426
BUY 74 7618 10074
BUY 70 11117 25570
BUY 46 2442 9546
BUY 50 15396 22650
BUY 59 11614 1859
BUY 30 15881 21730
BUY 73 12542 20073
BUY 78 4711 5078
BUY 89 17943 4589
BUY 67 8539 3767
BUY 21 18537 13121
BUY 51 1321 9951
BUY 72 12377 1572
BUY 88 19761 11788
BUY 51 13930 4951
BUY 16 10741 8616
BUY 78 16694 8878
BUY 24 4286 5624
BUY 14 19789 5814
BUY 46 1468 546
BUY 87 11525 13387
BUY 10 18131 15710
BUY 45 12062 25245
BUY 7 1487 5307
BUY 7 7511 4107
BUY 5 15674 12905
BUY 55 10879 1055
BUY 71 690 1671
BUY 53 14092 9753
BUY 49 13998 7049
BUY 7 14115 6407
BUY 54 8697 15754
BUY 32 17433 19532
BUY 25 690 6525
BUY 44 8518 1244
BUY 31 10434 16631
BUY 44 6752 1044
BUY 62 5115 15962
BUY 16 11985 17716
BUY 39 2172 18639
BUY 85 17805 3685
BUY 0 9844 16600
BUY 36 9473 4436
BUY 57 10369 23157
BUY 69 13245 7369
BUY 25 12113 5125
BUY 16 11032 15716
BUY 50 6406 12950
BUY 2 16110 25702
BUY 23 9924 25223
BUY 92 16717 16892
BUY 19 2816 18019
BUY 0 14798 5900
BUY 43 457 143
BUY 63 11592 25163
BUY 29 9932 21929
BUY 48 553 4248
BUY 18 6007 16018
BUY 71 3185 17271
BUY 71 5533 14071
BUY 80 14331 19480
BUY 23 13960 13723
BUY 93 10519 12993
BUY 35 12272 16735
BUY 98 14772 23698
BUY 98 4455 1498
BUY 5 4564 23005
BUY 37 12746 22037
BUY 28 17647 5328
BUY 5 3185 15005
BUY 77 6261 12377
BUY 84 3354 3684
BUY 68 10255 17368
BUY 48 16849 25648
BUY 63 6818 9663
BUY 31 16128 12631
BUY 57 4082 24557
BUY 77 14592 23177
BUY 10 10152 21410
BUY 37 6646 5837
BUY 9 16536 21309
BUY 33 4711 233
BUY 31 14143 12131
BUY 20 14092 16820
BUY 98 1841 14298
BUY 0 4527 13200
BUY 71 13172 2571
BUY 99 5657 15899
BUY 60 11666 15660
BUY 34 10195 24934
BUY 39 16916 22039
BUY 59 12954 6459
BUY 62 11630 21062
BUY 46 2245 846
BUY 59 5244 24259
BUY 26 17675 20026
BUY 83 16552 583
BUY 14 10315 24914
BUY 41 31 25141
BUY 30 13553 3430
BUY 50 12113 10850
BUY 27 12219 14127
BUY 1 17314 15301
BUY 57 12223 19657
BUY 73 7618 11973
BUY 80 381 16680
BUY 54 13962 19154
BUY 63 8046 14863
BUY 38 13553 19638
BUY 97 6368 697
BUY 7 14313 24907
BUY 74 16552 8074
BUY 86 13723 24986
BUY 71 16321 24671
BUY 47 12811 23347
BUY 65 17605 19465
BUY 75 4189 23075
BUY 4 11883 25304
BUY 25 3516 225
BUY 64 10076 15264
BUY 63 11223 10363
BUY 14 8803 14114
BUY 22 8501 2122
BUY 52 9986 4152
BUY 55 3840 25255
BUY 97 18112 3497
BUY 30 11246 20830
BUY 90 3821 24390
BUY 92 753 12992
BUY 11 5725 12911
BUY 84 15419 9284
BUY 45 3430 22145
BUY 10 17404 3710
BUY 86 5657 11686
BUY 85 14571 24385
BUY 93 15545 20493
BUY 63 6560 25963
BUY 7 17583 25807
BUY 53 10286 4753
BUY 88 17594 24888
BUY 10 19408 1210
BUY 97 17943 18597
BUY 75 7035 8275
BUY 89 15617 2589
BUY 14 4929 9514
BUY 73 6840 18973
BUY 61 319 17861
BUY 73 8414 8573
BUY 37 14168 2637
BUY 28 8087 25728
BUY 84 15029 19984
BUY 37 12044 3037
BUY 91 9303 15791
BUY 96 14307 4296
BUY 62 14793 9562
BUY 24 19761 7724
BUY 32 2491 8532
BUY 86 17266 6786
BUY 35 7879 1735
BUY 14 9610 13014
BUY 30 6879 25730
BUY 92 17433 17192
BUY 25 12664 11325
BUY 24 1103 19124
BUY 8 13448 17708
BUY 22 5800 16022
BUY 47 14628 20947
BUY 20 10950 23420
BUY 55 7761 22955
BUY 21 9336 10821
BUY 56 2610 15256
BUY 80 867 15880
BUY 83 14114 883
BUY 43 5308 13343
BUY 15 7811 7415
BUY 4 509 12304
BUY 90 6637 21690
BUY 66 13877 23466
BUY 36 4563 14136
BUY 18 9113 21518
BUY 78 12903 10478
BUY 22 19761 5422
BUY 16 2028 516
BUY 24 17943 524
BUY 47 1206 22147
BUY 47 7223 15547
BUY 5 13409 12105
BUY 79 5514 19879
BUY 68 11267 20968
BUY 64 7820 4064
BUY 30 1118 22530
BUY 14 18363 22214
BUY 50 19769 7150
BUY 8 7385 9508
BUY 20 13596 19120
BUY 45 13448 17345
BUY 63 19637 21763
BUY 94 12379 3694
BUY 49 9336 14249
BUY 32 3489 1932
BUY 49 10834 25849
BUY 58 13245 13058
BUY 86 499 7186
BUY 62 565 25862
BUY 70 12562 10170
BUY 26 16633 426
BUY 61 664 7461
BUY 98 3284 1398
BUY 57 18112 14757
BUY 71 16231 6671
BUY 25 14360 23925
BUY 81 13953 13981
BUY 14 9649 8114
BUY 92 17448 6792
BUY 61 11181 19961
BUY 66 14461 19566
BUY 14 10044 15014
BUY 82 17266 18282
BUY 41 19664 4541
BUY 0 5208 22000
BUY 16 10019 24116
BUY 1 3674 25101
BUY 72 18269 22072
BUY 46 852 25346
BUY 68 5657 16668
BUY 0 9024 17100
BUY 5 7168 8605
BUY 39 19498 25139
BUY 12 11666 5512
BUY 93 3629 14193
BUY 16 16100 22316
BUY 79 3466 6679
BUY 83 2778 15183
BUY 61 3197 10161
BUY 28 4306 6528
BUY 31 2419 21331
BUY 71 14348 6471
BUY 13 13493 11613
BUY 30 16177 23830
BUY 89 9530 14089
BUY 34 18162 1034
BUY 28 19818 10328
BUY 40 664 1340
BUY 18 4929 8518
BUY 65 8383 18065
BUY 16 6142 1616
BUY 99 4994 25399
BUY 27 15574 3827
BUY 18 4625 21218
BUY 26 15024 16026
BUY 87 17984 16987
BUY 28 9344 25328
BUY 98 15785 17998
BUY 36 13787 4336
BUY 17 14848 19517
BUY 46 13736 16646
BUY 89 1646 16789
BUY 39 15752 7839
BUY 14 10879 16914
BUY 18 3505 10418
BUY 74 319 11974
BUY 36 10581 8436
BUY 39 4060 8939
BUY 57 19452 18257
BUY 27 18105 3227
BUY 84 1792 12484
BUY 18 755 15818
BUY 93 1308 21393
BUY 62 12515 8862
BUY 35 10044 5135
BUY 44 16114 6144
BUY 53 8331 8453
BUY 16 3319 23116
BUY 11 19901 211
BUY 35 5115 10435
BUY 51 5557 24051
BUY 99 18322 23199
BUY 41 14907 21741
BUY 42 8088 12242
BUY 58 9530 16958
BUY 21 690 10721
BUY 75 255 12475
BUY 8 13845 14608
BUY 49 13982 22049
BUY 25 19957 22325
BUY 98 1646 3498
BUY 12 7162 18112
BUY 6 2754 25306
BUY 56 11755 4456
BUY 63 5459 16563
BUY 69 3712 21269
BUY 75 620 14175
BUY 87 2851 13587
BUY 8 13036 18108
BUY 17 1735 4017
BUY 26 11919 15826
BUY 69 19064 7869
BUY 46 11063 24746
BUY 65 17069 14965
BUY 98 2572 7698
BUY 94 12744 1094
BUY 15 255 1115
BUY 8 12138 7208
BUY 43 8287 7343
BUY 45 5510 3045
BUY 44 11548 20744
BUY 10 7162 5510
BUY 21 5119 10121
BUY 91 13459 8691
BUY 15 14811 10115
BUY 65 15652 3365
BUY 24 18431 6624
BUY 26 19602 2526
BUY 31 15556 2931
BUY 12 13146 8312
BUY 60 1972 24160
BUY 29 13449 4729
BUY 44 17561 20844
BUY 30 9694 23530
BUY 88 11042 21688
BUY 68 16717 268
BUY 98 2803 16398
BUY 43 65 4443
BUY 79 755 17679
BUY 62 13241 22262
BUY 18 1735 4418
BUY 43 14848 14243
BUY 53 15040 21653
BUY 28 5285 25628
BUY 78 18074 11978
BUY 14 12803 23714
BUY 55 2184 3555
BUY 4 15778 2504
BUY 94 10156 21794
BUY 5 19352 21105
BUY 46 9986 12746
BUY 59 1978 5859
BUY 40 10972 3740
BUY 12 17727 12712
BUY 82 19818 15782
BUY 88 381 8888
BUY 79 17579 20579
BUY 41 7648 25941
BUY 81 4031 9081
BUY 98 19613 20798
BUY 53 11032 1553
BUY 99 4331 3399
BUY 38 16890 17738
BUY 67 13071 23867
BUY 98 6795 22898
BUY 39 5338 8739
BUY 0 18430 14900
BUY 14 18346 25914
BUY 19 4357 4919
BUY 14 570 21914
BUY 60 5514 16360
BUY 54 12963 17954
BUY 13 8204 19313
BUY 66 14129 22866
BUY 2 18492 14002
BUY 22 3284 4722
BUY 36 4300 11936
BUY 7 7811 9407
BUY 3 16309 2303
BUY 32 19436 5732
BUY 76 14877 14676
BUY 92 13960 5792
BUY 20 3241 4920
BUY 90 18074 6690
BUY 28 4668 21528
BUY 47 17727 8547
BUY 61 1943 3561
BUY 29 16782 4929
BUY 51 12157 23251
BUY 63 12361 24363
BUY 71 16028 6871
BUY 94 16984 13494
BUY 41 10979 5041
BUY 59 10063 20859
BUY 47 14915 3447
BUY 91 14326 1091
BUY 98 8939 21798
BUY 84 13979 21784
BUY 82 11912 12382
BUY 11 19436 11311
BUY 91 16878 3091
BUY 12 11031 22812
BUY 30 17805 8630
BUY 46 15752 9246
BUY 41 16857 15941
BUY 68 3876 24068
BUY 36 13874 25236
BUY 13 15407 9413
BUY 56 17630 24556
BUY 45 14890 20245
BUY 11 17775 24811
BUY 76 8045 15976
BUY 8 18162 1108
BUY 63 2778 17263
BUY 50 8584 13650
BUY 89 12262 6489
BUY 96 15069 2296
BUY 57 4527 3057
BUY 48 3046 7548
BUY 25 19716 11625
BUY 55 9785 11455
BUY 53 17435 16553
BUY 4 2501 17504
BUY 54 10879 17754
BUY 46 3454 23146
BUY 60 17579 9360
BUY 28 19493 20528
BUY 13 15806 1613
BUY 55 9548 1455
BUY 0 1358 21200
BUY 63 8216 6063
BUY 27 10519 2827
BUY 2 10243 16502
BUY 89 12879 289
BUY 39 13367 13839
BUY 18 6823 14218
BUY 17 63 3917
BUY 54 16090 23154
BUY 35 377 11135
BUY 39 372 18939
BUY 68 16782 11168
BUY 30 8803 2530
BUY 24 1056 14824
BUY 76 2893 7176
BUY 42 13842 11542
BUY 66 8874 10666
BUY 57 5888 22157
BUY 85 8552 7785
BUY 38 3855 22738
BUY 24 1101 22724
BUY 54 721 19954
BUY 64 7145 2364
BUY 32 3215 23132
BUY 36 13459 14036
BUY 52 7396 9352
BUY 14 8124 22014
BUY 14 13834 8614
BUY 91 6607 11791
BUY 17 2674 2517
BUY 60 1209 21060
BUY 99 11001 25899
BUY 7 3629 1407
BUY 11 18982 13311
BUY 30 5075 7130
BUY 23 4392 18323
BUY 84 9103 18184
BUY 66 15113 22466
BUY 69 6862 5669
BUY 11 16028 411
BUY 59 3291 25959
BUY 87 4357 18187
BUY 25 17149 11725
BUY 51 11666 13351
BUY 26 13447 4726
BUY 56 15024 7956
BUY 18 9262 11118
BUY 30 12828 23930
BUY 21 19548 25021
BUY 93 10902 1193
BUY 75 10879 2675
BUY 84 19201 11284
BUY 45 14285 10245
BUY 10 63 10610
BUY 58 18408 21458
BUY 20 4306 3720
BUY 6 14307 14006
BUY 44 14650 2744
BUY 95 1487 9795
BUY 65 4670 10465
BUY 3 2826 16903
BUY 40 15719 22940
BUY 23 14491 21723
BUY 27 13010 24027
BUY 33 3912 23133
BUY 62 6936 20762
BUY 15 19644 9415
BUY 75 9014 16275
BUY 50 5657 19350
BUY 33 2214 14833
BUY 41 8796 22441
BUY 41 15822 241
BUY 30 6840 8930
BUY 82 11004 9082
BUY 14 19586 9014
BUY 54 4371 20354
BUY 50 18162 9750
BUY 16 10134 20316
BUY 10 11515 25810
BUY 2 17100 25502
BUY 94 15250 9794
BUY 59 17647 13659
BUY 54 5797 9154
BUY 35 2204 16935
BUY 15 4229 10815
BUY 35 14934 20535
BUY 71 17023 22371
BUY 55 19887 16855
BUY 37 2787 14337
BUY 77 2531 14377
BUY 91 12904 4091
BUY 25 4929 15825
BUY 78 4711 17978
BUY 2 11414 21602
BUY 55 9205 255
BUY 14 19148 8514
BUY 20 18847 13120
BUY 24 8088 8924
BUY 13 19653 9513
BUY 62 17909 23362
BUY 51 15116 25851
BUY 7 13300 25507
BUY 69 4286 2569
BUY 97 18159 13197
BUY 71 12462 23171
BUY 99 926 16199
BUY 74 17728 6274
BUY 56 4683 15656
BUY 31 17389 7031
BUY 90 19027 24490
BUY 49 7396 12649
BUY 1 3140 22001
BUY 85 15419 4285
BUY 89 8290 17489
BUY 7 13409 17907
BUY 16 2373 17516
BUY 9 19906 3009
BUY 17 1056 2217
BUY 46 3863 19546
BUY 7 2349 20307
BUY 16 10423 11916
BUY 13 12026 23413
BUY 90 3009 6490
BUY 71 1557 3171
BUY 30 2149 530
BUY 96 15867 20096
BUY 50 8584 13450
BUY 50 2091 23650
BUY 43 17344 6743
BUY 39 1841 16639
BUY 56 2043 12056
BUY 65 12637 9765
BUY 12 16305 25812
BUY 32 15584 23932
BUY 59 8837 24759
BUY 84 3817 6484
BUY 60 2172 15460
BUY 46 18431 14646
BUY 38 14915 17138
BUY 1 2199 11601
BUY 48 12679 1948
BUY 50 15815 1050
BUY 67 3629 3067
BUY 23 16807 24223
BUY 69 13170 11369
BUY 6 5891 25806
BUY 23 14856 25723
BUY 60 5544 11160
BUY 19 10684 23119
BUY 75 7094 3675
BUY 6 11666 9106
BUY 11 16802 10411
BUY 40 17964 20240
BUY 41 13995 21541
BUY 30 2933 5330
BUY 75 755 19675
BUY 72 5294 9872
BUY 78 1116 16078
BUY 61 7841 4361
BUY 18 16106 9418
BUY 34 11734 16134
BUY 60 1649 12660
BUY 6 5517 23106
BUY 88 381 888
BUY 6 3197 4306
BUY 54 7202 24354
BUY 97 9548 7897
BUY 69 14353 14769
BUY 39 499 2139
BUY 86 4789 11886
BUY 90 6973 10690
BUY 10 11755 3810
BUY 81 10708 23981
BUY 31 17149 12731
BUY 51 11061 6051
BUY 84 16709 4684
BUY 88 14934 18988
BUY 29 705 22929
BUY 65 11081 15665
BUY 40 2770 21240
BUY 76 2467 25476
BUY 59 7746 24659
BUY 95 10227 7195
BUY 81 12588 5081
BUY 6 13170 906
BUY 13 11223 14913
BUY 46 13074 7546
BUY 85 11032 11385
BUY 33 1544 19233
BUY 30 18959 3030
BUY 37 16139 15437
BUY 9 10879 9309
BUY 98 6990 21598
BUY 21 12963 17521
BUY 34 9530 1634
BUY 88 6840 16088
BUY 43 17805 10043
BUY 29 7474 22829
BUY 86 4711 486
BUY 72 2674 17972
BUY 41 19954 24041
BUY 70 10931 10870
BUY 64 7588 21064
BUY 29 9511 1929
BUY 45 12781 10645
BUY 20 865 20520
BUY 46 1845 21146
BUY 66 5055 9466
BUY 0 6818 5700
BUY 1 16241 21201
BUY 95 17943 1295
BUY 76 3141 9776
BUY 30 2866 12830
BUY 8 12648 24108
BUY 60 14114 960
BUY 59 1978 12159
BUY 86 5255 186
BUY 25 19818 3025
BUY 32 19239 3432
BUY 55 13545 1555
BUY 75 9287 13775
BUY 2 14237 21302
BUY 42 4670 442
BUY 5 4198 25705
BUY 19 8552 13119
BUY 67 17456 22367
BUY 31 19141 25631
BUY 40 2357 21940
BUY 80 6226 20980
BUY 38 7604 9038
BUY 31 8812 19331
BUY 63 5197 24863
BUY 87 18489 15187
BUY 41 2953 4341
BUY 3 12963 20403
BUY 68 17097 18468
BUY 74 14239 25274
BUY 48 5119 4848
BUY 58 7792 14158
BUY 78 8383 14178
BUY 91 4365 21591
BUY 40 6310 25140
BUY 52 11037 14852
BUY 32 12262 1232
BUY 72 17728 10472
BUY 62 19527 25462
BUY 84 2892 8984
BUY 99 11851 20199
BUY 27 14926 7427
BUY 79 12558 11679
BUY 57 19882 457
BUY 37 19609 22737
BUY 98 1792 20098
BUY 83 3466 19483
BUY 55 6973 8755
BUY 51 1678 8651
BUY 70 8363 24070
BUY 90 8448 18090
BUY 38 2138 24038
BUY 10 16568 15410
BUY 76 19789 8976
BUY 1 11037 1701
BUY 52 15069 13652
BUY 3 8414 14103
BUY 76 19937 276
BUY 30 5510 5130
BUY 61 8878 17061
BUY 32 11316 3732
BUY 41 5981 21041
BUY 41 15244 17541
BUY 50 377 14850
BUY 22 13493 5722
BUY 3 3379 10703
BUY 21 12515 18221
BUY 76 1983 23076
BUY 0 4031 3400
BUY 34 17742 25534
BUY 99 1611 9599
BUY 95 11071 4695
BUY 28 3185 7628
BUY 41 7738 6341
BUY 10 1536 13810
BUY 50 15815 10150
BUY 49 15689 14649
BUY 66 17593 23666
BUY 59 3505 6759
BUY 50 2768 15850
BUY 38 18368 638
BUY 10 19906 3110
BUY 81 17135 11581
BUY 49 19320 8749
BUY 45 11540 15945
BUY 32 2058 2132
BUY 11 11647 8411
BUY 22 1841 13922
BUY 9 3636 11509
BUY 64 17167 22164
BUY 74 15115 13474
BUY 80 2826 12880
BUY 83 14253 22383
BUY 89 18492 13089
BUY 37 6823 17137
BUY 7 4975 24507
BUY 31 10948 13431
BUY 9 16320 6009
BUY 2 15560 8402
BUY 98 10081 5798
BUY 41 240 7441
BUY 6 3987 25006
BUY 25 16694 8125
BUY 16 5137 7016
BUY 6 14934 5306
BUY 59 509 6159
BUY 10 4244 19310
BUY 56 2816 3756
BUY 66 6218 4866
BUY 88 4563 14388
BUY 15 3226 20415
BUY 82 11258 2382
BUY 56 8952 14556
BUY 90 17437 22090
BUY 57 19716 17657
BUY 63 8204 11563
BUY 17 16088 12117
BUY 51 15245 4051
BUY 19 6595 12319
BUY 79 6472 13579
BUY 75 12879 17475
BUY 2 7801 4902
BUY 57 15399 17457
BUY 35 3391 23135
BUY 81 19251 2881
BUY 42 14915 19842
BUY 80 9368 23880
BUY 54 8826 9054
BUY 89 16008 19689
BUY 85 10821 16885
BUY 51 5533 1351
BUY 49 10645 2649
BUY 54 8290 20554
BUY 84 2258 3784
BUY 36 18431 13236
BUY 55 14664 23655
BUY 97 7437 18297
BUY 90 9014 890
BUY 1 5075 11101
BUY 51 3185 4751
BUY 59 11831 23559
BUY 15 7145 11715
BUY 33 18968 15833
BUY 76 4752 21376
BUY 3 19636 21003
BUY 1 2460 25401
BUY 97 18288 8897
BUY 37 6646 18637
BUY 43 10909 19943
BUY 59 7348 859
BUY 46 17097 17446
BUY 97 14002 4997
BUY 83 14326 16483
BUY 51 8383 8851
BUY 93 12954 7993
BUY 64 5209 17664
BUY 17 16401 13817
BUY 1 2953 2301
BUY 40 12113 19040
BUY 41 12278 18641
BUY 68 19071 5668
BUY 58 7386 22958
BUY 66 11627 12266
BUY 75 18797 23975
BUY 11 6818 18111
BUY 95 499 10895
BUY 29 823 15229
BUY 71 7911 10971
BUY 39 9916 21739
BUY 51 3817 19751
BUY 18 14104 13818
BUY 25 9671 19725
BUY 71 18160 12371
BUY 1 4059 13701
BUY 98 18968 15498
BUY 99 16308 1799
BUY 67 19168 11167
BUY 45 17404 18545
BUY 76 11116 2976
BUY 2 9511 13802
BUY 96 13760 12296
BUY 37 10762 11037
BUY 37 3241 7137
BUY 62 19903 2462
BUY 7 18023 23707
BUY 44 4123 6044
BUY 23 5296 5923
BUY 67 753 10367
BUY 21 10948 9821
BUY 19 15785 20719
BUY 37 15556 1937
BUY 62 883 23262
BUY 51 30 23451
BUY 15 1116 5015
BUY 34 13421 7734
BUY 88 127 10688
BUY 72 16246 14772
BUY 10 7792 17710
BUY 38 9239 24138
BUY 23 6372 9423
BUY 33 7396 17133
BUY 56 4745 7156
BUY 41 11254 24141
BUY 80 19586 2680
BUY 32 8045 16132
BUY 85 13292 7585
BUY 10 13624 21910
BUY 88 19932 9488
BUY 52 823 7352
BUY 65 19789 12665
BUY 14 8088 12514
BUY 5 4306 11605
BUY 38 5459 3438
BUY 69 9997 10969
BUY 69 5657 569
BUY 87 1103 10287
BUY 31 1557 10131
BUY 56 13953 10156
BUY 18 19804 11718
BUY 84 10645 20184
BUY 74 19168 1474
BUY 25 13642 5625
BUY 91 5510 12691
BUY 52 16694 9952
BUY 52 4969 17952
BUY 86 3379 10686
BUY 65 9473 14565
BUY 31 11755 20531
BUY 67 6769 4967
BUY 51 19644 5051
BUY 13 6372 5813
BUY 86 5294 18286
BUY 63 1606 12463
BUY 20 16890 7520
BUY 35 7618 14835
BUY 32 10659 8232
BUY 30 9103 1330
BUY 95 16693 22195
BUY 44 8832 11044
BUY 63 14798 10863
BUY 24 13700 25124
BUY 19 16494 8219
BUY 90 5725 11590
BUY 12 1761 25412
BUY 26 1978 3926
BUY 50 156 2450
BUY 16 16419 9616
BUY 49 4683 949
BUY 24 13553 16124
BUY 40 13923 23340
BUY 40 1864 14540
BUY 33 8088 20233
BUY 70 11796 18670
BUY 18 19589 20818
BUY 35 19251 11835
BUY 24 2245 1524
BUY 13 13185 18313
BUY 11 16802 8011
BUY 50 7604 6350
BUY 53 14530 53
BUY 1 2984 15401
BUY 33 6099 24333
BUY 63 14114 14663
BUY 12 3808 25112
BUY 93 9377 1293
BUY 12 11845 6012
BUY 41 8162 3041
BUY 87 7024 23687
BUY 80 11343 19080
BUY 14 19349 6214
BUY 78 13146 11278
BUY 55 7792 5655
BUY 48 4123 18448
BUY 60 6023 5760
BUY 98 18562 11698
BUY 86 3511 10886
BUY 35 14285 1935
BUY 59 10821 14259
BUY 40 14500 2240
BUY 57 13787 9057
BUY 56 8584 15056
BUY 29 101 15629
BUY 88 8762 15788
BUY 30 7301 13430
BUY 7 11484 9807
BUY 88 3046 5688
BUY 34 15245 5434
BUY 41 5815 12141
BUY 35 13185 19635
BUY 93 4114 4593
BUY 14 13765 314
BUY 76 18368 9976
BUY 12 19628 25612
BUY 33 14498 1033
BUY 13 3244 2513
BUY 51 16231 5251
BUY 8 137 4008
BUY 82 18109 6782
BUY 57 12377 7657
BUY 12 14776 22212
BUY 70 15087 19770
BUY 66 19887 11266
BUY 17 1999 23317
BUY 83 7270 24283
BUY 71 8045 8071
BUY 38 127 18538
BUY 42 1841 8042
BUY 72 15637 22772
BUY 45 17918 25645
BUY 33 17579 15133
BUY 82 364 23982
BUY 81 16709 14581
BUY 62 17448 15762
BUY 76 9442 7676
BUY 3 5935 2103
BUY 59 8529 23759
BUY 3 8708 21303
BUY 26 12558 12926
BUY 37 9490 13337
BUY 53 14285 16053
BUY 61 4369 25761
BUY 87 15406 4087
BUY 79 221 3779
BUY 92 3636 17692
BUY 7 5815 3607
BUY 47 17502 25047
BUY 90 16114 8390
BUY 82 4197 5582
BUY 92 4123 11992
BUY 50 14168 17950
BUY 56 15100 9956
BUY 58 1606 358
BUY 40 6142 5340
BUY 97 2984 7597
BUY 82 3637 15582
BUY 61 3379 19761
BUY 89 2816 3289
BUY 80 7841 3080
BUY 97 4019 15097
BUY 89 14373 9689
BUY 37 8323 537
BUY 19 10336 7319
BUY 47 19479 2547
BUY 40 755 11540
BUY 40 19530 10240
BUY 24 5055 5424
BUY 1 2058 301
BUY 6 1379 15506
BUY 64 6058 24764
BUY 28 2400 13528
BUY 14 13962 2214
BUY 95 5657 5495
BUY 22 5403 23422
BUY 75 499 18475
BUY 92 10580 4292
BUY 36 10553 18336
BUY 96 4734 8896
BUY 97 7278 6097
BUY 61 10286 2061
BUY 72 15752 20272
BUY 94 19452 2694
BUY 21 13825 23921
BUY 7 2066 7
BUY 29 19493 2429
BUY 62 11118 5062
BUY 8 3990 18508
BUY 74 19866 20074
BUY 16 7190 21716
BUY 10 17257 23410
BUY 65 578 25665
BUY 23 11343 7423
BUY 81 18482 9581
BUY 9 18458 21909
BUY 69 12377 469
BUY 46 11919 19646
BUY 65 11614 8965
BUY 53 14225 18053
BUY 27 11317 11227
BUY 62 5096 14362
BUY 14 14626 13814
BUY 40 12425 20940
BUY 38 10081 12538
BUY 14 9336 17314
BUY 71 2655 10671
BUY 84 5804 10084
BUY 1 10909 2701
BUY 53 10482 25453
BUY 35 9829 135
BUY 29 14873 1729
BUY 14 6261 2114
BUY 90 9602 9890
BUY 68 5933 22568
BUY 33 11380 5533
BUY 13 18160 12413
BUY 1 1826 24001
BUY 95 13735 3095
BUY 89 11241 14489
BUY 94 17467 7394
BUY 61 12586 3861
BUY 98 2521 4498
BUY 34 7884 17834
BUY 20 3637 3520
BUY 48 12013 23648
BUY 72 15545 18672
BUY 93 2342 5493
BUY 73 15338 19873
BUY 89 823 4789
BUY 22 4904 17422
BUY 36 8755 18536
BUY 16 16560 2216
BUY 23 13524 22323
BUY 18 19265 22918
BUY 28 6752 1828
BUY 74 8299 4874
BUY 92 14268 25792
BUY 96 221 4496
BUY 71 13520 17671
BUY 42 5119 11842
BUY 56 17344 10456
BUY 13 14064 5513
BUY 74 19270 24474
BUY 24 15284 10524
BUY 29 14793 11029
BUY 81 13962 12581
BUY 50 13036 16850
BUY 5 4244 12205
BUY 60 1157 24860
BUY 55 15574 3755
BUY 1 7241 9701
BUY 8 1643 1808
BUY 61 10306 23261
BUY 54 7373 19254
BUY 24 17805 15724
BUY 51 2258 1151
BUY 10 4789 5310
BUY 93 17058 15193
BUY 16 5173 2316
BUY 27 8997 25027
BUY 23 10134 723
BUY 58 13845 14358
BUY 32 14500 7132
BUY 71 5296 7271
BUY 97 16401 16197
BUY 88 12903 12688
BUY 41 6769 8841
BUY 27 3379 4427
BUY 83 240 15583
BUY 73 5565 22073
BUY 57 5064 15657
BUY 98 15556 4798
BUY 49 15727 8449
BUY 96 10885 10296
BUY 11 6142 3711
BUY 35 9060 21935
BUY 21 18841 18721
BUY 6 3743 19606
BUY 90 12223 10990
BUY 59 5064 15259
BUY 12 14002 4612
BUY 91 8287 8991
BUY 86 18558 24886
BUY 19 3662 24919
BUY 84 11548 17884
BUY 20 8046 120
BUY 36 15109 18736
BUY 87 13245 12687
BUY 93 5255 20593
BUY 34 17069 13434
BUY 49 19598 2149
BUY 81 19882 10881
BUY 47 10304 2147
BUY 27 18953 19327
BUY 21 15574 11821
BUY 24 8174 23724
BUY 39 8204 12239
BUY 67 17272 12767
BUY 95 15284 20495
BUY 22 8132 10922
BUY 94 7249 8894
BUY 58 19493 2458
BUY 33 10150 25633
BUY 48 10817 21248
BUY 89 18040 22889
BUY 32 3480 932
BUY 56 101 4256
BUY 91 19656 10691
BUY 37 16302 24537
BUY 61 3387 22961
BUY 10 10646 12510
BUY 52 2779 5552
BUY 90 14088 24790
BUY 19 3214 18919
BUY 83 17984 8583
BUY 15 2649 6515
BUY 5 4477 15505
BUY 87 2934 22687
BUY 41 4789 15341
BUY 94 9014 14294
BUY 17 15674 3317
BUY 48 18600 17748
BUY 10 15053 17410
BUY 61 17453 23661
BUY 33 11152 3733
BUY 25 63 11525
BUY 17 9671 3017
BUY 91 4969 11891
BUY 75 18169 22575
BUY 43 19479 5443
BUY 50 14793 3850
BUY 11 12904 811
BUY 17 17416 20917
BUY 23 16762 823
BUY 78 1990 14278
BUY 17 4302 1517
BUY 7 14508 17507
BUY 3 553 1603
BUY 64 9576 5064
BUY 15 16568 2915
BUY 90 13520 8590
BUY 66 19251 2766
BUY 78 13172 17478
BUY 43 10741 15343
BUY 56 3575 23056
BUY 8 17606 22908
BUY 46 1553 9846
BUY 93 4127 24393
BUY 81 8312 16081
BUY 74 14671 23974
BUY 55 19937 55
BUY 69 19536 21669
BUY 55 12398 17955
BUY 42 17314 18942
BUY 5 13015 8505
BUY 25 11380 4425
BUY 39 19017 7039
BUY 3 9530 4803
BUY 74 19017 5774
BUY 80 9165 21080
BUY 5 2149 7005
BUY 52 17535 5652
BUY 93 16139 18393
BUY 98 156 18798
BUY 96 18489 16496
BUY 85 11682 24185
BUY 43 11004 2943
BUY 75 6142 20275
BUY 32 12148 8632
BUY 79 17394 15579
BUY 57 3001 19757
BUY 20 18223 19320
BUY 97 1275 22097
BUY 30 16568 7430
BUY 49 12898 9149
BUY 94 14553 24094
BUY 87 19349 7987
BUY 82 19778 14782
BUY 31 13493 931
BUY 79 18489 19579
BUY 89 4683 13189
BUY 13 12148 3613
BUY 70 14246 22870
BUY 98 2043 18898
BUY 71 16320 571
BUY 6 5911 21606
BUY 53 16139 19653
BUY 69 18982 7669
BUY 77 1104 3177
BUY 48 10009 6248
BUY 31 8251 5731
BUY 3 1379 11003
BUY 83 11116 7583
BUY 0 10243 18400
BUY 93 664 8393
BUY 57 15505 1657
BUY 60 8204 2360
BUY 9 17789 709
BUY 74 12903 16874
BUY 55 10323 6955
BUY 73 8162 20773
BUY 69 5576 8569
BUY 14 8123 18214
BUY 15 12132 20915
BUY 12 2816 19112
BUY 75 1621 21375
BUY 96 8331 8596
BUY 5 19017 13405
BUY 78 16419 7178
BUY 90 16320 9490
BUY 55 11912 11055
BUY 11 6365 23511
BUY 57 4568 3957
BUY 45 10909 20545
BUY 20 3244 16520
BUY 69 5918 5769
BUY 22 15778 9622
BUY 90 10289 10890
BUY 83 5275 22983
BUY 22 15806 20722
BUY 81 19882 17881
BUY 5 5096 18305
BUY 26 11380 11826
BUY 99 7148 9299
BUY 12 5609 6812
BUY 19 11071 3819
BUY 81 13545 181
BUY 74 8620 24074
BUY 36 7531 22336
BUY 33 9352 16233
BUY 22 11369 422
BUY 89 19201 17089
BUY 76 4563 5376
BUY 77 7988 23877
BUY 28 9442 19528
BUY 16 2273 22016
BUY 3 4442 22103
BUY 80 3241 10680
BUY 37 11881 10537
BUY 68 4670 19868
BUY 28 7400 11828
BUY 90 10707 18590
BUY 86 9484 21286
BUY 70 19017 2670
BUY 80 8260 22980
BUY 22 4758 24522
BUY 60 16551 24560
BUY 79 18255 19979
BUY 53 13479 9553
BUY 80 664 20580
BUY 96 14484 11696
BUY 69 11181 14469
BUY 93 5209 10493
BUY 38 9352 4338
BUY 92 7630 23092
BUY 69 12573 13369
BUY 1 13117 25601
BUY 5 6769 18005
BUY 0 10581 16900
BUY 9 13185 7309
BUY 11 4617 21311
BUY 98 2214 1098
BUY 61 3382 25561
BUY 5 4227 10605
BUY 81 12898 10481
BUY 42 18556 23342
BUY 27 10323 19227
BUY 75 12826 9775
BUY 96 18260 24396
BUY 52 2265 21252
BUY 32 5459 1632
BUY 40 926 16540
BUY 4 19509 20304
BUY 80 19828 16280
BUY 67 906 18067
BUY 23 3936 25323
BUY 71 779 24471
BUY 26 1056 5226
BUY 86 14923 16286
BUY 21 19716 15421
BUY 25 3894 18925
BUY 10 2373 20110
BUY 85 9173 24085
BUY 76 13520 16376
BUY 11 1644 7511
BUY 47 63 18847
BUY 76 9671 5876
BUY 6 5775 20606
BUY 8 5051 25608
BUY 7 11655 24607
BUY 50 6911 6450
BUY 30 15245 8130
BUY 87 11482 7887
BUY 75 4711 15975
BUY 51 10519 6651
BUY 31 13493 11531
BUY 97 18492 1097
BUY 78 8803 13578
BUY 87 18413 6087
BUY 10 457 14910
BUY 58 12083 12658
BUY 45 5348 6745
BUY 89 3284 6289
BUY 88 18288 9888
BUY 67 9316 25267
BUY 62 11948 12062
BUY 64 622 4964
BUY 11 4357 12811
BUY 19 19493 5919
BUY 75 11054 25075
BUY 45 19189 16345
BUY 13 4568 17913
BUY 0 8926 9400
BUY 62 9490 5562
BUY 60 4365 24960
BUY 70 19834 25770
BUY 79 13948 15879
BUY 15 15505 7515
BUY 74 830 15974
BUY 39 2768 3139
BUY 68 755 13368
BUY 60 18288 18360
BUY 60 12949 22560
BUY 77 18162 19777
BUY 68 19148 6668
BUY 26 13845 9026
BUY 18 18413 1218
BUY 60 255 17760
BUY 30 6321 25930
BUY 72 4244 8472
BUY 86 2572 13086
BUY 12 17140 22712
BUY 22 5348 20122
BUY 34 7650 23134
BUY 43 18477 6543
BUY 25 16374 7725
BUY 21 15822 2621
BUY 29 7148 2629
BUY 2 457 2602
BUY 97 19602 7797
BUY 56 8584 8356
BUY 24 17145 16624
BUY 81 13 24181
BUY 36 7148 3336
BUY 8 8088 18208
BUY 20 15863 24220
BUY 62 11985 18962
BUY 64 14285 3364
BUY 17 7249 16017
BUY 20 18847 14720
BUY 94 10979 1194
BUY 26 19853 22426
BUY 88 8045 5388
BUY 68 16814 10368
BUY 53 14024 15353
BUY 26 12781 18126
BUY 66 8088 12766
BUY 40 24 18240
BUY 8 10778 24308
BUY 53 15505 2553
BUY 61 9176 20161
BUY 44 17145 19444
BUY 49 3536 21949
BUY 47 11881 20247
BUY 58 10349 3258
BUY 60 8826 14860
BUY 50 11984 12350
BUY 60 8552 1160
BUY 10 16490 8510
BUY 36 12379 12336
BUY 3 4392 17403
BUY 19 19323 25919
BUY 40 11796 4640
BUY 87 11277 23887
BUY 83 18864 9283
BUY 79 8105 1879
BUY 79 4033 16579
BUY 14 1792 17914
BUY 28 11317 19028
BUY 62 15250 16062
BUY 86 13588 12686
BUY 18 18628 24318
BUY 1 3379 12601
BUY 32 4299 22932
BUY 75 240 9075
BUY 79 8287 16379
BUY 21 1013 23121
BUY 14 13596 18914
BUY 3 4460 25503
BUY 58 14461 7358
BUY 1 16819 24901
BUY 30 5944 1430
BUY 33 4033 19733
BUY 8 10931 7908
BUY 3 17115 17203
BUY 73 2597 23273
BUY 20 12083 2120
BUY 77 242 25677
BUY 76 4197 10076
BUY 26 10243 13226
BUY 70 16419 15270
BUY 54 792 25154
BUY 28 6373 928
BUY 58 12591 15758
BUY 77 8275 8777
BUY 29 16928 8229
BUY 72 17387 12672
BUY 99 8162 199
BUY 61 441 6561
BUY 41 18366 6941
BUY 45 16935 13745
BUY 67 5257 25067
BUY 12 8245 20912
BUY 95 17504 12295
BUY 42 7094 14542
BUY 49 4969 6949
BUY 1 16890 601
BUY 78 12831 1078
BUY 49 17097 4149
BUY 43 11967 16843
BUY 4 10409 504
BUY 54 11179 15454
BUY 12 15087 11212
BUY 83 4197 4783
BUY 41 9278 6241
BUY 87 14926 11687
BUY 28 11116 17028
BUY 37 9196 9537
BUY 46 17838 19046
BUY 29 5308 16729
BUY 23 8832 7523
BUY 71 19932 971
BUY 16 11666 6316
BUY 7 12383 21607
BUY 69 14763 18669
BUY 27 7989 20527
BUY 35 16188 10135
BUY 90 11525 2090
BUY 79 16224 12579
BUY 24 5123 21424
BUY 86 19772 20486
BUY 45 4969 1345
BUY 45 16607 25045
BUY 63 11316 2863
BUY 18 5296 7418
BUY 5 11772 4105
BUY 85 12898 1885
BUY 59 14331 3859
BUY 66 13642 8066
BUY 84 17722 21984
BUY 53 7284 21853
BUY 50 16814 4950
BUY 4 18637 25404
BUY 81 1330 24081
BUY 21 15114 25821
BUY 68 10145 21868
BUY 87 18492 20787
BUY 7 13542 21807
BUY 17 3510 25717
BUY 77 967 14677
BUY 67 18937 2067
BUY 68 16640 1568
BUY 60 18968 11960
BUY 75 18407 8775
BUY 0 15519 22300
BUY 59 1841 7159
BUY 36 14873 12636
BUY 18 14291 3118
BUY 39 4563 4839
BUY 57 19586 6357
BUY 63 8878 12263
BUY 87 3528 21287
BUY 39 553 6439
BUY 97 11755 3797
BUY 27 17762 22627
BUY 14 934 11614
BUY 7 4454 6107
BUY 11 12172 22911
BUY 58 17275 5258
BUY 60 13760 20360
BUY 54 19947 23554
BUY 39 972 2039
BUY 0 14070 19100
BUY 75 6607 20475
BUY 56 9705 24956
BUY 64 14024 14264
BUY 75 16541 10575
BUY 50 19586 7250
BUY 6 4229 8506
BUY 26 7884 8226
BUY 13 3241 17013
BUY 72 3241 14272
BUY 13 14269 25613
BUY 79 15419 1679
BUY 25 12108 19525
BUY 43 17504 1943
BUY 6 8115 22606
BUY 65 9602 11265
BUY 43 19716 12743
BUY 8 10239 508
BUY 33 934 10433
BUY 32 5459 13332
BUY 51 3698 7051
BUY 40 19705 24740
BUY 41 2258 1141
BUY 42 4950 19142
BUY 79 6607 14979
BUY 6 5576 16106
BUY 2 1978 12902
BUY 75 4033 20775
BUY 22 14002 922
BUY 70 16551 25270
BUY 18 16572 418
BUY 2 19648 23802
BUY 65 8490 21565
BUY 60 14877 11560
BUY 43 6478 17543
BUY 81 14773 2081
BUY 59 906 15759
BUY 46 12697 13546
BUY 41 2778 19641
BUY 28 8552 15228
BUY 35 10432 21535
BUY 50 2893 2950
BUY 81 2172 19281
BUY 86 5173 19886
BUY 92 2519 24992
BUY 95 12586 10795
BUY 50 2214 550
BUY 80 12531 17280
BUY 15 9366 22915
BUY 94 3559 25294
BUY 4 3641 23804
BUY 72 13449 3172
BUY 0 13364 24000
BUY 85 16802 15085
BUY 46 1544 8146
BUY 16 967 3516
BUY 97 2382 3097
BUY 52 8518 5252
BUY 22 19064 12622
BUY 10 4147 7310
BUY 58 2382 6558
BUY 60 11369 9160
BUY 84 8518 10884
BUY 43 18438 25243
BUY 46 18215 4446
BUY 89 1649 10189
BUY 5 19932 19505
BUY 67 12898 7567
BUY 84 1487 12984
BUY 17 11700 2317
BUY 51 12679 20251
BUY 9 9324 21109
BUY 40 15459 21340
BUY 13 19664 6513
BUY 85 14461 17985
BUY 85 3579 23785
BUY 60 3637 12760
BUY 70 18209 19170
BUY 44 4482 4644
BUY 48 14498 13648
BUY 82 2787 282
BUY 85 2768 17085
BUY 29 16789 21229
BUY 52 3060 15352
BUY 39 13925 16839
BUY 83 8346 12983
BUY 63 19508 16963
BUY 74 3855 24174
BUY 14 13980 5014
BUY 15 14508 5715
BUY 14 16896 22714
BUY 83 7035 19883
BUY 31 17964 4631
BUY 68 18159 14768
BUY 43 19071 10343
BUY 5 10227 19005
BUY 48 17305 15148
BUY 99 11223 20699
BUY 94 17964 13794
BUY 28 12377 5428
BUY 51 14271 3051
BUY 97 9671 4897
BUY 22 16549 21822
BUY 10 2343 21710
BUY 16 319 7316
BUY 83 6443 11283
BUY 32 16717 12832
BUY 30 8697 12430
BUY 45 2422 1045
BUY 56 11671 1556
BUY 64 14271 5664
BUY 47 19621 10647
BUY 39 16846 22639
BUY 50 4455 14650
BUY 33 7223 3933
BUY 40 12278 1840
BUY 6 18215 3806
BUY 78 19769 78
BUY 96 13845 18296
BUY 98 319 19798
BUY 34 15674 9134
BUY 95 2572 13595
BUY 96 17627 13696
BUY 14 2172 19214
BUY 80 7801 5980
BUY 67 3817 18667
BUY 65 1549 25265
BUY 75 15024 16675
BUY 53 11380 10053
BUY 80 16762 13080
BUY 16 8052 12816
BUY 62 8290 1062
BUY 81 12674 25681
BUY 23 5514 423
BUY 92 14409 23392
BUY 81 19397 22981
BUY 17 10044 17417
BUY 92 1871 24592
BUY 73 15855 22373
BUY 97 10009 16597
BUY 82 13520 3382
BUY 80 10772 24980
BUY 99 5634 21399
BUY 86 18431 5786
BUY 24 10384 25224
BUY 51 11938 18251
BUY 23 17504 5723
BUY 88 357 25188
BUY 98 10423 2298
BUY 16 8162 4916
BUY 83 12224 25583
BUY 92 14877 16792
BUY 2 3990 7302
BUY 7 15338 17407
BUY 44 2545 25644
BUY 2 11037 16202
BUY 70 319 7570
BUY 68 13842 3568
BUY 74 10601 23474
BUY 27 3263 23427
BUY 95 5798 10195
BUY 23 15945 22123
BUY 48 830 16748
BUY 38 8762 12838
BUY 72 19894 6972
BUY 6 19894 406
BUY 67 10966 16667
BUY 61 19656 3161
BUY 49 12562 1349
BUY 25 509 8925
BUY 36 8045 1036
BUY 54 13756 6454
BUY 70 9315 11370
BUY 50 18988 25150
BUY 72 14308 21172
BUY 28 12954 4928
BUY 82 2674 8482
BUY 96 7792 11096
BUY 95 9278 14195
BUY 74 13787 18574
BUY 67 9955 19467
BUY 37 6769 13437
BUY 66 10289 12866
BUY 0 14530 2700
BUY 35 10323 6635
BUY 80 10520 23380
BUY 98 4950 20698
BUY 82 10659 20482
BUY 56 14729 24156
BUY 78 15696 23678
BUY 25 13998 9325
BUY 86 2868 4186
BUY 61 17526 9761
BUY 77 14471 3077
BUY 86 6595 16486
BUY 21 14182 19821
BUY 70 12471 23070
BUY 31 17852 25231
BUY 54 7658 10654
BUY 77 1468 15277
BUY 96 18109 16296
BUY 13 9377 17413
BUY 92 12879 6492
BUY 85 9126 17585
BUY 84 865 5284
BUY 9 17843 23609
BUY 94 10342 24694
BUY 62 4321 22362
BUY 93 12531 12793
BUY 46 12697 2546
BUY 86 4904 11386
BUY 5 12138 205
BUY 5 7852 9305
BUY 8 6818 9708
BUY 46 7084 7846
BUY 87 16494 587
BUY 18 13447 19618
BUY 30 11845 10830
BUY 39 13284 25539
BUY 29 13401 22329
BUY 60 5850 21260
BUY 70 14171 21270
BUY 34 9910 21934
BUY 87 12963 19087
BUY 3 11181 18603
BUY 0 13736 1600
BUY 13 10255 8313
BUY 15 6983 8315
BUY 49 1468 20649
BUY 67 13170 17867
BUY 83 13736 283
BUY 58 2349 158
BUY 85 4306 10585
BUY 58 12007 1458
BUY 2 2787 15302
BUY 32 8781 5032
BUY 92 12138 11092
BUY 80 19681 2380
BUY 83 6506 5383
BUY 66 18600 4466
BUY 15 7377 24815
BUY 88 4028 21888
BUY 84 5583 21284
BUY 9 11152 10709
BUY 69 7754 13169
BUY 98 11992 9098
BUY 33 15822 7233
BUY 54 14086 20154
BUY 53 3629 5053
BUY 95 865 4295
BUY 74 17293 3674
BUY 22 14438 10222
BUY 5 5308 5705
BUY 51 16200 5851
BUY 63 2028 2463
BUY 73 16560 18573
BUY 15 6646 13515
BUY 68 1735 568
BUY 5 6823 2205
BUY 85 12394 23985
BUY 57 7757 10457
BUY 83 16106 13383
BUY 19 10813 23719
BUY 62 16814 262
BUY 42 13344 24442
BUY 53 16572 253
BUY 23 6314 15123
BUY 70 4670 15770
BUY 79 2095 9879
BUY 70 19602 18770
BUY 91 12250 18191
BUY 73 1103 4473
BUY 3 15265 3503
BUY 22 10959 8822
BUY 86 14024 15286
BUY 31 896 24331
BUY 13 4663 17213
BUY 78 8290 15878
BUY 60 12531 6260
BUY 64 16782 11364
BUY 51 5028 21751
BUY 36 15358 21236
BUY 67 2833 5467
BUY 94 3214 7794
BUY 57 4147 2257
BUY 87 14326 3087
BUY 29 1656 22529
BUY 74 16696 12474
BUY 26 18223 17026
BUY 30 14549 25230
BUY 66 11037 16566
BUY 1 2531 9101
BUY 82 8812 5382
BUY 98 9176 4398
BUY 50 3342 18450
BUY 68 1379 13868
BUY 1 6739 24701
BUY 18 4147 18418
BUY 96 12542 17196
BUY 81 8874 12481
BUY 65 16106 16965
BUY 8 17603 19308
BUY 84 8662 7684
BUY 37 7619 3837
BUY 86 19042 24386
BUY 13 6329 21613
BUY 23 3408 22623
BUY 85 16188 19785
BUY 11 10645 9511
BUY 69 9844 19769
BUY 26 6470 16226
BUY 36 10902 5636
BUY 78 8046 18878
BUY 28 7811 4328
BUY 91 14797 24891
BUY 18 10323 16918
BUY 85 18413 18585
BUY 19 14182 17519
BUY 41 6840 10241
BUY 64 6818 20364
BUY 3 156 7003
BUY 74 4729 9874
BUY 36 11651 18136
BUY 15 11167 23115
BUY 59 9997 5259
BUY 65 2953 3865
BUY 98 13787 3798
BUY 34 12679 17934
BUY 99 18959 6399
BUY 8 10227 9208
BUY 61 7223 19861
BUY 37 2640 23837
BUY 48 13948 15048
BUY 37 14134 22137
BUY 52 5655 22252
BUY 4 13953 804
BUY 80 972 6280
BUY 40 8539 12640
BUY 11 7174 25711
BUY 91 7177 6891
BUY 59 11755 18159
BUY 67 2803 12667
BUY 11 5055 16011
BUY 47 7396 18247
BUY 58 7396 58
BUY 63 4867 25463
BUY 52 14002 16652
BUY 63 17394 9863
BUY 17 19251 17817
BUY 73 15244 4873
BUY 22 5944 6122
BUY 70 13342 23970
BUY 1 3598 8501
BUY 64 2851 11464
BUY 56 1217 14756
BUY 15 6409 23015
BUY 21 7473 5521
BUY 33 8252 16733
BUY 9 830 2309
BUY 78 10821 13978
BUY 55 16882 25555
BUY 81 17657 25881
BUY 94 7734 2994
BUY 1 16541 12701
BUY 39 2501 10039
BUY 42 101 942
BUY 13 14104 5213
BUY 60 14501 13460
BUY 92 8204 14592
BUY 34 2438 10934
BUY 18 2787 16318
BUY 41 12643 14541
BUY 61 3560 23761
BUY 30 11316 15630
BUY 17 12573 9517
BUY 13 3636 5913
BUY 22 12573 5322
BUY 19 3863 15919
BUY 41 10979 441
BUY 61 1557 2961
BUY 52 15573 24752
BUY 99 3489 12899
BUY 23 2205 21823
BUY 29 11772 12529
BUY 16 13245 13316
BUY 4 13245 6904
BUY 12 12130 22112
BUY 15 7385 20615
BUY 75 14873 3975
BUY 66 11316 5466
BUY 11 15216 22511
BUY 58 5338 11958
BUY 12 15338 14212
BUY 72 12679 6372
BUY 95 18562 6395
BUY 34 19320 834
BUY 18 10553 11918
BUY 65 9918 24865
BUY 65 6061 16565
BUY 6 15029 17806
BUY 91 11851 691
BUY 4 19064 1504
BUY 15 10966 9015
BUY 49 16759 25649
BUY 4 5421 21604
BUY 34 19716 1434
BUY 78 1983 24178
BUY 10 6980 18710
BUY 16 1627 9816
BUY 72 18603 25372
BUY 3 11755 3303
BUY 13 19423 18213
BUY 81 2058 11881
BUY 47 3009 17247
BUY 43 10931 12843
BUY 83 15581 25383
BUY 66 18018 10966
BUY 78 11845 20478
BUY 4 12148 6404
BUY 46 2953 14246
BUY 86 6711 25686
BUY 85 12377 12685
BUY 66 3474 25966
BUY 12 12378 8912
BUY 44 9085 22044
BUY 22 17828 22722
BUY 4 9567 25904
BUY 3 12963 15703
BUY 42 19391 4142
BUY 24 5255 4724
BUY 30 6936 14330
BUY 24 17789 5524
BUY 2 11851 13402
BUY 2 3226 10202
BUY 49 17933 23349
BUY 83 1791 6283
BUY 23 19804 1523
BUY 79 7604 13879
BUY 63 1468 6463
BUY 11 14762 22711
BUY 17 2768 11517
BUY 22 10821 14122
BUY 82 13616 23082
BUY 88 18184 988
BUY 63 14530 18063
BUY 15 9514 25815
BUY 89 11671 9189
BUY 23 16782 17823
BUY 83 3284 18783
BUY 16 8346 12716
BUY 59 2674 8559
BUY 57 10044 11857
BUY 21 1553 11021
BUY 33 12826 10333
BUY 69 1217 969
BUY 34 17964 3034
BUY 9 9223 25909
BUY 43 14626 8743
BUY 30 7145 11930
BUY 83 6745 24183
BUY 17 5919 21617
BUY 12 4570 23212
BUY 70 4300 17470
BUY 38 8252 12438
BUY 68 18130 24668
BUY 4 4719 15804
BUY 41 19435 24541
BUY 48 8755 16548
BUY 18 14168 5518
BUY 51 7373 2751
BUY 86 11540 6386
BUY 86 12377 9086
BUY 52 16336 23852
BUY 16 6375 3616
BUY 64 8884 23364
BUY 46 6734 146
BUY 77 13479 15677
BUY 41 2149 8941
BUY 72 11635 22672
BUY 92 12388 25192
BUY 87 7658 287
BUY 81 16320 18481
BUY 46 15556 4646
BUY 40 6443 12840
BUY 61 13455 23061
BUY 67 8162 12967
BUY 90 10519 19790
BUY 85 1646 19685
BUY 35 16619 8235
BUY 4 12455 7604
BUY 5 2610 9505
BUY 23 5576 3323
BUY 64 12219 6864
BUY 62 664 11762
BUY 89 17115 3389
BUY 78 9315 9278
BUY 13 1279 23013
BUY 26 8539 11026
BUY 5 12954 105
BUY 47 18600 1647
BUY 4 13588 4904
BUY 63 10346 14163
BUY 30 13642 7330
BUY 36 18506 21636
BUY 72 16984 72
BUY 57 11400 657
BUY 63 12050 10563
BUY 15 18046 19015
BUY 72 101 19072
BUY 39 122 15239
BUY 27 17344 13327
BUY 8 7162 8508
BUY 77 2382 7477
BUY 79 4651 23279
BUY 26 13493 5526
BUY 37 5797 17337
BUY 84 10323 6584
BUY 44 18215 15144
BUY 56 1104 5156
BUY 97 10227 16097
BUY 35 1946 22235
BUY 67 11118 12567
BUY 31 3333 21031
BUY 29 19555 24129
BUY 30 17984 2030
BUY 43 4670 17643
BUY 68 9126 10268
BUY 42 3743 9042
BUY 75 10289 14575
BUY 55 16701 22555
BUY 91 10700 23891
BUY 26 1027 24526
BUY 86 15053 15986
BUY 12 16928 14412
BUY 84 1996 12084
BUY 66 7841 3266
BUY 45 19148 11745
BUY 69 15053 20369
BUY 47 11948 10947
BUY 50 17286 24650
BUY 71 2028 13871
BUY 21 6311 23521
BUY 18 16728 18618
BUY 52 19906 5052
BUY 40 17535 3540
BUY 11 18482 20411
BUY 89 8475 24589
BUY 87 8796 24287
BUY 83 2829 22683
BUY 29 3244 12629
BUY 82 13845 14382
BUY 60 8584 7960
BUY 8 16127 18408
BUY 54 5296 18854
BUY 58 19320 8858
BUY 62 11258 17462
BUY 29 17579 5829
BUY 16 11081 5616
BUY 65 1022 24365
BUY 48 8812 1648
BUY 98 2199 898
BUY 92 6900 12092
BUY 29 6744 6329
BUY 33 6061 5133
BUY 32 4592 23332
BUY 29 18953 5429
BUY 18 3598 4718
BUY 86 1624 23986
BUY 22 17216 25622
BUY 3 17069 12203
BUY 98 18537 13998
BUY 39 8642 25239
BUY 5 3489 18205
BUY 98 8629 17398
BUY 3 9986 17703
BUY 81 9009 13581
BUY 28 19736 8928
BUY 10 16186 25210
BUY 43 16308 10143
BUY 28 2649 20228
BUY 50 9610 10950
BUY 88 5383 23188
BUY 69 13925 15169
BUY 51 7511 17951
BUY 63 10191 21463
BUY 84 8662 4784
BUY 51 16376 23551
BUY 94 3882 1894
BUY 12 2954 24412
BUY 97 16374 18697
BUY 33 5800 8933
BUY 73 5918 8173
BUY 22 7991 21122
BUY 21 3221 6421
BUY 53 2598 25653
BUY 55 13144 21455
BUY 14 12108 7914
BUY 1 11627 6301
BUY 60 10394 6960
BUY 35 5119 6735
BUY 77 16840 16877
BUY 82 14508 12482
BUY 5 6314 17105
BUY 73 8539 20273
BUY 68 16728 11868
BUY 77 7385 4077
BUY 41 3197 9441
BUY 85 1217 985
BUY 61 926 18761
BUY 71 15397 2271
BUY 15 5294 12915
BUY 67 8252 11667
BUY 1 4950 3801
BUY 42 12278 4642
BUY 59 15822 2459
BUY 31 16640 31
BUY 68 15245 3868
BUY 32 8662 10232
BUY 45 11548 1445
BUY 24 1669 22224
BUY 39 4482 3539
BUY 63 1402 21163
BUY 54 12510 17254
BUY 50 3916 6850
BUY 8 6607 5408
BUY 33 9055 24033
BUY 8 15284 15608
BUY 19 13447 11619
BUY 22 19345 23122
BUY 1 17404 701
BUY 69 11223 19669
BUY 41 13588 13041
BUY 3 3743 20503
BUY 45 19168 5545
BUY 71 3214 1071
BUY 53 5531 25053
BUY 87 2531 4287
BUY 19 18048 15219
BUY 40 10409 10740
BUY 76 2501 3376
BUY 5 2535 22205
BUY 77 15572 22177
BUY 9 19781 13509
BUY 79 255 10279
BUY 90 15752 14690
BUY 5 14271 17605
BUY 12 19221 5412
BUY 43 4527 2843
BUY 24 17579 6224
BUY 33 4613 16133
BUY 77 17149 3677
BUY 26 7760 24626
BUY 63 19012 25763
BUY 79 16246 15179
BUY 72 17264 24772
BUY 73 12738 18373
BUY 72 19391 6172
BUY 24 12781 3624
BUY 95 18392 23895
BUY 43 9158 22943
BUY 62 11627 20562
BUY 84 17047 24884
BUY 15 9473 20715
BUY 8 9714 23708
BUY 55 10707 3855
BUY 80 9602 2880
BUY 71 17215 23771
BUY 76 3622 13776
BUY 12 18059 16412
BUY 51 14114 251
BUY 54 18048 4854
BUY 67 19664 1867
BUY 96 6643 24296
BUY 10 16137 23310
BUY 64 9906 20864
BUY 12 14373 18412
BUY 58 16246 13458
BUY 76 15406 9476
BUY 27 16568 19727
BUY 23 13157 19423
BUY 18 10646 8918
BUY 40 17578 18940
BUY 49 6115 24649
BUY 42 10394 6242
BUY 28 19509 12628
BUY 21 1639 21421
BUY 61 2826 8461
BUY 67 53 15567
BUY 58 13988 25958
BUY 74 1643 11374
BUY 53 3381 22753
BUY 37 18005 1537
BUY 77 1386 16977
BUY 32 2868 1132
BUY 2 15071 19402
BUY 74 14182 6474
BUY 67 16320 9767
BUY 74 2029 25774
BUY 8 13074 8908
BUY 48 497 48
BUY 3 19452 15203
BUY 62 18502 23762
BUY 61 18847 8561
BUY 21 5502 24521
BUY 78 12662 8678
BUY 24 1239 23224
BUY 93 6801 21093
BUY 21 8267 25121
BUY 77 13012 21477
BUY 25 14353 3925
BUY 2 5821 11402
BUY 2 3001 13302
BUY 38 10394 14038
BUY 13 2787 12613
BUY 12 15338 6712
BUY 55 8880 8055
BUY 51 11845 7451
BUY 53 7614 10953
BUY 31 9540 23731
BUY 50 9178 24050
BUY 57 16309 8857
BUY 33 7356 23433
BUY 33 15812 21333
BUY 78 19509 16378
BUY 23 13058 21623
BUY 11 15815 14211
BUY 79 18704 22579
BUY 12 12496 20512
BUY 5 16106 705
BUY 77 14092 4977
BUY 66 3395 24966
BUY 29 5947 3929
BUY 57 5096 15057
BUY 85 898 20085
BUY 31 3046 15831
BUY 96 11223 13296
BUY 93 11293 10793
BUY 11 15069 15711
BUY 12 14802 5612
BUY 77 13074 3977
BUY 45 2693 12145
BUY 47 8088 5447
BUY 42 19602 5442
BUY 40 3598 1440
BUY 24 5576 15824
BUY 96 11004 18196
BUY 93 10821 4893
BUY 70 377 17170
BUY 76 5392 176
BUY 49 16782 14149
BUY 16 19887 16116
BUY 83 12643 4983
BUY 50 19436 8250
BUY 16 2282 24416
BUY 28 2778 11428
BUY 50 18223 2650
BUY 82 9278 15482
BUY 36 2792 6736
BUY 68 3637 3168
BUY 91 497 13091
BUY 44 17060 14644
BUY 54 16640 14054
BUY 97 1116 17897
BUY 32 6911 18432
BUY 38 6218 10038
BUY 45 7989 17545
BUY 35 12334 25635
BUY 80 7373 4380
BUY 95 13245 11295
BUY 90 18482 15290
BUY 90 15556 12290
BUY 91 12826 10591
BUY 15 17145 12515
BUY 35 4789 20035
BUY 55 53 14655
BUY 88 4282 25588
BUY 28 17656 21928
BUY 40 19764 15240
BUY 55 9530 13655
BUY 52 9986 18452
BUY 21 1908 21321
BUY 9 17145 4909
BUY 13 9535 19613
BUY 82 7989 20282
BUY 17 12831 16117
BUY 23 6314 13423
BUY 14 5758 23814
BUY 42 18223 14342
BUY 52 10176 1352
BUY 70 12398 14070
BUY 32 18048 832
BUY 6 16840 2706
BUY 46 17526 2046
BUY 7 16958 16807
BUY 58 11984 19858
BUY 64 17627 3164
BUY 45 9866 15545
BUY 30 3888 9930
BUY 48 2816 7248
BUY 72 9997 19372
BUY 0 14501 2400
BUY 44 1056 644
BUY 17 2058 6217
BUY 20 1342 23820
BUY 43 5769 23043
BUY 79 4811 23979
BUY 31 7884 19031
BUY 37 18035 25237
BUY 8 10757 21208
BUY 6 8502 25606
BUY 60 11690 8960
BUY 39 2677 22339
BUY 79 2403 11079
BUY 74 12223 14174
BUY 66 17069 9666
BUY 63 19168 20763
BUY 47 15284 12947
BUY 67 16401 12367
BUY 25 12148 13325
BUY 61 10009 17161
BUY 21 8501 11721
BUY 59 10966 19859
BUY 30 17387 130
BUY 11 18847 19411
BUY 27 5546 22027
BUY 77 9844 12777
BUY 43 13207 15443
BUY 34 2028 11334
BUY 10 4031 9910
BUY 3 5115 18103
BUY 21 13170 6921
BUY 41 2214 11141
BUY 85 3637 5785
BUY 72 16633 18072
BUY 82 3089 24782
BUY 81 18366 8181
BUY 36 4244 9736
BUY 97 4568 12297
BUY 95 18584 495
BUY 57 15556 16557
BUY 73 6734 11473
BUY 73 441 19673
BUY 73 5932 22573
BUY 53 13588 5853
BUY 89 13140 21889
BUY 2 7437 4402
BUY 63 10611 25863
BUY 81 17984 11681
BUY 54 8501 8554
BUY 58 7792 9958
BUY 45 11071 145
BUY 25 8111 21925
BUY 64 17634 8364
BUY 2 16320 5502
BUY 84 3475 23184
BUY 62 6876 19262
BUY 94 5609 12494
BUY 53 3986 22353
BUY 86 14353 2586
BUY 13 7018 21413
BUY 3 1229 10003
BUY 6 6720 24106
BUY 84 797 13684
BUY 9 2308 1909
BUY 99 3981 3299
BUY 1 14915 9301
BUY 21 7373 3721
BUY 57 13426 6857
BUY 94 19804 19594
BUY 14 15110 19914
BUY 72 17115 2072
BUY 68 19509 18868
BUY 81 18471 11781
BUY 5 19391 14405
BUY 30 5907 24330
BUY 24 9442 4224
BUY 0 4687 4500
BUY 22 372 14622
BUY 40 5609 15540
BUY 9 3510 25509
BUY 58 2655 14558
BUY 74 2655 7974
BUY 78 3060 16778
BUY 87 8539 19487
BUY 75 4454 2875
BUY 24 14064 19224
BUY 91 5815 291
BUY 13 19313 22613
BUY 86 1103 8086
BUY 92 6023 16092
BUY 28 803 13828
BUY 58 19764 15258
BUY 88 5348 16288
BUY 42 3916 7542
BUY 59 8323 1459
BUY 98 16928 14698
BUY 18 15115 6418
BUY 27 18792 24227
BUY 61 16280 20261
BUY 65 14373 2065
BUY 20 7249 20320
BUY 56 7139 1356
BUY 94 7841 1594
BUY 41 3622 20741
BUY 26 2693 1426
BUY 39 220 21439
BUY 98 3682 6598
BUY 49 2491 449
BUY 24 13596 9324
BUY 63 4357 5463
BUY 90 15399 13890
BUY 79 19828 15079
BUY 51 553 951
BUY 7 10304 7607
BUY 54 18288 1154
BUY 98 18184 14398
BUY 47 16696 4747
BUY 96 11497 7296
BUY 49 2815 22149
BUY 49 4999 18249
BUY 21 12959 4121
BUY 57 14640 23757
BUY 7 15882 9107
BUY 7 19408 9907
BUY 13 16696 10413
BUY 32 13553 12632
BUY 10 7738 20010
BUY 9 15115 9509
BUY 37 15736 24737
BUY 23 19980 5023
BUY 54 13115 18754
BUY 40 16128 12240
BUY 49 8995 22349
BUY 61 17387 13461
BUY 46 7319 25946
BUY 15 3916 5315
BUY 79 13381 20979
BUY 83 1321 2683
BUY 87 2816 16187
BUY 80 5194 25880
BUY 98 15324 11498
BUY 37 6312 3437
BUY 49 12083 9849
BUY 45 1864 13445
BUY 39 10645 19639
BUY 18 8518 118
BUY 42 2148 22642
BUY 71 10879 15871
BUY 59 10394 3259
BUY 31 13545 13531
BUY 14 4271 23414
BUY 84 14461 5584
BUY 84 3983 23284
BUY 90 9940 17790
BUY 48 17578 19148
BUY 24 15918 24624
BUY 4 441 1704
BUY 32 3894 3932
BUY 54 8064 24554
BUY 87 15407 15387
BUY 55 3867 2655
BUY 22 4477 6822
BUY 67 17984 17067
BUY 5 12831 7105
BUY 12 5798 5212
BUY 55 10001 22755
BUY 91 4485 25191
BUY 72 3185 18772
BUY 48 19493 17248
BUY 81 8662 5481
BUY 60 1643 16060
BUY 15 10239 415
BUY 28 12988 22928
BUY 57 5209 4157
BUY 17 14848 18917
BUY 95 12272 6895
BUY 27 9250 8527
BUY 6 12278 1906
BUY 4 4613 4804
BUY 44 19017 10144
BUY 9 1229 2809
BUY 12 2893 212
BUY 26 7380 24126
BUY 39 19189 12339
BUY 82 18864 11182
BUY 10 4455 14110
BUY 46 12510 18446
BUY 91 13948 11591
BUY 54 15689 1454
BUY 39 9103 9239
BUY 75 65 19975
BUY 37 17578 19637
BUY 52 11734 13152
BUY 74 15245 2874
BUY 46 8163 13646
BUY 74 9955 6374
BUY 94 3121 1394
BUY 95 11380 17095
BUY 28 14873 11628
BUY 79 5119 10879
BUY 32 16888 25832
BUY 81 12576 21881
BUY 90 1229 17190
BUY 40 13185 3640
BUY 73 19408 18273
BUY 16 10844 11616
BUY 34 2422 20034
BUY 43 9095 10443
BUY 1 19148 13801
BUY 31 4147 9531
BUY 13 12083 16513
BUY 80 1229 17980
BUY 65 14793 7865
BUY 28 13567 10428
BUY 16 19452 16716
BUY 42 16958 4042
BUY 7 8539 1907
BUY 96 11181 11196
BUY 66 19598 7966
BUY 83 6375 11983
BUY 36 1847 14636
BUY 71 9250 3071
BUY 28 4087 22828
BUY 98 5307 21998
BUY 71 19772 19571
BUY 98 8518 6298
BUY 7 10409 6707
BUY 2 10762 11702
BUY 31 1669 21231
BUY 65 1643 13065
BUY 13 8878 4513
BUY 35 4482 735
BUY 46 19189 7446
BUY 72 3768 25072
BUY 55 14760 24355
BUY 60 11647 660
BUY 46 12542 1246
BUY 8 16374 3508
BUY 94 15731 24894
BUY 5 7414 21905
BUY 32 12542 14032
BUY 4 19239 11404
BUY 81 1943 10581
BUY 47 221 18647
BUY 28 13009 5628
BUY 84 8105 5684
BUY 41 7841 7341
BUY 36 2184 13036
BUY 50 16032 10550
BUY 64 2373 18764
BUY 68 14182 8668
BUY 83 13787 8683
BUY 99 4067 23099
BUY 69 19530 13969
BUY 17 4477 5817
BUY 75 11004 9875
BUY 3 255 14603
BUY 75 6142 4775
BUY 85 19184 21785
BUY 40 2649 16340
BUY 33 15806 2333
BUY 21 729 23721
BUY 76 14530 4976
BUY 64 4227 13864
BUY 12 11129 25712
BUY 88 10289 7688
BUY 58 4289 24958
BUY 51 1977 12451
BUY 16 4745 15816
BUY 61 17188 12761
BUY 61 1646 17661
BUY 53 4929 20553
BUY 33 11118 8333
BUY 55 5671 24155
BUY 51 11540 10251
BUY 95 19479 9395
BUY 82 16992 13782
BUY 78 9535 17078
BUY 17 2342 2017
BUY 25 7612 24925
BUY 58 2868 20658
BUY 33 6373 8033
BUY 47 14064 17847
BUY 21 7398 24921
BUY 66 10774 366
BUY 48 17102 21948
BUY 53 16965 24553
BUY 76 10836 25176
BUY 41 7738 15841
BUY 4 7119 21904
BUY 16 4276 3016
BUY 81 1103 20281
BUY 30 11967 13930
BUY 22 377 822
BUY 77 19769 18977
BUY 80 934 3480
BUY 49 18923 24249
BUY 85 16530 9185
BUY 95 15759 17595
BUY 7 156 6607
BUY 88 6646 2988
BUY 83 9327 16983
BUY 17 5821 4617
BUY 69 16728 6269
BUY 59 13176 21159
BUY 28 15778 18428
BUY 7 14798 17107
BUY 19 2586 14619
BUY 69 8282 25269
BUY 11 13207 14111
BUY 44 17810 4344
BUY 19 12139 22519
BUY 41 4357 20441
BUY 86 11118 9686
BUY 40 7801 12540
BUY 87 8123 14987
BUY 73 19644 14873
BUY 38 2359 24938
BUY 23 7852 3423
BUY 37 13800 4337
BUY 69 19180 24469
BUY 68 803 13068
BUY 2 19586 7002
BUY 53 10286 4953
BUY 69 830 2969
BUY 95 2586 4395
BUY 13 16003 21713
BUY 58 5947 7158
BUY 12 7437 17912
BUY 5 7536 25605
BUY 79 12262 15979
BUY 52 7094 9752
BUY 79 17293 16679
BUY 24 14524 25524
BUY 60 622 19360
BUY 83 8251 10983
BUY 76 4059 4276
BUY 79 7241 7179
BUY 23 13421 11023
BUY 55 8756 21855
BUY 8 16709 1008
BUY 25 19425 22525
BUY 63 6734 3563
BUY 73 9196 17673
BUY 74 16494 7374
BUY 76 14331 18876
BUY 71 14585 9171
BUY 35 4719 16235
BUY 92 11734 18492
BUY 42 11851 42
BUY 85 6595 13685
BUY 85 2214 15385
BUY 75 14926 10675
BUY 63 4789 12163
BUY 0 6373 18500
BUY 78 7563 4578
BUY 81 19795 4381
BUY 77 6478 16677
BUY 48 11967 12648
BUY 88 18471 13088
BUY 11 14763 9611
BUY 2 17802 5102
BUY 41 898 15641
BUY 71 8162 371
BUY 72 3442 21972
BUY 80 4147 1480
BUY 13 2434 25913
BUY 82 14161 23482
BUY 12 11050 23012
BUY 30 19906 20130
BUY 98 11061 4898
BUY 66 15711 6766
BUY 55 2033 24855
BUY 70 13367 7870
BUY 62 16012 23662
BUY 32 5576 8732
BUY 72 5338 172
BUY 44 19644 544
BUY 47 14373 4247
BUY 23 5137 4623
BUY 97 9686 22897
BUY 35 6301 24235
BUY 33 10762 6633
BUY 70 6366 13370
BUY 84 2866 13984
BUY 47 7604 19547
BUY 25 12412 22425
BUY 7 13245 11807
BUY 97 15407 17797
BUY 87 8088 5487
BUY 1 8982 25701
BUY 91 19239 9791
BUY 68 10727 23368
BUY 50 6973 1650
BUY 65 9785 14265
BUY 81 18215 14381
BUY 37 17563 17537
BUY 50 11525 17450
BUY 88 13709 12888
BUY 61 9327 19661
BUY 70 14373 6270
BUY 82 19772 3482
BUY 39 2095 18039
BUY 28 10134 14728
BUY 98 10902 19898
BUY 69 11755 14369
BUY 45 9327 4945
BUY 87 13479 18987
BUY 18 12697 5718
BUY 51 11772 13451
BUY 99 11681 1399
BUY 42 1627 13142
BUY 63 19436 1463
BUY 33 1792 18233
BUY 88 19764 18188
BUY 62 6983 5762
BUY 8 9282 22708
BUY 30 14848 4230
BUY 21 261 12721
BUY 70 19310 24570
BUY 37 6372 2137
BUY 38 63 4838
BUY 4 13839 3804
BUY 22 16088 6422
BUY 43 3857 21243
BUY 44 10848 21044
BUY 23 4306 7323
BUY 24 1627 11824
BUY 72 2342 4272
BUY 35 6472 8835
BUY 69 17275 9569
BUY 14 18276 23914
BUY 4 6577 7804
BUY 19 19148 14919
BUY 51 10094 15151
BUY 30 261 9130
BUY 23 15029 5523
BUY 79 16762 4779
BUY 0 1217 12900
BUY 71 19764 18671
BUY 99 14802 10199
BUY 54 14773 6054
BUY 76 14626 9276
BUY 55 14626 9355
BUY 61 156 961
BUY 86 3244 14786
BUY 21 7811 15721
BUY 91 8774 24491
BUY 21 8781 5821
BUY 72 9784 25772
BUY 22 14626 2922
BUY 83 17184 22783
BUY 58 7989 6158
BUY 88 18413 14988
BUY 77 14070 3477
BUY 49 14909 17949
BUY 29 19894 20429
BUY 72 7249 16772
BUY 92 12898 5592
BUY 76 4745 7776
BUY 11 14024 17411
BUY 93 18430 393
BUY 99 1120 23699
BUY 52 12251 6752
BUY 73 19789 4573
BUY 93 14798 3393
BUY 62 10255 14662
BUY 44 5096 13944
BUY 67 6312 4167
BUY 43 15338 6243
BUY 95 5657 15095
BUY 70 17387 8270
BUY 92 14124 21992
BUY 38 12108 11838
BUY 53 8697 153
BUY 46 2400 16046
BUY 24 17727 20024
BUY 85 14545 23285
BUY 89 9303 7789
BUY 83 19168 15683
BUY 57 8305 25157
BUY 14 15244 4214
BUY 38 4482 17638
BUY 79 14285 15479
BUY 38 5055 15738
BUY 93 14348 2093
BUY 43 12710 7743
BUY 7 16494 16607
BUY 87 19017 3887
BUY 62 823 6262
BUY 5 6406 18605
BUY 51 13998 451
BUY 20 16121 13620
BUY 13 16351 22213
BUY 20 14650 15220
BUY 29 1978 16529
BUY 49 1611 6449
BUY 84 10581 15784
BUY 63 16984 20563
BUY 29 3990 13429
BUY 8 4969 7608
BUY 77 2999 22577
BUY 75 16159 21775
BUY 45 16320 3145
BUY 91 4863 23791
BUY 61 13697 12361
BUY 64 11179 17364
BUY 30 2403 17830
BUY 9 8803 13109
BUY 28 10423 17128
BUY 13 5296 4313
BUY 56 6607 11356
BUY 96 6734 7196
BUY 0 7400 17800
BUY 34 16234 7934
BUY 16 19617 21616
BUY 42 13146 16042
BUY 46 16840 4346
BUY 28 10741 13128
BUY 64 18160 13164
BUY 26 8448 18226
BUY 7 17246 2607
BUY 30 11802 1830
BUY 62 4482 8462
BUY 24 16231 13924
BUY 56 11902 23556
BUY 45 18109 14345
BUY 32 16840 1332
BUY 92 15036 25392
BUY 62 8501 4162
BUY 67 19017 8367
BUY 0 19598 20300
BUY 76 4229 3676
BUY 83 13563 3683
BUY 17 3184 25617
BUY 96 17749 22196
BUY 86 3882 19486
BUY 90 2477 24290
BUY 31 721 15431
BUY 24 17647 9624
BUY 76 14877 15176
BUY 47 18628 23847
BUY 26 19792 21626
BUY 55 16806 21755
BUY 4 5815 10704
BUY 6 10581 2806
BUY 68 1103 7668
BUY 65 16139 3665
BUY 67 19653 16267
BUY 62 8290 10862
BUY 92 10323 6092
BUY 43 15071 343
BUY 4 19423 8604
BUY 36 6769 5936
BUY 81 19761 7581
BUY 33 19064 4333
BUY 32 17166 18732
BUY 24 9829 8824
BUY 57 10091 22257
BUY 93 18105 4993
BUY 46 12959 7146
BUY 39 17634 12639
BUY 23 14498 16123
BUY 68 14092 13968
BUY 29 17389 18729
BUY 84 3371 24184
BUY 63 18159 3163
BUY 98 3357 21398
BUY 91 978 23591
BUY 41 13157 13941
BUY 47 9205 12147
BUY 36 16984 2236
BUY 90 16088 390
BUY 34 2491 10034
BUY 33 16609 22133
BUY 70 122 12170
BUY 5 10707 15105
BUY 21 11181 4021
BUY 21 6911 19421
BUY 76 7478 3076
BUY 33 5459 6033
BUY 47 127 3047
BUY 27 6060 24827
BUY 2 10590 23602
BUY 86 8252 18986
BUY 60 12113 260
BUY 2 10094 14102
BUY 93 19772 5793
BUY 73 11647 11373
BUY 91 620 1791
BUY 58 16127 17858
BUY 74 18074 5974
BUY 24 9825 24924
BUY 85 8346 885
BUY 2 4197 9902
BUY 86 16619 17386
BUY 22 9205 2322
BUY 16 12879 20116
BUY 44 12510 13644
BUY 12 14076 12612
BUY 80 11392 2180
BUY 3 9257 23503
BUY 24 4031 7324
BUY 10 8045 9510
BUY 23 11918 25123
BUY 64 11690 9264
BUY 51 12148 11851
BUY 36 12243 22736
BUY 12 1544 12212
BUY 19 17115 20619
BUY 13 12959 15013
BUY 63 3226 663
BUY 33 17504 14733
BUY 64 9997 2864
BUY 30 18575 21230
BUY 28 14484 17228
BUY 53 6632 15553
BUY 32 6862 4332
BUY 38 18160 5238
BUY 25 9473 18425
BUY 25 4646 22925
BUY 95 18825 22495
BUY 44 7348 2244
BUY 44 8182 11944
BUY 76 2422 19176
BUY 65 12826 12365
BUY 93 19436 15793
BUY 91 53 7491
BUY 29 1553 10629
BUY 25 11067 22825
BUY 33 13921 25133
BUY 50 8762 5850
BUY 31 2816 20231
BUY 15 1386 16115
BUY 1 5068 25801
BUY 19 2851 7119
BUY 2 4276 19502
BUY 64 13115 12064
BUY 48 9610 4148
BUY 2 17578 11102
BUY 59 11316 13959
BUY 8 14915 11608
BUY 13 19251 10913
BUY 66 214 22766
BUY 22 12398 12322
BUY 31 5338 13031
BUY 38 2768 4038
BUY 9 7764 23309
BUY 25 1289 18125
BUY 2 14438 17702
BUY 92 13545 19992
BUY 2 15265 19802
BUY 88 2288 8288
BUY 10 19339 24910
BUY 94 8598 9194
BUY 42 19937 18842
BUY 10 14461 19210
BUY 90 19769 6190
BUY 31 8878 20031
BUY 21 11116 4721
BUY 38 18005 838
BUY 14 19656 10914
BUY 50 7841 50
BUY 87 3241 20487
BUY 43 19502 24043
BUY 7 11671 13007
BUY 67 18413 4267
BUY 52 1501 21052
BUY 76 16968 22876
BUY 80 3933 1680
BUY 37 7704 23437
BUY 82 15030 22482
BUY 11 7879 9811
BUY 60 17810 10860
BUY 65 10871 21365
BUY 75 6314 18875
BUY 43 16878 1143
BUY 71 14353 14371
BUY 39 6607 17539
BUY 24 8598 17724
BUY 33 12108 13833
BUY 57 13146 6957
BUY 38 17264 25338
BUY 79 2953 2079
BUY 39 2043 19839
BUY 72 15244 11772
BUY 55 6279 7955
BUY 84 13367 12184
BUY 28 16028 16428
BUY 15 4904 15715
BUY 32 16419 732
BUY 74 17255 21474
BUY 29 15407 12729
BUY 46 4601 17246
BUY 40 19887 17940
BUY 69 9829 9269
BUY 95 4789 6795
BUY 71 4568 13171
BUY 39 18537 16339
BUY 62 16449 25562
BUY 51 5296 17151
BUY 28 17083 23328
BUY 65 16984 20165
BUY 2 10581 14702
BUY 72 17802 12172
BUY 92 19201 9392
BUY 70 4123 5070
BUY 97 10394 6397
BUY 85 4014 21485
BUY 1 18482 7801
BUY 16 13621 21116
BUY 83 11985 1283
BUY 55 7087 1855
BUY 57 1864 7257
BUY 41 11004 14341
BUY 47 13479 647
BUY 38 5514 1838
BUY 91 9530 19391
BUY 61 7754 18161
BUY 85 12637 8685
BUY 82 7385 4482
BUY 6 13084 20806
BUY 23 1386 11223
BUY 9 11482 5709
BUY 82 3637 382
BUY 21 13998 14021
BUY 95 14006 7595
BUY 25 18018 1625
BUY 62 11919 3262
BUY 78 10134 12678
BUY 85 5366 12485
BUY 52 7820 4952
BUY 35 3342 635
BUY 74 17069 18274
BUY 94 7162 5294
BUY 42 13449 7642
BUY 53 8501 16353
BUY 9 19894 6409
BUY 58 6718 17758
BUY 32 3894 17532
BUY 31 19664 17131
BUY 15 5294 4815
BUY 79 13367 12779
BUY 40 13765 8740
BUY 83 18533 11583
BUY 61 15338 18061
BUY 94 12347 15394
BUY 51 13842 15651
BUY 61 18489 16861
BUY 83 12567 18683
BUY 91 7241 12591
BUY 1 14798 12101
BUY 57 19937 13857
BUY 98 1791 4198
BUY 73 16128 7273
BUY 45 3894 7345
BUY 54 12591 954
BUY 41 2172 18541
BUY 55 16728 8955
BUY 62 17524 25762
BUY 12 12272 2612
BUY 88 757 22088
BUY 45 13545 17645
BUY 35 8812 4935
BUY 67 690 5967
BUY 93 1487 93
BUY 86 3185 1786
BUY 60 7801 6560
BUY 66 7493 20866
BUY 94 15265 11194
BUY 21 3197 18921
BUY 36 12679 4136
BUY 18 17266 1918
BUY 68 2974 23868
BUY 74 5064 16074
BUY 94 7841 8694
BUY 19 18488 24519
BUY 97 4276 10097
BUY 68 18785 5868
BUY 64 13289 23264
BUY 58 18162 19558
BUY 82 19903 6482
BUY 38 19644 3638
BUY 83 12515 17583
BUY 93 2438 1893
BUY 61 10363 19061
BUY 20 13190 23220
BUY 5 11421 20205
BUY 22 8331 4222
BUY 11 19882 5511
BUY 78 10349 9878
BUY 69 13984 25669
BUY 65 18982 1265
BUY 82 12662 19082
BUY 38 19239 17838
BUY 14 11369 11714
BUY 31 2833 6231
BUY 6 10304 10706
BUY 22 11293 3622
BUY 8 11548 18008
BUY 21 9103 521
BUY 97 497 19397
BUY 21 3342 15921
BUY 51 18973 23651
BUY 8 11482 9808
BUY 28 441 13728
BUY 32 16309 17932
BUY 20 7177 5320
BUY 17 9126 7017
BUY 18 4123 11418
BUY 4 2403 9604
BUY 80 19894 19180
BUY 70 1468 20670
BUY 11 6470 10811
BUY 85 16114 19985
BUY 36 12139 24736
BUY 82 17884 3782
BUY 7 2558 22707
BUY 12 6973 13112
BUY 35 17578 18135
BUY 36 5348 17036
BUY 85 16802 20285
BUY 18 11525 20018
BUY 42 14291 4442
BUY 25 6314 15425
BUY 85 11919 8585
BUY 81 3284 7881
BUY 39 12531 18239
BUY 62 18131 18862
BUY 55 14733 17055
BUY 89 13545 889
BUY 37 1841 12737
BUY 92 3863 7592
BUY 31 2476 7231
BUY 22 4060 17622
BUY 34 7852 12534
BUY 53 14848 9053
BUY 20 13207 17320
BUY 55 14024 14355
BUY 61 4480 25961
BUY 75 7734 20175
BUY 34 5609 3334
BUY 28 8784 23228
BUY 82 2768 82
BUY 86 1229 16786
BUY 70 4563 4570
BUY 87 16935 20587
BUY 95 18162 14795
BUY 58 16560 7258
BUY 74 8552 13974
BUY 68 127 10168
BUY 30 1627 9630
BUY 40 12251 1640
BUY 70 16870 24170
BUY 3 690 7803
BUY 3 8543 22503
BUY 50 13349 22350
BUY 79 8878 1379
BUY 79 14793 19779
BUY 25 13426 18825
BUY 77 16034 13977
BUY 81 17943 9181
BUY 1 19201 3401
BUY 69 8346 19469
BUY 2 5392 15202
BUY 94 11992 12394
BUY 35 15617 15735
BUY 86 15109 2486
BUY 89 3636 1089
BUY 84 3141 8184
BUY 58 12223 16858
BUY 44 13520 18844
BUY 53 24 19153
BUY 3 3121 15403
BUY 90 16572 13290
BUY 83 19681 183
BUY 26 155 18326
BUY 15 7084 2715
BUY 56 1229 16056
BUY 77 7087 13577
BUY 12 13426 17712
BUY 80 9473 18580
BUY 62 12944 25662
BUY 3 16656 22603
BUY 81 2400 6881
BUY 18 9851 23118
BUY 81 8662 12681
BUY 25 14798 16625
BUY 82 11540 13582
BUY 55 5780 6055
BUY 90 11037 490
BUY 62 5079 25362
BUY 42 5209 17642
BUY 3 19937 7503
BUY 3 9743 6803
BUY 40 16640 8940
BUY 63 6841 23063
BUY 32 2792 16632
BUY 56 441 17256
BUY 7 13447 14507
BUY 5 3018 14005
BUY 82 7581 24482
BUY 17 15534 22417
BUY 34 3867 14134
BUY 32 13735 15332
BUY 55 8717 22255
BUY 27 19937 1427
BUY 3 11540 11803
BUY 85 5115 13885
BUY 63 11331 21963
BUY 2 381 16302
BUY 99 7797 22399
BUY 8 14348 1608
BUY 92 1841 2692
BUY 40 2392 16440
BUY 85 7640 4585
BUY 30 16374 17430
BUY 98 6595 18598
BUY 52 6889 24552
BUY 85 19148 8085
BUY 82 14143 1282
BUY 46 13596 10946
BUY 52 17578 11652
BUY 26 18223 13326
BUY 65 18953 8565
BUY 36 9377 9836
BUY 16 1644 4416
BUY 29 5348 13529
BUY 21 1143 21821
BUY 75 15727 8475
BUY 4 17526 16904
BUY 42 19200 22442
BUY 69 17647 5269
BUY 60 1056 16960
BUY 90 9473 12090
BUY 23 8287 15823
BUY 35 4568 19335
BUY 12 6368 2412
BUY 41 12361 24341
BUY 38 3342 20338
BUY 53 4838 14253
BUY 25 15024 1525
BUY 69 16762 5369
BUY 48 18953 14448
BUY 86 11037 3186
BUY 93 14811 17393
BUY 90 11391 14090
BUY 23 14101 23223
BUY 53 14064 1253
BUY 88 14326 12488
BUY 1 5918 7201
BUY 35 10961 24835
BUY 55 17060 155
BUY 21 1978 17921
BUY 36 12515 2936
BUY 28 19320 13328
BUY 76 14928 21876
BUY 53 6312 6453
BUY 65 1841 3265
BUY 33 6166 20633
BUY 81 4618 22281
BUY 20 17293 18220
BUY 23 8521 22423
BUY 97 2891 21597
BUY 45 9997 3645
BUY 14 4114 17714
BUY 58 635 20858
BUY 79 11796 12279
BUY 37 14076 19537
BUY 18 9009 11818
BUY 19 16552 12019
BUY 96 16074 25596
BUY 95 10931 18495
BUY 95 6375 1595
BUY 1 4296 14101
BUY 85 4178 22185
BUY 60 2442 9260
BUY 4 1104 18704
BUY 55 3622 17555
BUY 4 9250 14004
BUY 13 11543 25713
BUY 32 19866 19232
BUY 34 8781 234
BUY 27 9785 9127
BUY 26 2403 8026
BUY 29 6823 19329
BUY 75 8832 17875
BUY 12 16984 10612
BUY 13 13839 15713
BUY 57 10307 21957
BUY 82 18429 21482
BUY 2 11912 202
BUY 72 2392 4672
BUY 39 16127 12439
BUY 29 14873 10529
BUY 17 8172 24517
BUY 38 5303 23838
BUY 75 8886 24975
BUY 15 721 17115
BUY 52 14114 7752
BUY 78 18998 9578
BUY 79 3009 1179
BUY 49 17387 749
BUY 45 4663 3245
BUY 59 12313 22059
BUY 78 1562 24778
BUY 35 9303 12035
BUY 54 9221 22754
BUY 51 13553 2051
BUY 38 11967 4438
BUY 26 3981 18526
BUY 36 13834 13436
BUY 70 9787 25470
BUY 0 12588 4200
BUY 34 17810 6334
BUY 51 2851 16851
BUY 32 11063 24132
BUY 62 18407 3362
BUY 90 6140 23090
BUY 34 16155 23034
BUY 88 12831 18288
BUY 38 9469 21238
BUY 2 14915 2302
BUY 22 4568 3322
BUY 1 13015 5701
BUY 2 11032 14502
BUY 19 5947 1819
BUY 5 16106 17205
BUY 18 16213 25418
BUY 39 11482 8139
BUY 23 5119 4823
BUY 94 16878 15194
BUY 31 16094 24531
BUY 44 18562 16644
BUY 68 5544 19968
BUY 31 18492 12031
BUY 96 1557 11796
BUY 10 7547 23210
BUY 3 3226 19403
BUY 72 19818 6472
BUY 93 7754 12693
BUY 37 10966 4637
BUY 9 17727 15109
BUY 57 11181 6257
BUY 50 10336 19150
BUY 21 7852 15621
BUY 48 4969 5848
BUY 70 10134 9870
BUY 57 7145 11057
BUY 39 8105 10139
BUY 92 17480 24492
BUY 76 14331 13476
BUY 54 4564 23754
BUY 42 8880 18342
BUY 15 19251 16915
BUY 30 11071 11230
BUY 72 7278 8872
BUY 67 12223 1467
BUY 69 8162 1269
BUY 84 9262 3584
BUY 59 19509 6859
BUY 39 4019 14439
BUY 57 7911 14857
BUY 86 1847 16086
BUY 40 13520 1540
BUY 57 11497 19957
BUY 55 8251 12555
BUY 97 3874 23697
BUY 33 377 10633
BUY 73 12831 17573
BUY 14 10286 1314
BUY 45 6506 3845
BUY 84 3650 11084
BUY 84 15024 17684
BUY 38 2438 18038
BUY 60 6734 13160
BUY 90 9400 13190
BUY 65 15759 4565
BUY 55 7478 18555
BUY 21 19436 9621
BUY 75 2693 15175
BUY 14 14802 9314
BUY 33 14461 13533
BUY 77 3480 18177
BUY 98 13842 16098
BUY 95 19508 11895
BUY 64 13170 3764
BUY 81 16552 2681
BUY 22 16106 12122
BUY 3 15338 13203
BUY 45 8232 20845
BUY 9 14070 11809
BUY 54 8926 5354
BUY 38 16935 13438
BUY 89 13709 5789
BUY 59 12562 17159
BUY 25 16088 2325
BUY 1 12097 24101
BUY 19 1217 2019
BUY 35 10170 25435
BUY 67 6936 15267
BUY 14 893 23314
BUY 47 7068 24747
BUY 89 7820 7189
BUY 59 5944 3059
BUY 38 16802 438
BUY 28 11671 6128
BUY 21 17943 19921
BUY 68 3739 21768
BUY 73 12963 73
BUY 7 441 6207
BUY 64 8697 564
BUY 36 1908 23236
BUY 64 6375 5964
BUY 64 7020 23164
BUY 36 19769 4236
BUY 95 12643 11195
BUY 42 14657 7842
BUY 82 9336 2182
BUY 58 17735 22658
BUY 58 11948 3058
BUY 49 7604 849
BUY 37 4147 9137
BUY 74 11037 774
BUY 93 16640 9393
BUY 65 15115 4865
BUY 30 13115 20430
BUY 49 12377 3949
BUY 92 14024 392
BUY 3 16332 8203
BUY 44 17115 15644
BUY 64 9530 1664
BUY 87 16114 16087
BUY 6 19586 5806
BUY 3 5495 13303
BUY 53 8729 24453
BUY 78 18444 20378
BUY 7 5255 9007
BUY 8 16709 14708
BUY 85 18242 6585
BUY 37 11938 8137
BUY 75 14104 19475
BUY 65 18571 1765
BUY 80 13553 8380
BUY 77 15939 24577
BUY 68 5137 2768
BUY 24 11145 17524
BUY 60 10623 22260
BUY 57 5194 25357
BUY 57 11068 20957
BUY 14 15505 18414
BUY 67 1627 10867
BUY 35 63 5335
BUY 4 14498 2604
BUY 92 19201 15792
BUY 34 16419 1934
BUY 63 12534 23663
BUY 95 17272 14895
BUY 83 8174 24083
BUY 6 17982 13206
BUY 5 5798 10205
BUY 53 4250 22453
BUY 27 18845 21427
BUY 37 12531 2437
BUY 11 18641 25411
BUY 14 19664 7014
BUY 52 13643 24152
BUY 3 7326 24603
BUY 1 1468 2601
BUY 90 644 21490
BUY 40 17188 13140
BUY 46 13588 4246
BUY 7 16928 4707
BUY 59 11179 6359
BUY 89 8552 19289
BUY 11 18982 2411
BUY 56 12496 2756
BUY 88 12562 8688
BUY 31 11369 3431
BUY 28 19789 3728
BUY 78 9126 4378
BUY 26 18407 10026
BUY 50 603 24550
BUY 29 11203 22229
BUY 49 5828 23649
BUY 53 13449 3253
BUY 23 1791 5423
BUY 30 5725 16830
BUY 69 18998 8369
BUY 48 6748 22148
BUY 99 10646 10499
BUY 70 12190 25370
BUY 28 2043 17528
BUY 11 10553 311
BUY 63 10286 18863
BUY 57 16106 10657
BUY 21 12007 17321
BUY 82 12044 13182
BUY 17 14143 9817
BUY 9 14626 11409
BUY 57 15174 20857
BUY 45 5976 21245
BUY 53 319 19753
BUY 81 7139 1781
BUY 62 16975 24062
BUY 93 12398 4493
BUY 23 13152 22923
BUY 97 11181 14397
BUY 50 1977 4450
BUY 97 17356 9697
BUY 77 18596 24377
BUY 12 6375 14912
BUY 50 2868 5950
BUY 94 17728 11994
BUY 85 5918 10785
BUY 43 19804 15843
BUY 38 10394 12138
BUY 29 18366 129
BUY 39 13765 6339
BUY 26 16374 15726
BUY 30 16560 12330
BUY 75 18600 13875
BUY 6 19391 11806
BUY 47 1186 21247
BUY 66 16878 7066
BUY 21 5173 19121
BUY 80 16717 4680
BUY 10 3121 11810
BUY 50 3817 3350
BUY 56 2610 9456
BUY 21 16032 18821
BUY 12 753 7412
BUY 88 8677 25388
BUY 59 15711 1159
BUY 86 2204 14686
BUY 86 15006 23486
BUY 5 14657 6605
BUY 40 14143 12040
BUY 81 6980 1081
BUY 40 11992 5740
BUY 27 11627 20227
BUY 86 8662 7286
BUY 64 8324 25664
BUY 76 6218 17876
BUY 53 12664 3753
BUY 60 3480 5060
BUY 58 5255 13158
BUY 12 11165 25312
BUY 28 11700 228
BUY 75 10239 12675
BUY 35 17058 5235
BUY 53 15759 10453
BUY 9 6406 16009
BUY 23 11152 6123
BUY 97 17166 5297
BUY 12 3466 7112
BUY 42 9940 10942
BUY 40 5096 13840
BUY 30 4276 13830
BUY 79 2095 19079
BUY 19 15689 16219
BUY 43 7614 8143
BUY 96 8662 12596
BUY 32 18584 5832
BUY 26 7176 22126
BUY 83 11681 16083
BUY 42 11500 23142
BUY 62 9611 7162
BUY 0 4276 10700
BUY 19 2308 12219
BUY 24 7511 2424
BUY 93 16374 5093
BUY 88 53 18588
BUY 48 11118 8248
BUY 31 3466 17931
BUY 26 11369 1326
BUY 80 14115 12780
BUY 25 5800 3325
BUY 88 3933 17688
BUY 75 13905 23475
BUY 94 16541 8594
BUY 98 17135 6498
BUY 25 14530 7325
BUY 46 14307 2746
BUY 5 15109 17705
BUY 63 17472 24763
BUY 48 2787 6748
BUY 13 823 813
BUY 16 1864 10316
BUY 58 12262 16658
BUY 22 2288 9222
BUY 93 7618 6893
BUY 64 15306 17264
BUY 46 5514 16846
BUY 82 12262 15982
BUY 60 7757 2660
BUY 17 4950 9417
BUY 89 65 3789
BUY 68 19435 21168
BUY 73 8832 17373
BUY 22 7604 11722
BUY 58 4670 7958
BUY 90 8598 17890
BUY 18 17069 13118
BUY 82 18375 15382
BUY 39 19508 6139
BUY 88 7301 20788
BUY 67 509 19267
BUY 61 9997 15261
BUY 45 18112 3745
BUY 35 6965 25535
BUY 97 10134 4397
BUY 63 10134 12663
BUY 34 6368 13734
BUY 2 8662 502
BUY 15 10338 23315
BUY 32 17246 2932
BUY 6 18131 16706
BUY 62 15024 16862
BUY 55 2892 9455
BUY 80 8952 18780
BUY 10 8584 1010
BUY 3 3284 9803
BUY 28 934 1328
BUY 87 15100 15687
BUY 65 15419 565
BUY 65 457 14765
BUY 44 2959 1644
BUY 52 16640 18152
BUY 64 4999 18864
BUY 2 8275 18802
BUY 29 15338 229
BUY 6 553 4006
BUY 71 8105 20771
BUY 73 11647 9373
BUY 52 1487 3752
BUY 73 127 10173
BUY 79 5392 12979
BUY 55 18112 14555
BUY 7 7162 15607
BUY 19 18223 14819
BUY 15 19440 21215
BUY 59 19168 19359
BUY 18 6930 22818
BUY 25 4197 5025
BUY 17 2245 7317
BUY 39 17903 23939
BUY 20 19402 25220
BUY 6 16028 7506
BUY 55 16308 13255
BUY 84 11118 2784
BUY 51 14923 18551
BUY 20 18774 22620
BUY 77 17394 2777
BUY 24 16696 17624
BUY 20 830 5820
BUY 32 6689 6432
BUY 89 53 13689
BUY 11 18444 1611
BUY 67 4454 9567
BUY 40 15545 13440
BUY 11 10959 4411
BUY 13 4302 6713
BUY 44 6689 5244
BUY 28 8414 18928
BUY 60 16640 1460
BUY 47 1606 11047
BUY 67 16127 12067
BUY 47 13980 16547
BUY 71 19530 18871
BUY 99 11118 2399
BUY 34 16832 20834
BUY 84 4789 4584
BUY 40 16139 20340
BUY 6 7223 3706
BUY 60 5459 9660
BUY 37 11152 19337
BUY 23 16114 2523
BUY 85 16958 2185
BUY 4 8105 14604
BUY 51 5397 24951
BUY 17 18184 17317
BUY 73 6682 21373
BUY 20 8252 6620
BUY 94 1544 13994
BUY 53 19887 13453
BUY 62 2043 5262
BUY 85 19736 18085
BUY 62 2787 7062
BUY 20 6577 13220
BUY 81 11666 2381
BUY 73 19530 19573
BUY 17 16560 20017
BUY 54 499 4554
BUY 54 2382 17554
BUY 89 13493 2489
BUY 91 18982 1591
BUY 36 14585 13136
BUY 46 13459 19946
BUY 70 18366 12870
BUY 61 3009 4561
BUY 0 3741 24200
BUY 72 6769 15272
BUY 5 898 11505
BUY 32 12542 7832
BUY 10 17010 25010
BUY 43 17314 243
BUY 88 15591 2088
BUY 42 11317 2542
BUY 71 18841 10371
BUY 80 7884 5480
BUY 78 16935 6978
BUY 40 6414 19740
BUY 36 3516 18236
BUY 18 392 17418
BUY 88 4331 16788
BUY 57 11071 20657
BUY 33 10885 2633
BUY 54 2779 18254
BUY 46 6607 12546
BUY 62 13009 16262
BUY 26 10229 24026
BUY 19 13447 11119
BUY 99 5780 20099
BUY 15 19828 2515
BUY 95 13845 19895
BUY 42 8880 12742
BUY 2 17578 3902
BUY 78 13800 17778
BUY 18 12378 7618
BUY 88 18741 24688
BUY 2 5311 25302
BUY 96 16648 22296
BUY 43 4613 13143
BUY 82 14373 12782
BUY 10 499 11110
BUY 12 17341 11512
BUY 24 2204 20224
BUY 26 6752 4226
BUY 87 779 23287
BUY 3 13736 403
BUY 99 16805 25799
BUY 95 2774 22795
BUY 83 12237 22283
BUY 40 3990 10140
BUY 11 12738 12011
BUY 29 13009 729
BUY 23 18489 17923
BUY 75 6891 21475
BUY 74 18968 5274
BUY 78 5852 24978
BUY 31 19479 17031
BUY 72 5775 7072
BUY 25 14837 21025
BUY 67 1386 15367
BUY 31 5296 10231
BUY 55 6375 11355
BUY 58 1553 10358
BUY 37 13367 10237
BUY 17 16280 13017
BUY 84 3548 22084
BUY 51 1116 11651
BUY 20 14926 1420
BUY 68 11293 11268
BUY 15 7911 2815
BUY 73 127 14973
BUY 30 7820 13230
BUY 16 14501 17416
BUY 3 2066 10503
BUY 64 3060 19964
BUY 60 9940 6060
BUY 71 2373 3271
BUY 81 11666 1381
BUY 27 10176 2927
BUY 61 5837 21361
BUY 46 17387 1546
BUY 43 13948 4743
BUY 30 2868 13730
BUY 2 6876 18902
BUY 39 5510 16039
BUY 50 14530 16150
BUY 8 13760 5308
BUY 32 13962 18132
BUY 51 17526 11951
BUY 94 13756 16294
BUY 57 6980 3457
BUY 17 10519 14617
BUY 49 16814 1949
BUY 83 8105 16883
BUY 93 13760 4293
BUY 74 19602 10274
BUY 40 2892 16240
BUY 92 17341 9292
BUY 64 2058 8864
BUY 49 1792 18649
BUY 55 13553 5055
BUY 2 3511 10302
BUY 2 19609 25102
BUY 68 4999 16268
BUY 85 1417 22985
BUY 75 4987 23675
BUY 47 11833 24547
BUY 71 7084 2171
BUY 32 1379 18632
BUY 29 1636 22729
BUY 29 2649 14129
BUY 96 16876 23096
BUY 31 3354 9131
BUY 40 14793 7540
BUY 88 19017 13788
BUY 22 12893 21222
BUY 55 12219 8855
BUY 47 4433 15447
BUY 17 17314 15417
BUY 10 6414 8010
BUY 98 13207 12998
BUY 22 14498 10422
BUY 39 17058 14939
BUY 96 5595 24896
BUY 5 15069 11805
BUY 64 14873 8764
BUY 23 12562 9523
BUY 31 11343 3131
BUY 83 18044 21183
BUY 18 13588 5418
BUY 32 7884 17032
BUY 48 9743 2948
BUY 3 5609 14203
BUY 10 16121 9010
BUY 33 16814 14233
BUY 61 5593 22661
BUY 90 7089 21590
BUY 1 9267 25501
BUY 34 2655 17134
BUY 72 19239 7972
BUY 21 7884 121
BUY 44 17675 6844
BUY 95 8552 17195
BUY 98 11707 22498
BUY 25 6734 15225
BUY 29 13520 8729
BUY 99 15096 22099
BUY 65 9132 23765
BUY 55 16619 12755
BUY 70 14877 16770
BUY 76 19903 16676
BUY 3 934 4003
BUY 12 19866 19312
BUY 91 13449 4291
BUY 47 2803 17147
BUY 45 16320 11545
BUY 8 11369 6408
BUY 53 7738 17353
BUY 6 14291 12806
BUY 50 3743 250
BUY 28 11845 19928
BUY 81 3447 23581
BUY 3 1943 17603
BUY 82 319 16982
BUY 36 12586 12036
BUY 53 14024 4653
BUY 40 7658 18640
BUY 17 9602 10717
BUY 54 11671 1054
BUY 72 19408 2972
BUY 62 927 20962
BUY 14 7301 814
BUY 29 5569 21529
BUY 81 101 20481
BUY 31 1841 5431
BUY 18 3894 15018
BUY 39 11118 12839
BUY 2 16133 20802
BUY 66 18277 25466
BUY 11 18471 711
BUY 64 6744 14664
BUY 9 16814 18409
BUY 69 2531 1669
BUY 88 2382 8988
BUY 23 9496 22823
BUY 12 16098 23312
BUY 31 11391 3531
BUY 86 6840 17686
BUY 41 9250 19841
BUY 58 1978 4258
BUY 53 2521 10653
BUY 34 16494 14434
BUY 43 12398 11643
BUY 10 9768 22910
BUY 27 3622 15927
BUY 22 9017 22422
BUY 89 14500 4189
BUY 46 18375 19246
BUY 77 12637 5677
BUY 89 10595 21489
BUY 33 19598 16633
BUY 70 10774 470
BUY 32 13185 14232
BUY 30 17069 2830
BUY 10 14530 15810
BUY 49 18492 149
BUY 29 1217 14929
BUY 56 15727 15856
BUY 94 12113 12094
BUY 31 8697 19231
BUY 84 11048 5984
BUY 74 6734 9674
BUY 77 13157 10977
BUY 11 5422 21511
BUY 98 17275 15898
BUY 63 6554 24163
BUY 49 11143 10049
BUY 6 10243 7306
BUY 40 3018 12740
BUY 67 8383 10267
BUY 14 14168 13914
BUY 99 7373 1599
BUY 59 14331 7659
BUY 32 11152 14532
BUY 40 16572 8240
BUY 59 9671 7459
BUY 90 10009 3290
BUY 84 14498 17284
BUY 52 553 6552
BUY 67 10243 12267
BUY 76 12377 1976
BUY 17 17433 7117
BUY 31 156 6931
BUY 36 11223 17336
BUY 87 865 10087
BUY 93 2342 16093
BUY 29 11525 3329
BUY 92 17356 11392
BUY 1 18160 13401
BUY 54 4999 8254
BUY 28 7801 3328
BUY 7 9472 25007
BUY 6 18242 18606
BUY 96 8501 13096
BUY 43 15029 2443
BUY 13 15550 22713
BUY 11 6470 11111
BUY 85 2564 1685
BUY 72 19828 5372
BUY 61 15705 25361
BUY 34 17305 9634
BUY 63 15635 25263
BUY 87 18366 20287
BUY 24 16309 20424
BUY 36 4687 836
BUY 13 14348 11213
BUY 70 9986 3770
BUY 1 16541 11001
BUY 20 18027 23520
BUY 98 14915 19398
BUY 1 5296 20201
BUY 43 12773 18843
BUY 42 4286 5242
BUY 82 16890 17382
BUY 39 12664 14539
BUY 2 11772 7202
BUY 27 10948 9827
BUY 48 17344 5948
BUY 97 12903 18897
BUY 11 16374 4511
BUY 83 8414 10583
BUY 92 19189 10992
BUY 83 13479 10483
BUY 99 18562 12399
BUY 71 6767 21571
BUY 49 10227 18949
BUY 42 8281 25142
BUY 23 8222 7123
BUY 98 18255 11798
BUY 13 9103 14413
BUY 69 15806 8769
BUY 96 156 17996
BUY 61 15752 861
BUY 70 14143 10570
BUY 26 13520 19726
BUY 17 1536 5317
BUY 0 17446 24100
BUY 15 8251 16215
BUY 41 17097 3141
BUY 58 12603 7458
BUY 86 16028 8786
BUY 27 14212 25327
BUY 70 15284 7070
BUY 67 9986 167
BUY 69 15500 19169
BUY 81 8781 6281
BUY 15 4482 20315
BUY 12 2184 12112
BUY 5 17579 2405
BUY 21 13765 17821
BUY 11 4059 18911
BUY 92 8251 8692
BUY 12 18584 17112
BUY 80 11414 21680
BUY 8 10227 18908
BUY 15 156 7815
BUY 70 14848 4670
BUY 98 14773 4298
BUY 26 15071 2726
BUY 63 7841 16163
BUY 93 15265 19793
BUY 85 1644 8485
BUY 24 12541 3424
BUY 31 9233 23031
BUY 71 1791 7971
BUY 66 14461 19266
BUY 25 16490 12225
BUY 65 4683 17365
BUY 87 9649 17287
BUY 20 9602 4520
BUY 90 14326 20490
BUY 91 13925 5891
BUY 29 1536 3429
BUY 1 14650 11701
BUY 40 17605 440
BUY 79 8914 25379
BUY 67 2381 25367
BUY 44 12701 25944
BUY 39 9400 4939
BUY 26 8383 14326
BUY 50 5173 20450
BUY 55 16224 5355
BUY 50 16088 8350
BUY 84 10409 8084
BUY 59 4477 959
BUY 48 9024 5248
BUY 38 17884 12338
BUY 4 8009 21104
BUY 99 1691 24899
BUY 4 13449 304
BUY 83 6744 5783
BUY 93 972 19293
BUY 12 9126 7712
BUY 3 17728 5403
BUY 78 3916 6178
BUY 61 18128 24661
BUY 63 5775 2163
BUY 17 8832 8917
BUY 34 13498 24234
BUY 67 7989 11967
BUY 11 12332 17811
BUY 89 1792 11089
BUY 84 16308 12884
BUY 26 16890 14226
BUY 38 13800 13738
BUY 25 10394 15725
BUY 6 11053 25906
BUY 62 7852 562
BUY 53 2392 6253
BUY 94 6876 18594
BUY 70 1644 15570
BUY 14 15115 20214
BUY 57 12986 7057
BUY 76 14070 16976
BUY 53 10255 7853
BUY 26 11984 12826
BUY 71 9969 19671
BUY 57 4229 16357
BUY 47 2833 17047
BUY 54 16419 16354
BUY 72 8552 15472
BUY 74 11869 22174
BUY 14 509 7514
BUY 39 16640 17439
BUY 8 10089 8008
BUY 37 6983 10637
BUY 18 8383 7518
BUY 22 6312 19622
BUY 24 11614 18024
BUY 2 11482 20602
BUY 38 11881 16638
BUY 47 9014 6547
BUY 68 6614 25768
BUY 12 12113 6512
BUY 84 4477 14684
BUY 51 10885 19151
BUY 35 3018 20235
BUY 64 3354 19064
BUY 94 5052 21494
BUY 58 10885 12958
BUY 66 17149 20666
BUY 94 3369 22294
BUY 34 3092 22234
BUY 65 11651 3565
BUY 52 16332 1652
BUY 90 11391 14390
BUY 72 10009 1372
BUY 52 17404 7952
BUY 75 18046 3575
BUY 63 13925 17763
BUY 78 7348 16878
BUY 2 1989 22602
BUY 88 5296 6188
BUY 79 17166 18979
BUY 55 15617 15655
BUY 19 509 8819
BUY 56 15306 17756
BUY 42 1062 24742
BUY 22 5366 12522
BUY 67 4838 9267
BUY 41 7619 13741
BUY 4 15727 16304
BUY 41 16309 12741
BUY 95 15040 23395
BUY 44 19833 25044
BUY 51 17314 16651
BUY 95 15674 9695
BUY 82 11369 482
BUY 37 13563 12237
BUY 13 10959 14713
BUY 85 2564 2685
BUY 93 2586 3493
BUY 95 8598 4995
BUY 59 3923 25559
BUY 20 13563 13520
BUY 78 10507 24578
BUY 56 17728 17156
BUY 39 4838 1039
BUY 54 9829 8454
BUY 6 13296 25506
BUY 10 19778 9410
BUY 6 7473 18806
BUY 10 16490 20510
BUY 64 18159 7764
BUY 21 12288 25921
BUY 56 11690 17056
BUY 76 8817 14076
BUY 86 9149 22986
BUY 37 17579 2937
BUY 71 13992 23571
BUY 96 13459 2796
BUY 84 17145 18284
BUY 68 2245 2268
BUY 97 2349 11997
BUY 34 16051 21034
BUY 13 14271 11113
BUY 28 11779 24728
BUY 45 10774 12645
BUY 3 10286 4603
BUY 58 16890 5658
BUY 13 17394 19813
BUY 50 11116 16050
BUY 14 6470 14614
BUY 64 9042 24064
BUY 79 11132 23879
BUY 89 15593 22089
BUY 25 19653 20725
BUY 3 19420 8803
BUY 15 11671 6415
BUY 72 12272 2172
BUY 45 19887 2645
BUY 82 13207 1882
BUY 88 13094 22888
BUY 96 3817 16996
BUY 29 15560 12129
BUY 80 10336 14880
BUY 93 11293 3093
BUY 21 17789 7321
BUY 9 2649 15309
BUY 43 8952 16043
BUY 46 319 16146
BUY 23 3598 19323
BUY 51 18953 351
BUY 87 19681 10187
BUY 47 17633 25747
BUY 81 8203 24581
BUY 21 14326 9721
BUY 47 13023 23147
BUY 35 4229 16135
BUY 99 19816 25599
BUY 32 5348 10632
BUY 50 4244 16650
BUY 68 13005 2568
BUY 70 13709 19670
BUY 90 16224 3190
BUY 18 3883 20918
BUY 52 14955 23052
BUY 14 19452 4714
BUY 44 24 3944
BUY 47 8598 6647
BUY 23 1990 20323
BUY 64 17504 9464
BUY 17 12531 5517
BUY 41 3354 7941
BUY 8 11734 6108
BUY 96 19704 22796
BUY 80 4229 5880
BUY 57 18492 57
BUY 89 11497 3589
BUY 60 11106 23360
BUY 93 1116 6193
BUY 89 2792 389
BUY 78 19795 12178
BUY 40 4123 19140
BUY 9 8045 14309
BUY 79 13735 779
BUY 15 16374 9615
BUY 73 16958 4373
BUY 86 4296 20086
BUY 9 3894 2209
BUY 31 1312 23431
BUY 48 13545 3348
BUY 8 19074 23608
BUY 53 3185 10753
BUY 93 15882 13393
BUY 58 14025 23958
BUY 97 6978 23797
BUY 20 11734 7720
BUY 35 3017 22935
BUY 43 17115 19343
BUY 88 14086 5988
BUY 71 10645 3771
BUY 65 14890 9165
BUY 3 14406 23203
BUY 58 17387 8058
BUY 92 7301 11292
BUY 62 374 14162
BUY 13 10948 10013
BUY 85 18005 2885
BUY 22 7680 24622
BUY 85 374 3985
BUY 65 2521 9965
BUY 35 19251 1335
BUY 9 11984 17209
BUY 17 10176 5617
BUY 44 16280 7944
BUY 75 9866 10375
BUY 92 15932 21792
BUY 31 9441 25031
BUY 31 18047 20831
BUY 49 13409 13949
BUY 18 4418 25618
BUY 31 12558 11831
BUY 58 6260 22358
BUY 68 15071 10468
BUY 26 11772 18726
BUY 68 5064 20068
BUY 39 19530 14039
BUY 49 10909 349
BUY 34 10423 2434
BUY 86 8105 2686
BUY 50 6918 22450
BUY 26 63 6926
BUY 11 19761 16711
BUY 72 4179 23372
BUY 17 2341 21317
BUY 83 18427 24483
BUY 34 13930 19934
BUY 63 16633 19563
BUY 92 16878 4192
BUY 90 12773 17490
BUY 55 11992 19455
BUY 26 1906 25026
BUY 64 15752 20764
BUY 3 5209 11103
BUY 31 13292 1831
BUY 16 6718 12416
BUY 85 5209 10085
BUY 0 19201 13500
BUY 67 16068 21167
BUY 72 1104 8672
BUY 42 19671 23842
BUY 60 2792 14460
BUY 38 17051 21038
BUY 90 10700 23590
BUY 30 16923 23430
BUY 94 15560 17594
BUY 62 17275 16562
BUY 65 10134 13365
BUY 74 4286 17074
BUY 92 10909 2092
BUY 58 7400 8658
BUY 54 2066 3954
BUY 94 4734 6294
BUY 42 19017 20542
BUY 64 9785 3064
BUY 36 4613 2336
BUY 74 11317 3274
BUY 42 1063 24942
BUY 79 5780 13779
BUY 27 16379 21827
BUY 57 8420 21057
BUY 77 13005 2677
BUY 14 18968 1914
BUY 73 2586 16873
BUY 72 9880 25872
BUY 7 6061 1607
BUY 50 4386 25750
BUY 61 7286 23961
BUY 96 8222 6496
BUY 57 6167 25857
BUY 85 18074 15985
BUY 16 11690 19916
BUY 7 16320 8007
BUY 65 372 18565
BUY 45 3379 18845
BUY 25 15837 23725
BUY 43 497 14043
BUY 41 13005 19341
BUY 77 3284 14777
BUY 75 1646 7275
BUY 22 2655 19522
BUY 80 15494 23480
BUY 34 3214 8134
BUY 61 5798 8861
BUY 0 11469 24600
BUY 83 19800 25283
BUY 31 8662 4031
BUY 85 8222 11285
BUY 56 10044 8856
BUY 44 7249 5344
BUY 19 17344 19919
BUY 63 18018 6963
BUY 67 8539 8967
BUY 93 11181 2893
BUY 0 12854 23000
BUY 30 18159 16130
BUY 71 5064 8771
BUY 95 18288 10295
BUY 63 16028 10463
BUY 52 4477 15652
BUY 39 1229 16139
BUY 2 2172 12202
BUY 33 17448 14933
BUY 32 19681 4132
BUY 86 3354 14586
BUY 25 2792 12625
BUY 84 12959 8584
BUY 75 17464 24475
BUY 65 1792 9065
BUY 54 6414 17454
BUY 84 1644 7584
BUY 46 127 6646
BUY 93 4838 14493
BUY 87 797 12887
BUY 15 16431 22115
BUY 61 10009 5761
BUY 2 14811 2902
BUY 29 1468 5529
BUY 89 4999 3889
BUY 81 19349 19881
BUY 22 19758 21722
BUY 15 18090 21315
BUY 78 9040 21578
BUY 49 7884 16349
BUY 86 17908 24086
BUY 53 16267 21753
BUY 35 5533 5735
BUY 44 1379 8444
BUY 23 7168 18623
BUY 20 14086 9420
BUY 42 2245 13942
BUY 71 8812 20471
BUY 92 19352 22492
BUY 12 4665 22312
BUY 76 17535 19276
BUY 32 17404 8432
BUY 17 3005 22817
BUY 2 17688 23002
BUY 95 392 10395
BUY 25 2495 22725
BUY 45 16572 5945
BUY 50 5947 5250
BUY 14 10806 24114
BUY 81 16802 1181
BUY 21 11563 24421
BUY 68 2308 15968
BUY 73 1864 5973
BUY 4 16928 16004
BUY 96 13709 16096
BUY 90 6372 14890
BUY 93 14733 19693
BUY 18 8123 5918
BUY 87 1990 19287
BUY 38 5821 7538
BUY 54 18444 14954
BUY 39 18923 24039
BUY 78 10323 19878
BUY 96 12044 4196
BUY 59 5576 4959
BUY 47 16128 7547
BUY 66 8592 21366
BUY 20 17437 21220
BUY 13 12542 13
BUY 80 15025 25580
BUY 83 5775 18383
BUY 80 2308 4780
BUY 6 5510 5006
BUY 74 17236 24774
BUY 34 12662 134
BUY 59 16034 10459
BUY 91 13449 1291
BUY 86 19653 3986
BUY 40 3121 240
BUY 86 6876 2086
BUY 21 12558 6321
BUY 49 16374 8949
BUY 11 2308 6411
BUY 48 4904 19348
BUY 3 17779 23703
BUY 80 15711 12480
BUY 26 10044 16926
BUY 69 17213 7469
BUY 27 17536 1827
BUY 72 19071 16172
BUY 18 6314 6218
BUY 89 18600 9989
BUY 81 14076 481
BUY 43 5459 20343
BUY 58 12814 20958
BUY 32 19586 8832
BUY 74 2705 22574
BUY 12 15244 12412
BUY 64 14471 7064
BUY 52 3197 7252
BUY 87 5392 17087
BUY 80 17526 7580
BUY 0 6174 23200
BUY 16 6312 2716
BUY 53 4663 14053
BUY 87 14923 2287
BUY 96 17097 19996
BUY 46 13409 3146
BUY 59 15784 25759
BUY 0 12879 3600
BUY 36 10243 16936
BUY 88 13571 21788
BUY 28 2693 16128
BUY 6 18375 15806
BUY 91 5725 13491
BUY 95 5308 16795
BUY 98 17775 23598
BUY 59 17634 3559
BUY 69 19251 12769
BUY 93 12954 18993
BUY 31 12108 5631
BUY 89 13414 23989
BUY 45 16696 11145
BUY 0 17563 2800
BUY 85 3505 7885
BUY 20 11802 5620
BUY 78 15882 3278
BUY 94 4033 9994
BUY 1 10434 20001
BUY 52 2816 19052
BUY 1 15505 18101
BUY 88 10807 24588
BUY 96 2586 19296
BUY 98 15591 7098
BUY 12 8222 712
BUY 83 5091 23783
BUY 70 18059 15870
BUY 4 11118 15604
BUY 69 6595 18069
BUY 76 15556 7576
BUY 72 5657 17372
BUY 87 10762 17687
BUY 9 457 7709
BUY 65 13834 13965
BUY 1 19769 8301
BUY 2 13074 17402
BUY 72 5793 21372
BUY 81 13567 17081
BUY 37 8132 4037
BUY 49 19903 14349
BUY 31 4789 1031
BUY 95 7619 5195
BUY 2 16490 1902
BUY 75 5082 25575
BUY 96 15245 3696
BUY 93 10646 19193
BUY 43 17557 21743
BUY 42 17060 3142
BUY 6 18456 20906
BUY 34 13760 15034
BUY 7 3284 18607
BUY 15 8369 24215
BUY 46 3682 2846
BUY 67 5780 1667
BUY 73 3505 1873
BUY 8 13601 24708
BUY 98 4970 25298
BUY 73 14348 10673
BUY 29 18209 17529
BUY 25 12904 19825
BUY 16 2342 8416
BUY 77 8312 2177
BUY 93 16541 10593
BUY 5 3313 22905
BUY 92 19493 3492
BUY 96 11212 21296
BUY 8 4568 5208
BUY 57 6019 22657
BUY 14 11354 21714
BUY 59 11179 5059
BUY 9 14191 25009
BUY 89 19732 20189
BUY 65 12138 1565
BUY 69 5533 8069
BUY 22 12773 8922
BUY 48 19781 10248
BUY 88 16200 15388
BUY 71 846 24371
BUY 5 10423 19205
BUY 49 4999 18049
BUY 1 6667 24401
BUY 24 17408 21524
BUY 70 6314 13070
BUY 96 9004 21496
BUY 25 15222 25125
BUY 66 1487 11566
BUY 95 14433 23995
BUY 4 9357 24604
BUY 99 18937 5599
BUY 75 10081 5975
BUY 35 3981 11535
BUY 28 7967 24328
BUY 33 4302 10533
BUY 66 7614 7566
BUY 7 14523 24007
BUY 72 7711 23472
BUY 72 7879 10672
BUY 94 967 12894
BUY 67 12643 19967
BUY 84 8598 19084
BUY 81 867 12181
BUY 67 9126 15867
BUY 35 10901 24935
BUY 25 13009 3425
BUY 21 10076 11421
BUY 84 16308 16284
BUY 7 4306 10307
BUY 47 16984 14047
BUY 0 6607 1300
BUY 84 10519 2184
BUY 65 18786 23665
BUY 28 19769 528
BUY 19 17563 19519
BUY 16 8817 16416
BUY 14 10580 18814
BUY 11 15100 18611
BUY 59 15727 59
BUY 8 19711 20808
BUY 53 5459 14853
BUY 3 19932 9903
BUY 12 8874 3312
BUY 25 16863 21725
BUY 22 11627 13122
BUY 38 4302 20438
BUY 28 3522 21828
BUY 52 7094 17852
BUY 71 5947 15371
BUY 11 6372 8711
BUY 50 19064 17850
BUY 43 7879 19243
BUY 24 2204 1024
BUY 62 15324 2862
BUY 78 2953 7278
BUY 83 3516 9083
BUY 52 15727 14752
BUY 54 10902 5654
BUY 43 2655 6843
BUY 36 2959 13736
BUY 76 16958 3876
BUY 13 19932 2713
BUY 2 4904 15602
BUY 77 14002 1377
BUY 39 2648 22739
BUY 49 240 10149
BUY 52 11772 13452
BUY 27 4508 21327
BUY 9 19245 13709
BUY 21 15100 12421
BUY 52 509 19552
BUY 54 12586 4954
BUY 88 38 23888
BUY 82 17504 7182
BUY 94 12679 194
BUY 54 5296 6254
BUY 66 2308 18266
BUY 44 4276 15244
BUY 26 15306 16626
BUY 39 5944 10739
BUY 94 19602 9894
BUY 21 5520 20921
BUY 30 240 13130
BUY 49 8448 13749
BUY 37 19903 18537
BUY 85 16698 23585
BUY 79 17858 21979
BUY 31 15574 17431
BUY 35 11666 12635
BUY 42 13801 23742
BUY 20 15853 22420
BUY 61 10076 14661
BUY 48 3780 22448
BUY 29 10581 8129
BUY 26 10323 12226
BUY 55 18209 13155
BUY 56 7511 6156
BUY 73 9986 18473
BUY 28 12702 25228
BUY 51 4563 13851
BUY 76 11421 3276
BUY 93 15822 13293
BUY 77 15306 2877
BUY 91 16728 13291
BUY 98 19152 25698
BUY 10 8866 20910
BUY 8 9176 20508
BUY 67 14970 22167
BUY 71 12643 9271
BUY 35 3659 18335
BUY 60 12697 3860
BUY 66 2028 4266
BUY 84 8088 13284
BUY 5 2572 4805
BUY 28 13409 8028
BUY 85 13980 18485
BUY 31 7478 17331
BUY 70 8163 10970
BUY 75 6547 9375
BUY 4 18937 17104
BUY 24 11734 5724
BUY 25 12262 20025
BUY 85 17314 5585
BUY 39 374 15939
BUY 37 2878 22437
BUY 38 6119 21938
BUY 76 11392 6676
BUY 32 19079 24532
BUY 15 19598 18015
BUY 23 1321 7023
BUY 32 11796 1432
BUY 40 3741 25340
BUY 91 5945 25791
BUY 54 19245 1554
BUY 70 11497 11070
BUY 7 6414 12107
BUY 90 3637 10290
BUY 22 13815 24222
BUY 55 4060 14255
BUY 64 6525 2664
BUY 11 18502 21011
BUY 52 8216 252
BUY 32 12586 432
BUY 37 12879 1637
BUY 24 13962 9224
BUY 1 6218 3901
BUY 60 5603 21660
BUY 38 18431 3838
BUY 70 11241 13270
BUY 92 14763 792
BUY 37 16494 137
BUY 89 19804 17189
BUY 6 13880 21206
BUY 67 19320 10667
BUY 34 1217 14834
BUY 20 4357 19420
BUY 49 1847 10549
BUY 51 19064 9251
BUY 54 15244 2554
BUY 63 18160 20163
BUY 78 497 7478
BUY 33 10909 18833
BUY 87 19656 6887
BUY 82 13449 20082
BUY 63 8346 963
BUY 77 2373 12577
BUY 4 11497 18304
BUY 20 18600 16420
BUY 88 9511 3088
BUY 69 19865 23369
BUY 79 17938 16179
BUY 93 8204 17893
BUY 73 11116 16173
BUY 84 8216 19184
BUY 29 2803 9029
BUY 2 744 22102
BUY 57 2572 8557
BUY 11 12946 22611
BUY 37 17964 12637
BUY 26 16709 2626
BUY 19 18159 13619
BUY 98 7385 1298
BUY 34 12904 16434
BUY 83 2783 23083
BUY 72 19769 18972
BUY 82 10349 7882
BUY 61 10580 7961
BUY 45 7914 7045
BUY 55 3629 6555
BUY 60 2669 23160
BUY 59 11967 8459
BUY 27 457 13127
BUY 14 6769 7714
BUY 16 18162 1316
BUY 19 18291 23219
BUY 97 14104 17997
BUY 11 12586 20311
BUY 91 2043 20691
BUY 0 3743 2300
BUY 75 12904 12375
BUY 89 2959 7289
BUY 90 1536 15090
BUY 72 2778 13472
BUY 84 17166 1184
BUY 82 3952 24282
BUY 2 7094 18702
BUY 20 11400 17820
BUY 3 10931 11403
BUY 84 14234 23484
BUY 56 18492 20356
BUY 32 3342 16232
BUY 77 15399 20077
BUY 0 3916 20100
BUY 36 4357 5736
BUY 25 16997 20325
BUY 46 19764 7946
BUY 8 9511 8808
BUY 46 1735 14846
BUY 88 4031 4388
BUY 86 16723 21786
BUY 69 5514 6869
BUY 54 5718 22954
BUY 5 2204 19605
BUY 36 14908 21036
BUY 37 19251 16737
BUY 2 14024 16002
BUY 63 9829 14463
BUY 51 156 17051
BUY 58 19610 23258
BUY 38 926 10638
BUY 23 2388 25623
BUY 91 11380 16191
BUY 59 11802 4259
BUY 64 1957 24964
BUY 28 14182 5228
BUY 40 7757 5440
BUY 91 11223 18091
BUY 28 17982 19628
BUY 82 2531 10382
BUY 92 16633 9792
BUY 22 8874 15622
BUY 21 13300 22021
BUY 8 865 20108
BUY 78 6261 11678
BUY 3 8222 5903
BUY 71 17341 16471
BUY 18 1553 6518
BUY 84 3516 17584
BUY 68 4431 23668
BUY 51 8163 151
BUY 29 11094 24529
BUY 23 5459 12523
BUY 89 13735 13389
BUY 89 7412 20989
BUY 35 2893 7335
BUY 71 7870 21171
BUY 74 9327 7874
BUY 64 3511 15764
BUY 45 11116 10345
BUY 37 7400 14637
BUY 23 16619 8123
BUY 73 19148 2673
BUY 75 10553 13675
BUY 46 14501 5446
BUY 60 3743 60
BUY 87 18209 9487
BUY 97 4734 297
BUY 60 7370 22060
BUY 72 19980 14172
BUY 49 15324 8349
BUY 28 12679 3828
BUY 40 10227 1240
BUY 58 11343 12258
BUY 97 16309 18497
BUY 94 11772 15294
BUY 34 13787 10534
BUY 30 12738 12230
BUY 13 16254 22413
BUY 87 2531 12387
BUY 20 16708 21320
BUY 59 10289 8859
BUY 44 18048 19044
BUY 58 2959 13858
BUY 22 11985 2822
BUY 67 3148 20867
BUY 28 2358 21428
BUY 16 12398 2816
BUY 24 18482 6924
BUY 27 16308 11527
BUY 93 11181 2693
BUY 61 17314 14261
BUY 86 6312 13786
BUY 4 8162 7004
BUY 33 4300 15633
BUY 43 13862 25343
BUY 23 8010 24623
BUY 76 11666 16176
BUY 81 1791 11481
BUY 72 17578 8272
BUY 26 19593 24726
BUY 65 622 15365
BUY 20 3916 17020
BUY 26 5272 21726
BUY 35 5821 18435
BUY 71 255 14671
BUY 4 6061 16404
BUY 5 11984 7405
BUY 69 14585 2069
BUY 89 2953 10389
BUY 57 9866 20257
BUY 32 6949 23632
BUY 26 10580 12726
BUY 30 6470 19830
BUY 93 372 11493
BUY 22 11700 15222
BUY 6 17563 13006
BUY 0 1289 1000
BUY 86 19602 2986
BUY 73 8762 11873
BUY 62 14515 21462
BUY 5 3516 16005
BUY 46 13447 1846
BUY 1 12531 17101
BUY 72 9649 11272
BUY 42 17771 22142
BUY 66 15250 13466
BUY 73 10931 1573
BUY 16 18584 13816
BUY 46 10227 10846
BUY 28 18160 3528
BUY 85 1553 9285
BUY 16 2501 816
BUY 23 3226 16723
BUY 53 17387 4053
BUY 3 2564 11303
BUY 68 18706 22068
BUY 46 12050 9746
BUY 22 5631 23222
BUY 62 4568 8662
BUY 27 7168 2127
BUY 2 7916 22802
BUY 93 1644 10693
BUY 86 18768 24286
BUY 94 2893 4194
BUY 49 5064 19449
BUY 70 10423 1570
BUY 16 1627 12016
BUY 97 19764 1397
BUY 25 15245 12925
BUY 36 1977 16136
BUY 65 11252 23365
BUY 82 16188 13982
BUY 93 10289 4793
BUY 5 13207 17405
BUY 81 12588 10081
BUY 25 16728 4025
BUY 97 15397 19897
BUY 12 1994 24612
BUY 64 17115 16564
BUY 9 5096 4309
BUY 57 14367 22457
BUY 84 499 13784
BUY 65 14271 3465
BUY 38 18018 10338
BUY 66 4094 23066
BUY 59 7348 4759
BUY 80 18184 3880
BUY 40 10553 11340
BUY 53 16633 20653
BUY 72 15470 21572
BUY 42 10134 17242
BUY 83 10351 24683
BUY 34 6980 19634
BUY 73 15338 9973
BUY 26 9315 14126
BUY 96 11181 7396
BUY 49 7619 1449
BUY 62 9785 10962
BUY 34 1723 22834
BUY 62 6279 11562
BUY 17 15711 13117
BUY 84 1803 21884
BUY 50 13479 12450
BUY 19 11627 18119
BUY 63 18982 19863
BUY 11 6911 17111
BUY 40 12898 4840
BUY 5 14381 21005
BUY 39 16574 23039
BUY 0 16374 10100
BUY 25 11845 4525
BUY 36 9014 15236
BUY 26 16565 23026
BUY 18 18571 10818
BUY 65 7177 15865
BUY 98 14500 13398
BUY 6 11581 21806
BUY 54 15109 3354
BUY 13 5119 9113
BUY 75 10774 15675
BUY 70 4694 24770
BUY 12 11116 8412
BUY 8 11421 2908
BUY 42 2984 18742
BUY 91 18861 24291
BUY 90 3071 19190
BUY 59 6646 5459
BUY 70 19716 13870
BUY 8 17097 17508
BUY 63 19201 16863
BUY 99 1847 8899
BUY 71 4479 25671
BUY 32 7373 11032
BUY 92 6629 21692
BUY 19 13005 17419
BUY 42 6973 14642
BUY 2 8358 24602
BUY 30 11497 20230
BUY 71 10255 8671
BUY 57 19508 10357
BUY 93 19010 21993
BUY 91 5296 5991
BUY 22 13800 19822
BUY 66 14733 8466
BUY 43 3612 21343
BUY 17 16857 8417
BUY 83 11719 25883
BUY 8 10176 10708
BUY 93 18982 13993
BUY 62 19906 11862
BUY 96 7914 10696
BUY 46 12773 13946
BUY 26 7145 10426
BUY 29 14508 2829
BUY 25 16127 10425
BUY 68 2937 25568
BUY 11 16601 22411
BUY 41 1361 22741
BUY 7 18074 10107
BUY 23 9844 10223
BUY 93 3516 5293
BUY 80 2025 21880
BUY 62 15009 25062
BUY 85 13479 3785
BUY 93 10346 2193
BUY 91 8123 6291
BUY 58 2392 10558
BUY 60 9014 6360
BUY 19 7879 2819
BUY 48 14373 3848
BUY 76 7911 20276
BUY 13 18982 19113
BUY 58 2199 5558
BUY 59 8162 1959
BUY 76 5944 16276
BUY 22 10496 23622
BUY 77 10699 24277
BUY 82 16139 20782
BUY 52 7096 25452
BUY 27 9530 12427
BUY 68 10724 24468
BUY 98 17627 13098
BUY 33 19887 14433
BUY 35 1627 17635
BUY 54 715 23654
BUY 45 14114 13545
BUY 33 4392 15333
BUY 74 6406 19074
BUY 17 9009 3717
BUY 99 15505 7599
BUY 55 2792 3055
BUY 80 8519 21180
BUY 8 3009 5108
BUY 32 13005 5332
BUY 45 4683 7645
BUY 79 19226 24779
BUY 6 11166 22506
BUY 0 2757 22200
BUY 75 16188 175
BUY 25 16231 525
BUY 85 16696 10885
BUY 52 14657 12452
BUY 30 17069 10530
BUY 80 13449 15780
BUY 62 3609 20862
BUY 20 19772 11120
BUY 75 12113 8875
BUY 80 13421 16380
BUY 9 4482 8709
BUY 63 8812 4063
BUY 52 8275 18652
BUY 51 7769 23951
BUY 43 1289 9543
BUY 74 2699 20974
BUY 62 5780 11162
BUY 7 17603 3107
BUY 60 16332 18860
BUY 45 2833 17245
BUY 62 2058 10462
BUY 16 17675 14216
BUY 52 17943 4052
BUY 5 2649 3105
BUY 27 19148 12127
BUY 3 15303 24303
BUY 53 16814 12353
BUY 45 12679 19545
BUY 14 15306 614
BUY 92 8216 20092
BUY 33 753 8533
BUY 82 3088 22082
BUY 7 3650 16007
BUY 27 6595 11627
BUY 90 12831 7390
BUY 44 15406 1544
BUY 33 7437 19933
BUY 4 18935 25204
BUY 0 17266 19600
BUY 23 3888 6423
BUY 28 11004 1128
BUY 61 12377 18861
BUY 57 12744 17257
BUY 72 4114 8072
BUY 39 17838 17939
BUY 26 8781 16726
BUY 14 12986 10414
BUY 45 4992 25445
BUY 20 8052 2720
BUY 76 18401 23976
BUY 43 11316 15743
BUY 51 6632 8451
BUY 57 7383 25757
BUY 61 455 24361
BUY 80 19239 4080
BUY 1 4687 9201
BUY 84 4568 14784
BUY 75 6443 14775
BUY 71 18953 3971
BUY 82 4649 20982
BUY 89 15591 12889
BUY 14 15029 15514
BUY 89 15806 6989
BUY 12 10349 12812
BUY 67 12457 25967
BUY 71 15399 4471
BUY 36 10931 16236
BUY 77 18105 15977
BUY 18 17984 2218
BUY 48 12050 13048
BUY 71 5947 5171
BUY 57 12007 15957
BUY 66 17071 25166
BUY 57 16127 16157
BUY 7 18785 607
BUY 98 319 6998
BUY 4 6373 4704
BUY 38 12541 8838
BUY 24 11540 18324
BUY 67 9785 18267
BUY 91 8697 991
BUY 6 11316 14406
BUY 97 9250 8197
BUY 71 10741 4971
BUY 61 621 18561
BUY 58 11316 18758
BUY 71 8661 20971
BUY 54 14114 17854
BUY 39 13843 22939
BUY 84 5055 18684
BUY 42 15109 2742
BUY 64 2043 9064
BUY 90 11985 15390
BUY 50 7738 750
BUY 93 6855 24793
BUY 6 15806 9506
BUY 9 2893 4509
BUY 21 6646 14821
BUY 95 8046 12595
BUY 72 12347 4472
BUY 61 14501 6061
BUY 75 2787 14275
BUY 34 19903 534
BUY 87 2204 19787
BUY 38 15071 8938
BUY 36 2851 16336
BUY 86 2816 9186
BUY 16 12643 10016
BUY 50 12272 17050
BUY 94 18864 10594
BUY 87 17343 24987
BUY 40 2001 22640
BUY 87 6558 24087
BUY 78 10544 22578
BUY 72 3361 20972
BUY 53 17302 21153
BUY 0 4969 4100
BUY 37 934 18937
BUY 12 2826 4012
BUY 38 9511 13338
BUY 27 5609 18827
BUY 86 11143 16586
BUY 37 18584 15237
BUY 87 10409 17387
BUY 74 6757 21874
BUY 61 10581 14061
BUY 33 18769 23933
BUY 13 16121 16613
BUY 63 8216 18763
BUY 17 9986 3617
BUY 38 12588 20538
BUY 1 17166 8701
BUY 98 19515 24698
BUY 24 10979 1124
BUY 68 18159 14268
BUY 29 13207 8829
BUY 91 9894 23391
BUY 61 10959 7161
BUY 37 2245 17437
BUY 8 11919 2508
BUY 47 4687 18747
BUY 67 6368 4867
BUY 75 16494 10475
BUY 89 19552 21189
BUY 24 15652 13124
BUY 63 1735 13863
BUY 3 6547 7203
BUY 89 15785 20489
BUY 76 5918 6076
BUY 52 10176 5852
BUY 31 17341 10331
BUY 51 8290 12551
BUY 64 6372 8964
BUY 56 11400 16156
BUY 42 4613 13642
BUY 95 19656 9195
BUY 4 509 11904
BUY 38 8407 21338
BUY 51 16320 751
BUY 12 6443 13612
BUY 21 972 17421
BUY 63 16802 20463
BUY 17 16935 11617
BUY 34 14225 19734
BUY 61 9759 21261
BUY 68 13901 25868
BUY 52 17394 11852
BUY 39 13736 11939
BUY 7 13292 14907
BUY 18 18982 518
BUY 53 10094 17853
BUY 20 2655 12920
BUY 59 13646 23059
BUY 2 5255 1802
BUY 79 12347 4879
BUY 21 7204 24121
BUY 92 19245 13492
BUY 75 5322 24575
BUY 72 19213 22472
BUY 10 16088 10
BUY 41 4646 23641
BUY 52 8803 10752
BUY 88 5096 9788
BUY 79 16088 6879
BUY 64 10707 14764
BUY 63 3888 7063
BUY 49 18278 24349
BUY 58 156 18058
BUY 99 13638 22699
BUY 17 18600 9717
BUY 99 1384 24999
BUY 6 5815 8306
BUY 39 53 19739
BUY 59 18562 6959
BUY 27 5444 22227
BUY 46 11647 2646
BUY 12 4014 21212
